sample_name,haplotype,gene,allele,allele_sequence,V-HEPTAMER,V-SPACER,V-NONAMER,V-EXON2,V-INTRON,L-PART1,V-REGION,L-PART2,allele_sequence_CIGAR,V-HEPTAMER_CIGAR,V-SPACER_CIGAR,V-NONAMER_CIGAR,V-EXON2_CIGAR,V-INTRON_CIGAR,L-PART1_CIGAR,V-REGION_CIGAR,L-PART2_CIGAR,D-3_HEPTAMER,D-3_HEPTAMER_CIGAR,D-3_SPACER,D-3_SPACER_CIGAR,D-3_NONAMER,D-3_NONAMER_CIGAR,D-REGION,D-REGION_CIGAR,D-5_HEPTAMER,D-5_HEPTAMER_CIGAR,D-5_SPACER,D-5_SPACER_CIGAR,D-5_NONAMER,D-5_NONAMER_CIGAR,J-HEPTAMER,J-HEPTAMER_CIGAR,J-SPACER,J-SPACER_CIGAR,J-NONAMER,J-NONAMER_CIGAR,J-REGION,J-REGION_CIGAR
CHM13Y_IGL_to-ref_asm20.bam,0,IGLV4-69,,AGGGTGGGTAAGAAATACCTGCAACTGTCAGCCTCAGCAGAGCTCTGGGGAGTCTGCACCATGGCTTGGACCCCACTCCTCTTCCTCACCCTCCTCCTCCACTGCACAGGTCAGGATGGCCCTCAGCACCCTGACCTCCAGCTCACTGATACCACCTCCCAAACTTATGCCAGGAATGTCCTTCCCTCTTTTCTTGACTCCAGCCGGTAATGGGTGTCTGTGTTTTCAGGGTCTCTCTCCCAGCTTGTGCTGACTCAATCGCCCTCTGCCTCTGCCTCCCTGGGAGCCTCGGTCAAGCTCACCTGCACTCTGAGCAGTGGGCACAGCAGCTACGCCATCGCATGGCATCAGCAGCAGCCAGAGAAGGGCCCTCGGTACTTGATGAAGCTTAACAGTGATGGCAGCCACAGCAAGGGGGACGGGATCCCTGATCGCTTCTCAGGCTCCAGCTCTGGGGCTGAGCGCTACCTCACCATCTCCAGCCTCCAGTCTGAGGATGAGGCTGACTATTACTGTCAGACCTGGGGCACTGGCATTCACACAGTGACACAGGCAGATGAGGAAGTGGGACAGAAACC,CACAGTG,ACACAGGCAGATGAGGAAGTGGG,ACAGAAACC,GGTCTCTCTCCCAGCTTGTGCTGACTCAATCGCCCTCTGCCTCTGCCTCCCTGGGAGCCTCGGTCAAGCTCACCTGCACTCTGAGCAGTGGGCACAGCAGCTACGCCATCGCATGGCATCAGCAGCAGCCAGAGAAGGGCCCTCGGTACTTGATGAAGCTTAACAGTGATGGCAGCCACAGCAAGGGGGACGGGATCCCTGATCGCTTCTCAGGCTCCAGCTCTGGGGCTGAGCGCTACCTCACCATCTCCAGCCTCCAGTCTGAGGATGAGGCTGACTATTACTGTCAGACCTGGGGCACTGGCATTCA,GTCAGGATGGCCCTCAGCACCCTGACCTCCAGCTCACTGATACCACCTCCCAAACTTATGCCAGGAATGTCCTTCCCTCTTTTCTTGACTCCAGCCGGTAATGGGTGTCTGTGTTTTCAG,ATGGCTTGGACCCCACTCCTCTTCCTCACCCTCCTCCTCCACTGCACAG,CAGCTTGTGCTGACTCAATCGCCCTCTGCCTCTGCCTCCCTGGGAGCCTCGGTCAAGCTCACCTGCACTCTGAGCAGTGGGCACAGCAGCTACGCCATCGCATGGCATCAGCAGCAGCCAGAGAAGGGCCCTCGGTACTTGATGAAGCTTAACAGTGATGGCAGCCACAGCAAGGGGGACGGGATCCCTGATCGCTTCTCAGGCTCCAGCTCTGGGGCTGAGCGCTACCTCACCATCTCCAGCCTCCAGTCTGAGGATGAGGCTGACTATTACTGTCAGACCTGGGGCACTGGCATTCA,,578M,7M,23M,9M,310M,120M,49M,299M,,,,,,,,,,,,,,,,,,,,,,,
CHM13Y_IGL_to-ref_asm20.bam,0,IGLV10-54,,ATGCCCTGGGCTCTGCTCCTCCTGACCCTCCTCACTCACTCTGCAGGTGAGAGTGGACCTTACCCAGGGATCTGCACCCACCTCTGCTCCAGCTTCTCCACTCCCTGGCTCAGTGGACTCTGATCCTGCTCTCACATTCCTTTCTGTCCCCTCTACAGTGTCAGTGGTCCAGGCAGGGCTGACTCAGCCACCCTCGGTGTCCAAGGGCTTGAGACAGACCGCCACACTCACCTGCACTGGGAACAGCAACAATGTTGGCAACCAAGGAGCAGCTTGGCTGCAGCAGCACCAGGGCCACCCTCCCAAACTCCTATCCTACAGGAATAACAACCGGCCCTCAGGGATCTCAGAGAGATTCTCTGCATCCAGGTCAGGAAACACAGCCTCCCTGACCATTACTGGACTCCAGCCTGAGGACGAGGCTGACTATTACTGCTCAGCATGGGACAGCAGCCTCAGTGCTCACACAGTGCCTCAGGCCAGTGGGGAAGTGAGATAAAAACT,CACAGTG,CCTCAGGCCAGTGGGGAAGTGAG,ATAAAAACT,TGTCAGTGGTCCAGGCAGGGCTGACTCAGCCACCCTCGGTGTCCAAGGGCTTGAGACAGACCGCCACACTCACCTGCACTGGGAACAGCAACAATGTTGGCAACCAAGGAGCAGCTTGGCTGCAGCAGCACCAGGGCCACCCTCCCAAACTCCTATCCTACAGGAATAACAACCGGCCCTCAGGGATCTCAGAGAGATTCTCTGCATCCAGGTCAGGAAACACAGCCTCCCTGACCATTACTGGACTCCAGCCTGAGGACGAGGCTGACTATTACTGCTCAGCATGGGACAGCAGCCTCAGTGCTCA,GTGAGAGTGGACCTTACCCAGGGATCTGCACCCACCTCTGCTCCAGCTTCTCCACTCCCTGGCTCAGTGGACTCTGATCCTGCTCTCACATTCCTTTCTGTCCCCTCTACAG,ATGCCCTGGGCTCTGCTCCTCCTGACCCTCCTCACTCACTCTGCAG,CAGGCAGGGCTGACTCAGCCACCCTCGGTGTCCAAGGGCTTGAGACAGACCGCCACACTCACCTGCACTGGGAACAGCAACAATGTTGGCAACCAAGGAGCAGCTTGGCTGCAGCAGCACCAGGGCCACCCTCCCAAACTCCTATCCTACAGGAATAACAACCGGCCCTCAGGGATCTCAGAGAGATTCTCTGCATCCAGGTCAGGAAACACAGCCTCCCTGACCATTACTGGACTCCAGCCTGAGGACGAGGCTGACTATTACTGCTCAGCATGGGACAGCAGCCTCAGTGCTCA,,504M,7M,23M,9M,307M,112M,46M,296M,,,,,,,,,,,,,,,,,,,,,,,
CHM13Y_IGL_to-ref_asm20.bam,0,IGLV8-61,,GAGGAAAACAAACCCCAGCTGGGAAGCCTGAGAACACTTAGCCTTCATGAGTGTCCCCACCATGGCCTGGATGATGCTTCTCCTCGGACTCCTTGCTTATGGATCAGGTCAGGGGAAGGGACTCTATCCCTGGGGGACCACAGAAAACAGGGTCCAGGTTACTCTCATCCTCATGATCATAACTGTGTCTCTCCTGTTCGTTTTAGGAGTGGATTCTCAGACTGTGGTGACCCAGGAGCCATCGTTCTCAGTGTCCCCTGGAGGGACAGTCACACTCACTTGTGGCTTGAGCTCTGGCTCAGTCTCTACTAGTTACTACCCCAGCTGGTACCAGCAGACCCCAGGCCAGGCTCCACGCACGCTCATCTACAGCACAAACACTCGCTCTTCTGGGGTCCCTGATCGCTTCTCTGGCTCCATCCTTGGGAACAAAGCTGCCCTCACCATCACGGGGGCCCAGGCAGATGATGAATCTGATTATTACTGTGTGCTGTATATGGGTAGTGGCATTTCCACAGTGATTTAAACCTATGAGGAAGTGCAACTAAAACC,CACAGTG,ATTTAAACCTATGAGGAAGTGCA,ACTAAAACC,GAGTGGATTCTCAGACTGTGGTGACCCAGGAGCCATCGTTCTCAGTGTCCCCTGGAGGGACAGTCACACTCACTTGTGGCTTGAGCTCTGGCTCAGTCTCTACTAGTTACTACCCCAGCTGGTACCAGCAGACCCCAGGCCAGGCTCCACGCACGCTCATCTACAGCACAAACACTCGCTCTTCTGGGGTCCCTGATCGCTTCTCTGGCTCCATCCTTGGGAACAAAGCTGCCCTCACCATCACGGGGGCCCAGGCAGATGATGAATCTGATTATTACTGTGTGCTGTATATGGGTAGTGGCATTTC,GTCAGGGGAAGGGACTCTATCCCTGGGGGACCACAGAAAACAGGGTCCAGGTTACTCTCATCCTCATGATCATAACTGTGTCTCTCCTGTTCGTTTTAG,ATGAGTGTCCCCACCATGGCCTGGATGATGCTTCTCCTCGGACTCCTTGCTTATGGATCAG,CAGACTGTGGTGACCCAGGAGCCATCGTTCTCAGTGTCCCCTGGAGGGACAGTCACACTCACTTGTGGCTTGAGCTCTGGCTCAGTCTCTACTAGTTACTACCCCAGCTGGTACCAGCAGACCCCAGGCCAGGCTCCACGCACGCTCATCTACAGCACAAACACTCGCTCTTCTGGGGTCCCTGATCGCTTCTCTGGCTCCATCCTTGGGAACAAAGCTGCCCTCACCATCACGGGGGCCCAGGCAGATGATGAATCTGATTATTACTGTGTGCTGTATATGGGTAGTGGCATTTC,,552M,7M,23M,9M,307M,99M,61M,296M,,,,,,,,,,,,,,,,,,,,,,,
CHM13Y_IGL_to-ref_asm20.bam,0,IGLV4-60,,ATGGCCTGGACCCCACTCCTCCTCCTCTTCCCTCTCCTCCTCCACTGCACAGGTCAGGAGGACCCTCAGCATCCTCATGCCCCAGCTCACTGACACCATCTCCCAAACTCATACCAGAAATGTTGTTTGCTCTTGTCCTTCCTTCAGGCCATAATGAGCGTCTCTGTTTTCAGGGTCTCTCTCCCAGCCTGTGCTGACTCAATCATCCTCTGCCTCTGCTTCCCTGGGATCCTCGGTCAAGCTCACCTGCACTCTGAGCAGTGGGCACAGTAGCTACATCATCGCATGGCATAGCAGCAGCCAGGGAAGGCCCCTCGGTACTTGATGAAGCTTGAAGGTAGTGGAAGCTACAACAAGGGGAGCGGAGTTCCTGATCGCTTCTCAGGCTCCAGCTCTGGGGCTGACTGCTACCTCACCATCTCCAACCTCCAGTCTGAGGATGAGGCTGATTATTACTGTGAGACCTGGGACAGTAACACTCACACAGTGATACAGGCAGATGAGGAAGTGGGACAAAATCC,CACAGTG,ATACAGGCAGATGAGGAAGTGGG,ACAAAATCC,GGTCTCTCTCCCAGCCTGTGCTGACTCAATCATCCTCTGCCTCTGCTTCCCTGGGATCCTCGGTCAAGCTCACCTGCACTCTGAGCAGTGGGCACAGTAGCTACATCATCGCATGGCATAGCAGCAGCCAGGGAAGGCCCCTCGGTACTTGATGAAGCTTGAAGGTAGTGGAAGCTACAACAAGGGGAGCGGAGTTCCTGATCGCTTCTCAGGCTCCAGCTCTGGGGCTGACTGCTACCTCACCATCTCCAACCTCCAGTCTGAGGATGAGGCTGATTATTACTGTGAGACCTGGGACAGTAACACTCA,GTCAGGAGGACCCTCAGCATCCTCATGCCCCAGCTCACTGACACCATCTCCCAAACTCATACCAGAAATGTTGTTTGCTCTTGTCCTTCCTTCAGGCCATAATGAGCGTCTCTGTTTTCAG,ATGGCCTGGACCCCACTCCTCCTCCTCTTCCCTCTCCTCCTCCACTGCACAG,CAGCCTGTGCTGACTCAATCATCCTCTGCCTCTGCTTCCCTGGGATCCTCGGTCAAGCTCACCTGCACTCTGAGCAGTGGGCACAGTAGCTACATCATCGCATGGCATAGCAGCAGCCAGGGAAGGCCCCTCGGTACTTGATGAAGCTTGAAGGTAGTGGAAGCTACAACAAGGGGAGCGGAGTTCCTGATCGCTTCTCAGGCTCCAGCTCTGGGGCTGACTGCTACCTCACCATCTCCAACCTCCAGTCTGAGGATGAGGCTGATTATTACTGTGAGACCTGGGACAGTAACACTCA,,292M1D229M,7M,23M,9M,119M1D190M,121M,52M,108M1D190M,,,,,,,,,,,,,,,,,,,,,,,
CHM13Y_IGL_to-ref_asm20.bam,0,IGLV6-57,,ATGGCCTGGGCTCCACTACTTCTCACCCTCCTCGCTCACTGCACAGGTGGCTGCCTGCAAGGAATTCAGGGAGCGTTCCTGGATGTCACCTGGGCTGATGATCTGTTCCTCCTGCCTGGGAACCAGTCTTCATCTCTCCCCACTGATCTCTGTGTTGCTCTCTTCTTGCAGGTTCTTGGGCCAATTTTATGCTGACTCAGCCCCACTCTGTGTCGGAGTCTCCGGGGAAGACGGTAACCATCTCCTGCACCGGCAGCAGTGGCAGCATTGCCAGCAACTATGTGCAGTGGTACCAGCAGCGCCCGGGCAGTGCCCCCACCACTGTGATCTATGAGGATAACCAAAGACCCTCTGGGGTCCCTGATCGGTTCTCTGGCTCCATCGACAGCTCCTCCAACTCTGCCTCCCTCACCATCTCTGGACTGAAGACTGAGGACGAGGCTGACTACTACTGTCAGTCTTATGATAGCAGCAATCACACAGTGCTCCAGACCCATGGGGAAGTGAGACAGAAACT,CACAGTG,CTCCAGACCCATGGGGAAGTGAG,ACAGAAACT,GTTCTTGGGCCAATTTTATGCTGACTCAGCCCCACTCTGTGTCGGAGTCTCCGGGGAAGACGGTAACCATCTCCTGCACCGGCAGCAGTGGCAGCATTGCCAGCAACTATGTGCAGTGGTACCAGCAGCGCCCGGGCAGTGCCCCCACCACTGTGATCTATGAGGATAACCAAAGACCCTCTGGGGTCCCTGATCGGTTCTCTGGCTCCATCGACAGCTCCTCCAACTCTGCCTCCCTCACCATCTCTGGACTGAAGACTGAGGACGAGGCTGACTACTACTGTCAGTCTTATGATAGCAGCAATCA,GTGGCTGCCTGCAAGGAATTCAGGGAGCGTTCCTGGATGTCACCTGGGCTGATGATCTGTTCCTCCTGCCTGGGAACCAGTCTTCATCTCTCCCCACTGATCTCTGTGTTGCTCTCTTCTTGCAG,ATGGCCTGGGCTCCACTACTTCTCACCCTCCTCGCTCACTGCACAG,AATTTTATGCTGACTCAGCCCCACTCTGTGTCGGAGTCTCCGGGGAAGACGGTAACCATCTCCTGCACCGGCAGCAGTGGCAGCATTGCCAGCAACTATGTGCAGTGGTACCAGCAGCGCCCGGGCAGTGCCCCCACCACTGTGATCTATGAGGATAACCAAAGACCCTCTGGGGTCCCTGATCGGTTCTCTGGCTCCATCGACAGCTCCTCCAACTCTGCCTCCCTCACCATCTCTGGACTGAAGACTGAGGACGAGGCTGACTACTACTGTCAGTCTTATGATAGCAGCAATCA,,517M,7M,23M,9M,307M,125M,46M,296M,,,,,,,,,,,,,,,,,,,,,,,
CHM13Y_IGL_to-ref_asm20.bam,0,IGLV11-55,,GCTGTGTCCACTATGGCCCTGACTCCTCTCCTCCTCCTGCTCCTCTCTCACTGCACAGGTAGGGACAGGGCTCAGAGCCCAGGGTGGTCCCCAGCCTGATCTGTCCCTCATGGCTCAGATCCCTCAGCAGCTGCGCCCTGACCCTGCTCCTCACTGTGCTGTGTCTGTGTCTGCAGGTTCCCTCTCCCGGCCCGTGCTGACTCAGCCGCCCTCCCTGTCTGCATCCCCGGGAGCAACAGCCAGACTCCCCTGCACCCTGAGCAGTGACCTCAGTGTTGGTGGTAAAAACATGTTCTGGTACCAGCAGAAGCTAGGGAGCTCTCCCAGGTTATTCCTGTATCACTACTCAGACTCAGACAAGCAGCTGGGACCTGGGGTCCCCAGTCGAGTCTCTGGCTCCAAGGAGACCTCAAGTAACACAGCGTTTTTGCTCATCTCTGGGCTCCAGCCTGAGGACGAGGCCGATTATTACTGCCAGGTGTACGAAAGTAGTGCTAATCACAGTGAGACAGATGAGGAAGTCGGACAAAAACCAAGG,CACAGTG,AGACAGATGAGGAAGTCGGACAA,AAACCAAGG,GTTCCCTCTCCCGGCCCGTGCTGACTCAGCCGCCCTCCCTGTCTGCATCCCCGGGAGCAACAGCCAGACTCCCCTGCACCCTGAGCAGTGACCTCAGTGTTGGTGGTAAAAACATGTTCTGGTACCAGCAGAAGCTAGGGAGCTCTCCCAGGTTATTCCTGTATCACTACTCAGACTCAGACAAGCAGCTGGGACCTGGGGTCCCCAGTCGAGTCTCTGGCTCCAAGGAGACCTCAAGTAACACAGCGTTTTTGCTCATCTCTGGGCTCCAGCCTGAGGACGAGGCCGATTATTACTGCCAGGTGTACGAAAGTAGTGCTAAT,GTAGGGACAGGGCTCAGAGCCCAGGGTGGTCCCCAGCCTGATCTGTCCCTCATGGCTCAGATCCCTCAGCAGCTGCGCCCTGACCCTGCTCCTCACTGTGCTGTGTCTGTGTCTGCAG,ATGGCCCTGACTCCTCTCCTCCTCCTGCTCCTCTCTCACTGCACAG,CGGCCCGTGCTGACTCAGCCGCCCTCCCTGTCTGCATCCCCGGGAGCAACAGCCAGACTCCCCTGCACCCTGAGCAGTGACCTCAGTGTTGGTGGTAAAAACATGTTCTGGTACCAGCAGAAGCTAGGGAGCTCTCCCAGGTTATTCCTGTATCACTACTCAGACTCAGACAAGCAGCTGGGACCTGGGGTCCCCAGTCGAGTCTCTGGCTCCAAGGAGACCTCAAGTAACACAGCGTTTTTGCTCATCTCTGGGCTCCAGCCTGAGGACGAGGCCGATTATTACTGCCAGGTGTACGAAAGTAGTGCTAAT,,538M,7M,23M,9M,323M,118M,46M,312M,,,,,,,,,,,,,,,,,,,,,,,
CHM13Y_IGL_to-ref_asm20.bam,0,IGLV5-52,,CCACCATGGCCTGGACTCTTCTCCTTCTCGTGCTCCTCTCTCACTGCACAGGTAGGGAAAGTCCTTATAAACTGAGTCTCAGTGTCCAACCTACACCATCCCCTGTGGCTCAGACCTACAAGAAGCTTTACCCTGGGAACTGCCTTATCACCCATGATGTCTGTGTTTTCAGGTTCCCTCTCCCAGCCTGTGCTGACTCAGCCATCTTCCCATTCTGCATCTTCTGGAGCATCAGTCAGACTCACCTGCATGCTGAGCAGTGGCTTCAGTGTTGGGGACTTCTGGATAAGGTGGTACCAACAAAAGCCAGGGAACCCTCCCCGGTATCTCCTGTACTACCACTCAGACTCCAATAAGGGCCAAGGCTCTGGAGTTCCCAGCCGCTTCTCTGGATCCAACGATGCATCAGCCAATGCAGGGATTCTGCGTATCTCTGGGCTCCAGCCTGAGGATGAGGCTGACTATTACTGTGGTACATGGCACAGCAACTCTAAGACTCACACAGTGCTCCAGACCCATGAGGAAGTAAGACAAAACCC,CACAGTG,CTCCAGACCCATGAGGAAGTAAG,ACAAAACCC,GTTCCCTCTCCCAGCCTGTGCTGACTCAGCCATCTTCCCATTCTGCATCTTCTGGAGCATCAGTCAGACTCACCTGCATGCTGAGCAGTGGCTTCAGTGTTGGGGACTTCTGGATAAGGTGGTACCAACAAAAGCCAGGGAACCCTCCCCGGTATCTCCTGTACTACCACTCAGACTCCAATAAGGGCCAAGGCTCTGGAGTTCCCAGCCGCTTCTCTGGATCCAACGATGCATCAGCCAATGCAGGGATTCTGCGTATCTCTGGGCTCCAGCCTGAGGATGAGGCTGACTATTACTGTGGTACATGGCACAGCAACTCTAAGACTCA,GTAGGGAAAGTCCTTATAAACTGAGTCTCAGTGTCCAACCTACACCATCCCCTGTGGCTCAGACCTACAAGAAGCTTTACCCTGGGAACTGCCTTATCACCCATGATGTCTGTGTTTTCAG,ATGGCCTGGACTCTTCTCCTTCTCGTGCTCCTCTCTCACTGCACAG,CAGCCTGTGCTGACTCAGCCATCTTCCCATTCTGCATCTTCTGGAGCATCAGTCAGACTCACCTGCATGCTGAGCAGTGGCTTCAGTGTTGGGGACTTCTGGATAAGGTGGTACCAACAAAAGCCAGGGAACCCTCCCCGGTATCTCCTGTACTACCACTCAGACTCCAATAAGGGCCAAGGCTCTGGAGTTCCCAGCCGCTTCTCTGGATCCAACGATGCATCAGCCAATGCAGGGATTCTGCGTATCTCTGGGCTCCAGCCTGAGGATGAGGCTGACTATTACTGTGGTACATGGCACAGCAACTCTAAGACTCA,,539M,7M,23M,9M,328M,121M,46M,317M,,,,,,,,,,,,,,,,,,,,,,,
CHM13Y_IGL_to-ref_asm20.bam,0,IGLV1-51,,TGAGCGCAGAAGGCAGGACTCGGGACAATCTTCATCATGACCTGCTCCCCTCTCCTCCTCACCCTTCTCATTCACTGCACAGGTGCCCAGACACAGGGTCAGGGGAGGGGTCCAGGAAGCCCATGAGGCCCTGCTTTCTCCTCCTCTCTCTAGACCAAGAATCACCGTGTCTGTGTCTCTCCTGCTTCCAGGGTCCTGGGCCCAGTCTGTGTTGACGCAGCCGCCCTCAGTGTCTGCGGCCCCAGGACAGAAGGTCACCATCTCCTGCTCTGGAAGCAGCTCCAACATTGGGAATAATTATGTATCCTGGTACCAGCAGCTCCCAGGAACAGCCCCCAAACTCCTCATTTATGACAATAATAAGCGACCCTCAGGGATTCCTGACCGATTCTCTGGCTCCAAGTCTGGCACGTCAGCCACCCTGGGCATCACCGGACTCCAGACTGGGGACGAGGCCGATTATTACTGCGGAACATGGGATAGCAGCCTGAGTGCTGGCACAGTGCTCCAGCCCAATGGGGAACTGAGACAAGAACC,CACAGTG,CTCCAGCCCAATGGGGAACTGAG,ACAAGAACC,GGTCCTGGGCCCAGTCTGTGTTGACGCAGCCGCCCTCAGTGTCTGCGGCCCCAGGACAGAAGGTCACCATCTCCTGCTCTGGAAGCAGCTCCAACATTGGGAATAATTATGTATCCTGGTACCAGCAGCTCCCAGGAACAGCCCCCAAACTCCTCATTTATGACAATAATAAGCGACCCTCAGGGATTCCTGACCGATTCTCTGGCTCCAAGTCTGGCACGTCAGCCACCCTGGGCATCACCGGACTCCAGACTGGGGACGAGGCCGATTATTACTGCGGAACATGGGATAGCAGCCTGAGTGCTGG,GTGCCCAGACACAGGGTCAGGGGAGGGGTCCAGGAAGCCCATGAGGCCCTGCTTTCTCCTCCTCTCTCTAGACCAAGAATCACCGTGTCTGTGTCTCTCCTGCTTCCAG,ATGACCTGCTCCCCTCTCCTCCTCACCCTTCTCATTCACTGCACAG,CAGTCTGTGTTGACGCAGCCGCCCTCAGTGTCTGCGGCCCCAGGACAGAAGGTCACCATCTCCTGCTCTGGAAGCAGCTCCAACATTGGGAATAATTATGTATCCTGGTACCAGCAGCTCCCAGGAACAGCCCCCAAACTCCTCATTTATGACAATAATAAGCGACCCTCAGGGATTCCTGACCGATTCTCTGGCTCCAAGTCTGGCACGTCAGCCACCCTGGGCATCACCGGACTCCAGACTGGGGACGAGGCCGATTATTACTGCGGAACATGGGATAGCAGCCTGAGTGCTGG,,537M,7M,23M,9M,307M,109M,46M,296M,,,,,,,,,,,,,,,,,,,,,,,
CHM13Y_IGL_to-ref_asm20.bam,0,IGLV1-50,,GCTCTGCTTCAGCTGTGGGCACAGGAGGCAGCACTCAGGACAATCTCCAGCATGGCCTGGTCTCCTCTCCTCCTCACTCTCCTCGCTCACTGCACAGGTGACTGGATACAGATCGAGGGGAGGGTCCCTGGGAAGCCTATGGATTCTTGCTTTCTCCTCTTGTCTCTAGAAGCAGAATCATGATGCCTGTGTCTCTCCCACTTCCAGGGTCCTGGGCCCAGTCTGTGCTGACGCAGCCGCCCTCAGTGTCTGGGGCCCCAGGGCAGAGGGTCACCATCTCCTGCACTGGGAGCAGCTCCAACATTGGGGCGGGTTATGTTGTACATTGGTACCAGCAGCTTCCAGGAACAGCCCCCAAACTCCTCATCTATGGTAACAGCAATCGGCCCTCAGGGGTCCCTGACCAATTCTCTGGCTCCAAGTCTGGCACCTCAGCCTCCCTGGCCATCACTGGACTCCAGTCTGAGGATGAGGCTGATTATTACTGCAAAGCATGGGATAACAGCCTGAATGCTCACACAGTGCTCCAGGCCCAGGGGGAGGTGAGAGAAGAACC,CACAGTG,CTCCAGGCCCAGGGGGAGGTGAG,AGAAGAACC,GGTCCTGGGCCCAGTCTGTGCTGACGCAGCCGCCCTCAGTGTCTGGGGCCCCAGGGCAGAGGGTCACCATCTCCTGCACTGGGAGCAGCTCCAACATTGGGGCGGGTTATGTTGTACATTGGTACCAGCAGCTTCCAGGAACAGCCCCCAAACTCCTCATCTATGGTAACAGCAATCGGCCCTCAGGGGTCCCTGACCAATTCTCTGGCTCCAAGTCTGGCACCTCAGCCTCCCTGGCCATCACTGGACTCCAGTCTGAGGATGAGGCTGATTATTACTGCAAAGCATGGGATAACAGCCTGAATGCTCA,GTGACTGGATACAGATCGAGGGGAGGGTCCCTGGGAAGCCTATGGATTCTTGCTTTCTCCTCTTGTCTCTAGAAGCAGAATCATGATGCCTGTGTCTCTCCCACTTCCAG,ATGGCCTGGTCTCCTCTCCTCCTCACTCTCCTCGCTCACTGCACAG,CAGTCTGTGCTGACGCAGCCGCCCTCAGTGTCTGGGGCCCCAGGGCAGAGGGTCACCATCTCCTGCACTGGGAGCAGCTCCAACATTGGGGCGGGTTATGTTGTACATTGGTACCAGCAGCTTCCAGGAACAGCCCCCAAACTCCTCATCTATGGTAACAGCAATCGGCCCTCAGGGGTCCCTGACCAATTCTCTGGCTCCAAGTCTGGCACCTCAGCCTCCCTGGCCATCACTGGACTCCAGTCTGAGGATGAGGCTGATTATTACTGCAAAGCATGGGATAACAGCCTGAATGCTCA,,556M,7M,23M,9M,310M,110M,46M,299M,,,,,,,,,,,,,,,,,,,,,,,
CHM13Y_IGL_to-ref_asm20.bam,0,IGLV9-49,,GAGAGACTGAAGAACCCAGCATTGCAGCAGCTCCACCATGGCCTGGGCTCCTCTGCTCCTCACCCTCCTCAGTCTCCTCACAGGTCAGGGTGGGCAGTGGGCTGGGCCCCCAAAGGGACCCCCACCTCCCAGCCTCCATCTCCCCATCCCTGCTCTTCCTCCTCCAACAGCTCATCAGCCACCCACCAACAGGAGCCCTCATGGGTGTCTGTGTTTCCAGGGTCCCTCTCCCAGCCTGTGCTGACTCAGCCACCTTCTGCATCAGCCTCCCTGGGAGCCTCGGTCACACTCACCTGCACCCTGAGCAGCGGCTACAGTAATTATAAAGTGGACTGGTACCAGCAGAGACCAGGGAAGGGCCCCCGGTTTGTGATGCGAGTGGGCACTGGTGGGATTGTGGGATCCAAGGGGGATGGCATCCCTGATCGCTTCTCAGTCTTGGGCTCAGGCCTGAATCGGTACCTGACCATCAAGAACATCCAGGAAGAGGATGAGAGTGACTACCACTGTGGGGCAGACCATGGCAGTGGGAGCAACTTCGTGTAACCCACAGTGACACAGGCAGAGGGGAAGTGAGACAAAAACCT,CACAGTG,ACACAGGCAGAGGGGAAGTGAGA,CAAAAACCT,GGTCCCTCTCCCAGCCTGTGCTGACTCAGCCACCTTCTGCATCAGCCTCCCTGGGAGCCTCGGTCACACTCACCTGCACCCTGAGCAGCGGCTACAGTAATTATAAAGTGGACTGGTACCAGCAGAGACCAGGGAAGGGCCCCCGGTTTGTGATGCGAGTGGGCACTGGTGGGATTGTGGGATCCAAGGGGGATGGCATCCCTGATCGCTTCTCAGTCTTGGGCTCAGGCCTGAATCGGTACCTGACCATCAAGAACATCCAGGAAGAGGATGAGAGTGACTACCACTGTGGGGCAGACCATGGCAGTGGGAGCAACTTCGTGTAACC,GTCAGGGTGGGCAGTGGGCTGGGCCCCCAAAGGGACCCCCACCTCCCAGCCTCCATCTCCCCATCCCTGCTCTTCCTCCTCCAACAGCTCATCAGCCACCCACCAACAGGAGCCCTCATGGGTGTCTGTGTTTCCAG,ATGGCCTGGGCTCCTCTGCTCCTCACCCTCCTCAGTCTCCTCACAG,CAGCCTGTGCTGACTCAGCCACCTTCTGCATCAGCCTCCCTGGGAGCCTCGGTCACACTCACCTGCACCCTGAGCAGCGGCTACAGTAATTATAAAGTGGACTGGTACCAGCAGAGACCAGGGAAGGGCCCCCGGTTTGTGATGCGAGTGGGCACTGGTGGGATTGTGGGATCCAAGGGGGATGGCATCCCTGATCGCTTCTCAGTCTTGGGCTCAGGCCTGAATCGGTACCTGACCATCAAGAACATCCAGGAAGAGGATGAGAGTGACTACCACTGTGGGGCAGACCATGGCAGTGGGAGCAACTTCGTGTAACC,,587M,7M,23M,9M,328M,137M,46M,317M,,,,,,,,,,,,,,,,,,,,,,,
CHM13Y_IGL_to-ref_asm20.bam,0,IGLV5-48,,ATGGCCTGGAATCCTCTCCTCCTCCTGTTCCTCTCTCACTGCACAGGTAGGAAAAGGCCTCAGAGACCAGGGTCAGCCACACAGCCTGATTCTGACTCTTGTGTCAAAGATCACTAAAAAAAATATTACCTTGGTTTCTGTCTTAAAGCCTATATATGCCTGTGTTCCAGGTTCCCTCTCGCAGCCTGTGCTGACTCAGCCAACTTCCCTCTCAGCATCTCCTGGAGCATCAGCCAGACTCACCTGCACCTTGCGCAGTGGCATCAATCTTGGTAGCTACAGGATATTCTGGTACCAGCAGAAGCCAGAGAGCCCTCCCCGGTATCTCCTGAGCTACTACTCAGACTCAAGTAAGCATCAGGGCTCTGGAGTCCCCAGCCGCTTCTCTGGATCCAAAGATGCTTCGAGCAATGCAGGGATTTTAGTCATCTCTGGGCTCCAGTCTGAGGATGAGGCTGACTATTACTGTATGATTTGGCACAGCAGTGCTTCTTACAGTGACACACACAGATGGGGAAGTGGGACAAAAACT,TACAGTG,ACACACACAGATGGGGAAGTGGG,ACAAAAACT,GTTCCCTCTCGCAGCCTGTGCTGACTCAGCCAACTTCCCTCTCAGCATCTCCTGGAGCATCAGCCAGACTCACCTGCACCTTGCGCAGTGGCATCAATCTTGGTAGCTACAGGATATTCTGGTACCAGCAGAAGCCAGAGAGCCCTCCCCGGTATCTCCTGAGCTACTACTCAGACTCAAGTAAGCATCAGGGCTCTGGAGTCCCCAGCCGCTTCTCTGGATCCAAAGATGCTTCGAGCAATGCAGGGATTTTAGTCATCTCTGGGCTCCAGTCTGAGGATGAGGCTGACTATTACTGTATGATTTGGCACAGCAGTGCTTCT,GTAGGAAAAGGCCTCAGAGACCAGGGTCAGCCACACAGCCTGATTCTGACTCTTGTGTCAAAGATCACTAAAAAAAATATTACCTTGGTTTCTGTCTTAAAGCCTATATATGCCTGTGTTCCAG,ATGGCCTGGAATCCTCTCCTCCTCCTGTTCCTCTCTCACTGCACAG,CAGCCTGTGCTGACTCAGCCAACTTCCCTCTCAGCATCTCCTGGAGCATCAGCCAGACTCACCTGCACCTTGCGCAGTGGCATCAATCTTGGTAGCTACAGGATATTCTGGTACCAGCAGAAGCCAGAGAGCCCTCCCCGGTATCTCCTGAGCTACTACTCAGACTCAAGTAAGCATCAGGGCTCTGGAGTCCCCAGCCGCTTCTCTGGATCCAAAGATGCTTCGAGCAATGCAGGGATTTTAGTCATCTCTGGGCTCCAGTCTGAGGATGAGGCTGACTATTACTGTATGATTTGGCACAGCAGTGCTTCT,,164M1D368M,7M,23M,9M,323M,118M1D6M,46M,312M,,,,,,,,,,,,,,,,,,,,,,,
CHM13Y_IGL_to-ref_asm20.bam,0,IGLV1-47,,GGGGAAGCTCAGCTTCAGCTGTGGTAGAGAAGACAGGATTCAGGACAATCTCCAGCATGGCCGGCTTCCCTCTCCTCCTCACCCTCCTCACTCACTGTGCAGGTGACAGGATGGGGACCAAGAGAGGGGCCCTGGGAAGCCCATGGGGCCCTGCTTTCTCCTCTTGTCTCCTTTTGTCTCTTGTCAATCGCCATGTCTGTGTCTCTCTCACTTCCAGGGTCCTGGGCCCAGTCTGTGCTGACTCAGCCACCCTCAGCGTCTGGGACCCCCGGGCAGAGGGTCACCATCTCTTGTTCTGGAAGCAGCTCCAACATCGGAAGTAATTATGTATACTGGTACCAGCAGCTCCCAGGAACGGCCCCCAAACTCCTCATCTATAGGAATAATCAGCGGCCCTCAGGGGTCCCTGACCGATTCTCTGGCTCCAAGTCTGGCACCTCAGCCTCCCTGGCCATCAGTGGGCTCCGGTCCGAGGATGAGGCTGATTATTACTGTGCAGCATGGGATGACAGCCTGAGTGGTCCCACAGTGCTCCAGGCCCAGGGGGAACTGAGACAAGAACC,CACAGTG,CTCCAGGCCCAGGGGGAACTGAG,ACAAGAACC,GGTCCTGGGCCCAGTCTGTGCTGACTCAGCCACCCTCAGCGTCTGGGACCCCCGGGCAGAGGGTCACCATCTCTTGTTCTGGAAGCAGCTCCAACATCGGAAGTAATTATGTATACTGGTACCAGCAGCTCCCAGGAACGGCCCCCAAACTCCTCATCTATAGGAATAATCAGCGGCCCTCAGGGGTCCCTGACCGATTCTCTGGCTCCAAGTCTGGCACCTCAGCCTCCCTGGCCATCAGTGGGCTCCGGTCCGAGGATGAGGCTGATTATTACTGTGCAGCATGGGATGACAGCCTGAGTGGTCC,GTGACAGGATGGGGACCAAGAGAGGGGCCCTGGGAAGCCCATGGGGCCCTGCTTTCTCCTCTTGTCTCCTTTTGTCTCTTGTCAATCGCCATGTCTGTGTCTCTCTCACTTCCAG,ATGGCCGGCTTCCCTCTCCTCCTCACCCTCCTCACTCACTGTGCAG,CAGTCTGTGCTGACTCAGCCACCCTCAGCGTCTGGGACCCCCGGGCAGAGGGTCACCATCTCTTGTTCTGGAAGCAGCTCCAACATCGGAAGTAATTATGTATACTGGTACCAGCAGCTCCCAGGAACGGCCCCCAAACTCCTCATCTATAGGAATAATCAGCGGCCCTCAGGGGTCCCTGACCGATTCTCTGGCTCCAAGTCTGGCACCTCAGCCTCCCTGGCCATCAGTGGGCTCCGGTCCGAGGATGAGGCTGATTATTACTGTGCAGCATGGGATGACAGCCTGAGTGGTCC,,563M,7M,23M,9M,307M,115M,46M,296M,,,,,,,,,,,,,,,,,,,,,,,
CHM13Y_IGL_to-ref_asm20.bam,0,IGLV7-46,,TCTGGCACCAGGGGTCCCTTCCAATATCAGCACCATGGCCTGGACTCCTCTCTTTCTGTTCCTCCTCACTTGCTGCCCAGGTTAAGAGAGATTTCAAATACCAGCCTTTGGAGGGATCCCTTTTTCTCCCTTTCTAATTCCTAATATATGTCTGTTTTTTTGTTTCAGGGTCCAATTCCCAGGCTGTGGTGACTCAGGAGCCCTCACTGACTGTGTCCCCAGGAGGGACAGTCACTCTCACCTGTGGCTCCAGCACTGGAGCTGTCACCAGTGGTCATTATCCCTACTGGTTCCAGCAGAAGCCTGGCCAAGCCCCCAGGACACTGATTTATGATACAAGCAACAAACACTCCTGGACACCTGCCCGGTTCTCAGGCTCCCTCCTTGGGGGCAAAGCTGCCCTGACCCTTTCGGGTGCGCAGCCTGAGGATGAGGCTGAGTATTACTGCTTGCTCTCCTATAGTGGTGCTCGGCACAGTGACAGACCCATGAGAGGAACCAAGACATAAACC,CACAGTG,ACAGACCCATGAGAGGAACCAAG,ACATAAACC,GGTCCAATTCCCAGGCTGTGGTGACTCAGGAGCCCTCACTGACTGTGTCCCCAGGAGGGACAGTCACTCTCACCTGTGGCTCCAGCACTGGAGCTGTCACCAGTGGTCATTATCCCTACTGGTTCCAGCAGAAGCCTGGCCAAGCCCCCAGGACACTGATTTATGATACAAGCAACAAACACTCCTGGACACCTGCCCGGTTCTCAGGCTCCCTCCTTGGGGGCAAAGCTGCCCTGACCCTTTCGGGTGCGCAGCCTGAGGATGAGGCTGAGTATTACTGCTTGCTCTCCTATAGTGGTGCTCGG,GTTAAGAGAGATTTCAAATACCAGCCTTTGGAGGGATCCCTTTTTCTCCCTTTCTAATTCCTAATATATGTCTGTTTTTTTGTTTCAG,ATGGCCTGGACTCCTCTCTTTCTGTTCCTCCTCACTTGCTGCCCAG,CAGGCTGTGGTGACTCAGGAGCCCTCACTGACTGTGTCCCCAGGAGGGACAGTCACTCTCACCTGTGGCTCCAGCACTGGAGCTGTCACCAGTGGTCATTATCCCTACTGGTTCCAGCAGAAGCCTGGCCAAGCCCCCAGGACACTGATTTATGATACAAGCAACAAACACTCCTGGACACCTGCCCGGTTCTCAGGCTCCCTCCTTGGGGGCAAAGCTGCCCTGACCCTTTCGGGTGCGCAGCCTGAGGATGAGGCTGAGTATTACTGCTTGCTCTCCTATAGTGGTGCTCGG,,154M1D358M,7M,23M,9M,305M,74M1D14M,46M,294M,,,,,,,,,,,,,,,,,,,,,,,
CHM13Y_IGL_to-ref_asm20.bam,0,IGLV5-45,,ACTGCGGGGGTAAGAGGTTGTGTCCACCATGGCCTGGACTCCTCTCCTCCTCCTGTTCCTCTCTCACTGCACAGGTAGGAATAGACTTCAGAGACCAGGGTCAGCCACCCAGCCTGATTCTGACTCTTCTGGCAAAGATCCCTGAAAAACTTTACCCTGGTTTCTGCCTTAGCACCCATTAATGTCTGTGTTTCCAGGTTCCCTCTCGCAGGCTGTGCTGACTCAGCCGTCTTCCCTCTCTGCATCTCCTGGAGCATCAGCCAGTCTCACCTGCACCTTGCGCAGTGGCATCAATGTTGGTACCTACAGGATATACTGGTACCAGCAGAAGCCAGGGAGTCCTCCCCAGTATCTCCTGAGGTACAAATCAGACTCAGATAAGCAGCAGGGCTCTGGAGTCCCCAGCCGCTTCTCTGGATCCAAAGATGCTTCGGCCAATGCAGGGATTTTACTCATCTCTGGGCTCCAGTCTGAGGATGAGGCTGACTATTACTGTATGATTTGGCACAGCAGCGCTTCTCACAGTGACACACACAGATGGGGAAGTGGGACAAAAACC,CACAGTG,ACACACACAGATGGGGAAGTGGG,ACAAAAACC,GTTCCCTCTCGCAGGCTGTGCTGACTCAGCCGTCTTCCCTCTCTGCATCTCCTGGAGCATCAGCCAGTCTCACCTGCACCTTGCGCAGTGGCATCAATGTTGGTACCTACAGGATATACTGGTACCAGCAGAAGCCAGGGAGTCCTCCCCAGTATCTCCTGAGGTACAAATCAGACTCAGATAAGCAGCAGGGCTCTGGAGTCCCCAGCCGCTTCTCTGGATCCAAAGATGCTTCGGCCAATGCAGGGATTTTACTCATCTCTGGGCTCCAGTCTGAGGATGAGGCTGACTATTACTGTATGATTTGGCACAGCAGCGCTTCT,GTAGGAATAGACTTCAGAGACCAGGGTCAGCCACCCAGCCTGATTCTGACTCTTCTGGCAAAGATCCCTGAAAAACTTTACCCTGGTTTCTGCCTTAGCACCCATTAATGTCTGTGTTTCCAG,ATGGCCTGGACTCCTCTCCTCCTCCTGTTCCTCTCTCACTGCACAG,CAGGCTGTGCTGACTCAGCCGTCTTCCCTCTCTGCATCTCCTGGAGCATCAGCCAGTCTCACCTGCACCTTGCGCAGTGGCATCAATGTTGGTACCTACAGGATATACTGGTACCAGCAGAAGCCAGGGAGTCCTCCCCAGTATCTCCTGAGGTACAAATCAGACTCAGATAAGCAGCAGGGCTCTGGAGTCCCCAGCCGCTTCTCTGGATCCAAAGATGCTTCGGCCAATGCAGGGATTTTACTCATCTCTGGGCTCCAGTCTGAGGATGAGGCTGACTATTACTGTATGATTTGGCACAGCAGCGCTTCT,,559M,7M,23M,9M,323M,123M,46M,312M,,,,,,,,,,,,,,,,,,,,,,,
CHM13Y_IGL_to-ref_asm20.bam,0,IGLV1-44,,CTGATTTGCATGGATGGACTCTCCCCCTCTCAGAGTATGAAGAGAGGGAGAGATCTGGGGGAAGCTCAGCTTCAGCTGTGGGTAGAGAAGACAGGACTCAGGACAATCTCCAGCATGGCCAGCTTCCCTCTCCTCCTCACCCTCCTCACTCACTGTGCAGGTGACAGGATGGGGACCAAGAAAGGGGCCCTGGGAAGCCCATGGGGCCCTGCTTTCTCCTCTTGTCTCCTTTTGTCTCTTGTCAATCACCATGTCTGTGTCTCTCTCACTTCCAGGGTCCTGGGCCCAGTCTGTGCTGACTCAGCCACCCTCAGCGTCTGGGACCCCCGGGCAGAGGGTCACCATCTCTTGTTCTGGAAGCAGCTCCAACATCGGAAGTAATACTGTAAACTGGTACCAGCAGCTCCCAGGAACGGCCCCCAAACTCCTCATCTATAGTAATAATCAGCGGCCCTCAGGGGTCCCTGACCGATTCTCTGGCTCCAAGTCTGGCACCTCAGCCTCCCTGGCCATCAGTGGGCTCCAGTCTGAGGATGAGGCTGATTATTACTGTGCAGCATGGGATGACAGCCTGAATGGTCCCACAGTGCTCCAGGCCAATGGGGAACTGAGACAAGAACC,CACAGTG,CTCCAGGCCAATGGGGAACTGAG,ACAAGAACC,GGTCCTGGGCCCAGTCTGTGCTGACTCAGCCACCCTCAGCGTCTGGGACCCCCGGGCAGAGGGTCACCATCTCTTGTTCTGGAAGCAGCTCCAACATCGGAAGTAATACTGTAAACTGGTACCAGCAGCTCCCAGGAACGGCCCCCAAACTCCTCATCTATAGTAATAATCAGCGGCCCTCAGGGGTCCCTGACCGATTCTCTGGCTCCAAGTCTGGCACCTCAGCCTCCCTGGCCATCAGTGGGCTCCAGTCTGAGGATGAGGCTGATTATTACTGTGCAGCATGGGATGACAGCCTGAATGGTCC,GTGACAGGATGGGGACCAAGAAAGGGGCCCTGGGAAGCCCATGGGGCCCTGCTTTCTCCTCTTGTCTCCTTTTGTCTCTTGTCAATCACCATGTCTGTGTCTCTCTCACTTCCAG,ATGGCCAGCTTCCCTCTCCTCCTCACCCTCCTCACTCACTGTGCAG,CAGTCTGTGCTGACTCAGCCACCCTCAGCGTCTGGGACCCCCGGGCAGAGGGTCACCATCTCTTGTTCTGGAAGCAGCTCCAACATCGGAAGTAATACTGTAAACTGGTACCAGCAGCTCCCAGGAACGGCCCCCAAACTCCTCATCTATAGTAATAATCAGCGGCCCTCAGGGGTCCCTGACCGATTCTCTGGCTCCAAGTCTGGCACCTCAGCCTCCCTGGCCATCAGTGGGCTCCAGTCTGAGGATGAGGCTGATTATTACTGTGCAGCATGGGATGACAGCCTGAATGGTCC,,621M,7M,23M,9M,307M,115M,46M,296M,,,,,,,,,,,,,,,,,,,,,,,
CHM13Y_IGL_to-ref_asm20.bam,0,IGLV7-43,,TCTGGCGCCAGGGGTCCCTTCCAATATCAGCACCATGGCCTGGACTCCTCTCTTTCTGTTCCTCCTCACTTGCTGCCCAGGTTAAGAGAGATTTCAAATACCAGCCTTTGGAGGGATCCTTCTGTCTGCCCTTCTAATTTCTAACATGTGTCTGTTTTTTGTTTCAGGGTCCAATTCTCAGACTGTGGTGACTCAGGAGCCCTCACTGACTGTGTCCCCAGGAGGGACAGTCACTCTCACCTGTGCTTCCAGCACTGGAGCAGTCACCAGTGGTTACTATCCAAACTGGTTCCAGCAGAAACCTGGACAAGCACCCAGGGCACTGATTTATAGTACAAGCAACAAACACTCCTGGACCCCTGCCCGGTTCTCAGGCTCCCTCCTTGGGGGCAAAGCTGCCCTGACACTGTCAGGTGTGCAGCCTGAGGACGAGGCTGAGTATTACTGCCTGCTCTACTATGGTGGTGCTCAGCACAGTGACAGACTCATAAGAGGAACCAAGACATAAACC,CACAGTG,ACAGACTCATAAGAGGAACCAAG,ACATAAACC,GGTCCAATTCTCAGACTGTGGTGACTCAGGAGCCCTCACTGACTGTGTCCCCAGGAGGGACAGTCACTCTCACCTGTGCTTCCAGCACTGGAGCAGTCACCAGTGGTTACTATCCAAACTGGTTCCAGCAGAAACCTGGACAAGCACCCAGGGCACTGATTTATAGTACAAGCAACAAACACTCCTGGACCCCTGCCCGGTTCTCAGGCTCCCTCCTTGGGGGCAAAGCTGCCCTGACACTGTCAGGTGTGCAGCCTGAGGACGAGGCTGAGTATTACTGCCTGCTCTACTATGGTGGTGCTCAG,GTTAAGAGAGATTTCAAATACCAGCCTTTGGAGGGATCCTTCTGTCTGCCCTTCTAATTTCTAACATGTGTCTGTTTTTTGTTTCAG,ATGGCCTGGACTCCTCTCTTTCTGTTCCTCCTCACTTGCTGCCCAG,CAGACTGTGGTGACTCAGGAGCCCTCACTGACTGTGTCCCCAGGAGGGACAGTCACTCTCACCTGTGCTTCCAGCACTGGAGCAGTCACCAGTGGTTACTATCCAAACTGGTTCCAGCAGAAACCTGGACAAGCACCCAGGGCACTGATTTATAGTACAAGCAACAAACACTCCTGGACCCCTGCCCGGTTCTCAGGCTCCCTCCTTGGGGGCAAAGCTGCCCTGACACTGTCAGGTGTGCAGCCTGAGGACGAGGCTGAGTATTACTGCCTGCTCTACTATGGTGGTGCTCAG,,511M,7M,23M,9M,305M,87M,46M,294M,,,,,,,,,,,,,,,,,,,,,,,
CHM13Y_IGL_to-ref_asm20.bam,0,IGLV1-40,,GCTCTGCTTCAGCTGTGGGCACAAGAGGCAGCACTCAGGACAATCTCCAGCATGGCCTGGTCTCCTCTCCTCCTCACTCTCCTCGCTCACTGCACAGGTGACTGGATACAGGTCCAGGGGAGGGGCCCTGGGAAGCCTATGGATTCTTGCTTTCTCCTGTTGTCTCTAGAAGCCGAATAATGATGCCTGTGTCTCTCCCACTTCCAGGGTCCTGGGCCCAGTCTGTGCTGACGCAGCCGCCCTCAGTGTCTGGGGCCCCAGGGCAGAGGGTCACCATCTCCTGCACTGGGAGCAGCTCCAACATCGGGGCAGGTTATGATGTACACTGGTACCAGCAGCTTCCAGGAACAGCCCCCAAACTCCTCATCTATGGTAACAGCAATCGGCCCTCAGGGGTCCCTGACCGATTCTCTGGCTCCAAGTCTGGCACCTCAGCCTCCCTGGCCATCACTGGGCTCCAGGCTGAGGATGAGGCTGATTATTACTGCCAGTCCTATGACAGCAGCCTGAGTGGTTCCACAGTGCTCCAGGCCCGGGGGGAACTGAGACAAGAACC,CACAGTG,CTCCAGGCCCGGGGGGAACTGAG,ACAAGAACC,GGTCCTGGGCCCAGTCTGTGCTGACGCAGCCGCCCTCAGTGTCTGGGGCCCCAGGGCAGAGGGTCACCATCTCCTGCACTGGGAGCAGCTCCAACATCGGGGCAGGTTATGATGTACACTGGTACCAGCAGCTTCCAGGAACAGCCCCCAAACTCCTCATCTATGGTAACAGCAATCGGCCCTCAGGGGTCCCTGACCGATTCTCTGGCTCCAAGTCTGGCACCTCAGCCTCCCTGGCCATCACTGGGCTCCAGGCTGAGGATGAGGCTGATTATTACTGCCAGTCCTATGACAGCAGCCTGAGTGGTTC,GTGACTGGATACAGGTCCAGGGGAGGGGCCCTGGGAAGCCTATGGATTCTTGCTTTCTCCTGTTGTCTCTAGAAGCCGAATAATGATGCCTGTGTCTCTCCCACTTCCAG,ATGGCCTGGTCTCCTCTCCTCCTCACTCTCCTCGCTCACTGCACAG,CAGTCTGTGCTGACGCAGCCGCCCTCAGTGTCTGGGGCCCCAGGGCAGAGGGTCACCATCTCCTGCACTGGGAGCAGCTCCAACATCGGGGCAGGTTATGATGTACACTGGTACCAGCAGCTTCCAGGAACAGCCCCCAAACTCCTCATCTATGGTAACAGCAATCGGCCCTCAGGGGTCCCTGACCGATTCTCTGGCTCCAAGTCTGGCACCTCAGCCTCCCTGGCCATCACTGGGCTCCAGGCTGAGGATGAGGCTGATTATTACTGCCAGTCCTATGACAGCAGCCTGAGTGGTTC,,556M,7M,23M,9M,310M,110M,46M,299M,,,,,,,,,,,,,,,,,,,,,,,
CHM13Y_IGL_to-ref_asm20.bam,0,IGLV5-37,,CCACCATGGCCTGGACTCCTCTTCTTCTCTTGCTCCTCTCTCACTGCACAGGTAGGGACAGGCCTCAGAGATCAGGGCCAGCCACCCAACCTGATTCTGGCTCTTCTGGTAAAGATCCCTGAAAAACCTCACCCTGAACCCTGCCCATCAACCATGAGTGTCTGTGTTTGCAGGTTCCCTCTCCCAGCCTGTGCTGACTCAGCCACCTTCCTCCTCCGCATCTCCTGGAGAATCCGCCAGACTCACCTGCACCTTGCCCAGTGACATCAATGTTGGTAGCTACAACATATACTGGTACCAGCAGAAGCCAGGGAGCCCTCCCAGGTATCTCCTGTACTACTACTCAGACTCAGATAAGGGCCAGGGCTCTGGAGTCCCCAGCCGCTTCTCTGGATCCAAAGATGCTTCAGCCAATACAGGGATTTTACTCATCTCCGGGCTCCAGTCTGAGGATGAGGCTGACTATTACTGTATGATTTGGCCAAGCAATGCTTCTCACAGTGACACACACAGATGGGGAAGTGGGACAAAAACC,CACAGTG,ACACACACAGATGGGGAAGTGGG,ACAAAAACC,GTTCCCTCTCCCAGCCTGTGCTGACTCAGCCACCTTCCTCCTCCGCATCTCCTGGAGAATCCGCCAGACTCACCTGCACCTTGCCCAGTGACATCAATGTTGGTAGCTACAACATATACTGGTACCAGCAGAAGCCAGGGAGCCCTCCCAGGTATCTCCTGTACTACTACTCAGACTCAGATAAGGGCCAGGGCTCTGGAGTCCCCAGCCGCTTCTCTGGATCCAAAGATGCTTCAGCCAATACAGGGATTTTACTCATCTCCGGGCTCCAGTCTGAGGATGAGGCTGACTATTACTGTATGATTTGGCCAAGCAATGCTTCT,GTAGGGACAGGCCTCAGAGATCAGGGCCAGCCACCCAACCTGATTCTGGCTCTTCTGGTAAAGATCCCTGAAAAACCTCACCCTGAACCCTGCCCATCAACCATGAGTGTCTGTGTTTGCAG,ATGGCCTGGACTCCTCTTCTTCTCTTGCTCCTCTCTCACTGCACAG,CAGCCTGTGCTGACTCAGCCACCTTCCTCCTCCGCATCTCCTGGAGAATCCGCCAGACTCACCTGCACCTTGCCCAGTGACATCAATGTTGGTAGCTACAACATATACTGGTACCAGCAGAAGCCAGGGAGCCCTCCCAGGTATCTCCTGTACTACTACTCAGACTCAGATAAGGGCCAGGGCTCTGGAGTCCCCAGCCGCTTCTCTGGATCCAAAGATGCTTCAGCCAATACAGGGATTTTACTCATCTCCGGGCTCCAGTCTGAGGATGAGGCTGACTATTACTGTATGATTTGGCCAAGCAATGCTTCT,,535M,7M,23M,9M,323M,122M,46M,312M,,,,,,,,,,,,,,,,,,,,,,,
CHM13Y_IGL_to-ref_asm20.bam,0,IGLV1-36,,GCTGCGGGTAGAGAAGACAGGACTCAGGACAATCTCCAGCATGGCCTGGTCCCCTCTCTTCCTCACCCTCATCACTCACTGTGCAGGTGACAGGATGGGGACCAAGAGAGAGGCTCTGGGAAGCCCATGCGACCCTGCTTTCTCCTCTTGTCTCCTTTTGTCTCTTGTCAATCACCATGTCTGTGTCTCTCTCACTTCCAGGGTCCTGGGCCCAGTCTGTGCTGACTCAGCCACCCTCGGTGTCTGAAGCCCCCAGGCAGAGGGTCACCATCTCCTGTTCTGGAAGCAGCTCCAACATCGGAAATAATGCTGTAAACTGGTACCAGCAGCTCCCAGGAAAGGCTCCCAAACTCCTCATCTATTATGATGATCTGCTGCCCTCAGGGGTCTCTGACCGATTCTCTGGCTCCAAGTCTGGCACCTCAGCCTCCCTGGCCATCAGTGGGCTCCAGTCTGAGGATGAGGCTGATTATTACTGTGCAGCATGGGATGACAGCCTGAATGGTCCCACAGTGCTCCAGGCCCAGGGGGAACAGAGACAAGAACC,CACAGTG,CTCCAGGCCCAGGGGGAACAGAG,ACAAGAACC,GGTCCTGGGCCCAGTCTGTGCTGACTCAGCCACCCTCGGTGTCTGAAGCCCCCAGGCAGAGGGTCACCATCTCCTGTTCTGGAAGCAGCTCCAACATCGGAAATAATGCTGTAAACTGGTACCAGCAGCTCCCAGGAAAGGCTCCCAAACTCCTCATCTATTATGATGATCTGCTGCCCTCAGGGGTCTCTGACCGATTCTCTGGCTCCAAGTCTGGCACCTCAGCCTCCCTGGCCATCAGTGGGCTCCAGTCTGAGGATGAGGCTGATTATTACTGTGCAGCATGGGATGACAGCCTGAATGGTCC,GTGACAGGATGGGGACCAAGAGAGAGGCTCTGGGAAGCCCATGCGACCCTGCTTTCTCCTCTTGTCTCCTTTTGTCTCTTGTCAATCACCATGTCTGTGTCTCTCTCACTTCCAG,ATGGCCTGGTCCCCTCTCTTCCTCACCCTCATCACTCACTGTGCAG,CAGTCTGTGCTGACTCAGCCACCCTCGGTGTCTGAAGCCCCCAGGCAGAGGGTCACCATCTCCTGTTCTGGAAGCAGCTCCAACATCGGAAATAATGCTGTAAACTGGTACCAGCAGCTCCCAGGAAAGGCTCCCAAACTCCTCATCTATTATGATGATCTGCTGCCCTCAGGGGTCTCTGACCGATTCTCTGGCTCCAAGTCTGGCACCTCAGCCTCCCTGGCCATCAGTGGGCTCCAGTCTGAGGATGAGGCTGATTATTACTGTGCAGCATGGGATGACAGCCTGAATGGTCC,,547M,7M,23M,9M,307M,115M,46M,296M,,,,,,,,,,,,,,,,,,,,,,,
CHM13Y_IGL_to-ref_asm20.bam,0,IGLV2-33,,GGCTAGAGGCAGGCCCGGTGCTGGGGTCTCAAGGCAGCGCTCTCGGGACATCTCCACCATGGCCTGGGCTCTGCTCCTCCTCACCCTCCTCACTCAGGGCACAGGTGACACCTCCAGGGAAATGGCCTTGGGGACCTCTGAGCTGATGCTTGGTCTTCTGCTCCTGCTCCTCAGGGTCACTGGACCCAGTACTGACCCAGTAGAGTGTGTTTCTCCCTCTTTCCAGGGTCCTGGGCCCAATCTGCCCTGACTCAGCCTCCTTTTGTGTCCGGGGCTCCTGGACAGTCGGTCACCATCTCCTGCACTGGAACCAGCAGTGACGTTGGGGATTATGATCATGTCTTCTGGTACCAAAAGCGTCTCAGCACTACCTCCAGACTCCTGATTTACAATGTCAATACTCGGCCTTCAGGGATCTCTGACCTCTTCTCAGGCTCCAAGTCTGGCAACATGGCTTCCCTGACCATCTCTGGGCTCAAGTCCGAGGTTGAGGCTAATTATCACTGCAGCTTATATTCAAGTAGTTACACTTTCCATAGTGGTCCAAGTTCCTAGGGAACTGAGACCAAAACC,CATAGTG,GTCCAAGTTCCTAGGGAACTGAG,ACCAAAACC,GGTCCTGGGCCCAATCTGCCCTGACTCAGCCTCCTTTTGTGTCCGGGGCTCCTGGACAGTCGGTCACCATCTCCTGCACTGGAACCAGCAGTGACGTTGGGGATTATGATCATGTCTTCTGGTACCAAAAGCGTCTCAGCACTACCTCCAGACTCCTGATTTACAATGTCAATACTCGGCCTTCAGGGATCTCTGACCTCTTCTCAGGCTCCAAGTCTGGCAACATGGCTTCCCTGACCATCTCTGGGCTCAAGTCCGAGGTTGAGGCTAATTATCACTGCAGCTTATATTCAAGTAGTTACACTTTC,GTGACACCTCCAGGGAAATGGCCTTGGGGACCTCTGAGCTGATGCTTGGTCTTCTGCTCCTGCTCCTCAGGGTCACTGGACCCAGTACTGACCCAGTAGAGTGTGTTTCTCCCTCTTTCCAG,ATGGCCTGGGCTCTGCTCCTCCTCACCCTCCTCACTCAGGGCACAG,CAATCTGCCCTGACTCAGCCTCCTTTTGTGTCCGGGGCTCCTGGACAGTCGGTCACCATCTCCTGCACTGGAACCAGCAGTGACGTTGGGGATTATGATCATGTCTTCTGGTACCAAAAGCGTCTCAGCACTACCTCCAGACTCCTGATTTACAATGTCAATACTCGGCCTTCAGGGATCTCTGACCTCTTCTCAGGCTCCAAGTCTGGCAACATGGCTTCCCTGACCATCTCTGGGCTCAAGTCCGAGGTTGAGGCTAATTATCACTGCAGCTTATATTCAAGTAGTTACACTTTC,,573M,7M,23M,9M,308M,122M,46M,297M,,,,,,,,,,,,,,,,,,,,,,,
CHM13Y_IGL_to-ref_asm20.bam,0,IGLV3-32,,GCTGTGGACTCAGAGGCAGAGCTCTGGGGCATTTCCATTATGGCCTGGACCCCTCCCCTGCTCGTCCTCACTCTCTGCACAGGTGCTGCCTCCCAGGGCTCAGCCCCCAGTGGGATCAAGATCAGCCTGGCCCTGACCTTCAACTCAACATAGGGAGTGATGCAGGGTGTGGGGTTCTGGGAATGAGGCCCTCATCCTCAGACTCACCTCTCCTGTCCTCTCTTGTGGGCTCCGTTATTTCCTCTGGGCCAACTCAGGTGCCTGCAGTGTCTGTGGCCTTGGGACAAATGGCCAGGATCACCTGCCAGGGAGACAGCATGGAAGGCTCTTATGAACACTGGTACCAGCAGAAGCCAGGCCAGGCCCCCGTGCTGGTCATCTATGATAGCAGTGACCGGCCCTCAAGGATCCCTGAGCGATTCTCTGGCTCCAAATCAGGCAACACAACCACCCTGACCATCACTGGGGCCCAGGCTGAGGATGAGGCTGATTATTACTATCAGTTGATAGACAACCATGCTACTCAACTCACAGTGACACAGGCAGATGGAAAAGTGAGACACAAACC,CACAGTG,ACACAGGCAGATGGAAAAGTGAG,ACACAAACC,GCTCCGTTATTTCCTCTGGGCCAACTCAGGTGCCTGCAGTGTCTGTGGCCTTGGGACAAATGGCCAGGATCACCTGCCAGGGAGACAGCATGGAAGGCTCTTATGAACACTGGTACCAGCAGAAGCCAGGCCAGGCCCCCGTGCTGGTCATCTATGATAGCAGTGACCGGCCCTCAAGGATCCCTGAGCGATTCTCTGGCTCCAAATCAGGCAACACAACCACCCTGACCATCACTGGGGCCCAGGCTGAGGATGAGGCTGATTATTACTATCAGTTGATAGACAACCATGCTACTCAACT,GTGCTGCCTCCCAGGGCTCAGCCCCCAGTGGGATCAAGATCAGCCTGGCCCTGACCTTCAACTCAACATAGGGAGTGATGCAGGGTGTGGGGTTCTGGGAATGAGGCCCTCATCCTCAGACTCACCTCTCCTGTCCTCTCTTGTGG,ATGGCCTGGACCCCTCCCCTGCTCGTCCTCACTCTCTGCACAG,TCCTCTGGGCCAACTCAGGTGCCTGCAGTGTCTGTGGCCTTGGGACAAATGGCCAGGATCACCTGCCAGGGAGACAGCATGGAAGGCTCTTATGAACACTGGTACCAGCAGAAGCCAGGCCAGGCCCCCGTGCTGGTCATCTATGATAGCAGTGACCGGCCCTCAAGGATCCCTGAGCGATTCTCTGGCTCCAAATCAGGCAACACAACCACCCTGACCATCACTGGGGCCCAGGCTGAGGATGAGGCTGATTATTACTATCAGTTGATAGACAACCATGCTACTCAACT,,568M,7M,23M,9M,301M,146M,43M,290M,,,,,,,,,,,,,,,,,,,,,,,
CHM13Y_IGL_to-ref_asm20.bam,0,IGLV3-27,,GCTGTAGGCTCAGGAGGCAGAGCTCTGAATGTCTCACCATGGCCTGGATCCCTCTCCTGCTCCCCCTCCTCATTCTCTGCACAGGTGCTGCCCCTAGGCTCAGTCTCCACAGACCCCAAGTTGAGCCTGACCTGAATCCTGAGCAAAGCCCTGCCACTGCCTCTGGGGGGGATTCCTGGCAATGCATCCTTTGTCCTCAAGCCCCCTCTCCTGTCTTTTCTTGCAGTCTCTGTGGCCTCCTATGAGCTGACACAGCCATCCTCAGTGTCAGTGTCTCCGGGACAGACAGCCAGGATCACCTGCTCAGGAGATGTACTGGCAAAAAAATATGCTCGGTGGTTCCAGCAGAAGCCAGGCCAGGCCCCTGTGCTGGTGATTTATAAAGACAGTGAGCGGCCCTCAGGGATCCCTGAGCGATTCTCCGGCTCCAGCTCAGGGACCACAGTCACCTTGACCATCAGCGGGGCCCAGGTTGAGGATGAGGCTGACTATTACTGTTACTCTGCGGCTGACAACAATCTCACAGTGACACAGGCAGATGGAGAAATGAGACACAAACC,CACAGTG,ACACAGGCAGATGGAGAAATGAG,ACACAAACC,TCTCTGTGGCCTCCTATGAGCTGACACAGCCATCCTCAGTGTCAGTGTCTCCGGGACAGACAGCCAGGATCACCTGCTCAGGAGATGTACTGGCAAAAAAATATGCTCGGTGGTTCCAGCAGAAGCCAGGCCAGGCCCCTGTGCTGGTGATTTATAAAGACAGTGAGCGGCCCTCAGGGATCCCTGAGCGATTCTCCGGCTCCAGCTCAGGGACCACAGTCACCTTGACCATCAGCGGGGCCCAGGTTGAGGATGAGGCTGACTATTACTGTTACTCTGCGGCTGACAACAATCT,GTGCTGCCCCTAGGCTCAGTCTCCACAGACCCCAAGTTGAGCCTGACCTGAATCCTGAGCAAAGCCCTGCCACTGCCTCTGGGGGGGATTCCTGGCAATGCATCCTTTGTCCTCAAGCCCCCTCTCCTGTCTTTTCTTGCAG,ATGGCCTGGATCCCTCTCCTGCTCCCCCTCCTCATTCTCTGCACAG,TCCTATGAGCTGACACAGCCATCCTCAGTGTCAGTGTCTCCGGGACAGACAGCCAGGATCACCTGCTCAGGAGATGTACTGGCAAAAAAATATGCTCGGTGGTTCCAGCAGAAGCCAGGCCAGGCCCCTGTGCTGGTGATTTATAAAGACAGTGAGCGGCCCTCAGGGATCCCTGAGCGATTCTCCGGCTCCAGCTCAGGGACCACAGTCACCTTGACCATCAGCGGGGCCCAGGTTGAGGATGAGGCTGACTATTACTGTTACTCTGCGGCTGACAACAATCT,,560M,7M,23M,9M,295M,142M,46M,284M,,,,,,,,,,,,,,,,,,,,,,,
CHM13Y_IGL_to-ref_asm20.bam,0,IGLV3-25,,GCTGTGCTGTGGGTCCAGGAGGCAGAACTCTGGGTGTCTCACCATGGCCTGGATCCCTCTACTTCTCCCCCTCCTCACTCTCTGCACAGGTGCTGTCCCCAGGCCCTGCTCCAGGCCCTGCTCCAGTCTTATTCCCCACAGATCCCAAGTTGAGCCTGCCCTGAATCCCGAGCAAAGCCCAGACACAGCCTCTGGGTGCGACTCCTGGGAATGGGTCCTTTGTCTTCAAGCCCCCTCTCTTGTTCTTCCTTGCAGGCTCTGAGGCCTCCTATGAGCTGACACAGCCACCCTCGGTGTCAGTGTCCCCAGGACAGACGGCCAGGATCACCTGCTCTGGAGATGCATTGCCAAAGCAATATGCTTATTGGTACCAGCAGAAGCCAGGCCAGGCCCCTGTGCTGGTGATATATAAAGACAGTGAGAGGCCCTCAGGGATCCCTGAGCGATTCTCTGGCTCCAGCTCAGGGACAACAGTCACGTTGACCATCAGTGGAGTCCAGGCAGAAGACGAGGCTGACTATTACTGTCAATCAGCAGACAGCAGTGGTACTTATCCCACAGTGACACAAGCAGACAGGGAAGTGAGACATAAACC,CACAGTG,ACACAAGCAGACAGGGAAGTGAG,ACATAAACC,GCTCTGAGGCCTCCTATGAGCTGACACAGCCACCCTCGGTGTCAGTGTCCCCAGGACAGACGGCCAGGATCACCTGCTCTGGAGATGCATTGCCAAAGCAATATGCTTATTGGTACCAGCAGAAGCCAGGCCAGGCCCCTGTGCTGGTGATATATAAAGACAGTGAGAGGCCCTCAGGGATCCCTGAGCGATTCTCTGGCTCCAGCTCAGGGACAACAGTCACGTTGACCATCAGTGGAGTCCAGGCAGAAGACGAGGCTGACTATTACTGTCAATCAGCAGACAGCAGTGGTACTTATCC,GTGCTGTCCCCAGGCCCTGCTCCAGGCCCTGCTCCAGTCTTATTCCCCACAGATCCCAAGTTGAGCCTGCCCTGAATCCCGAGCAAAGCCCAGACACAGCCTCTGGGTGCGACTCCTGGGAATGGGTCCTTTGTCTTCAAGCCCCCTCTCTTGTTCTTCCTTGCAG,ATGGCCTGGATCCCTCTACTTCTCCCCCTCCTCACTCTCTGCACAG,TCCTATGAGCTGACACAGCCACCCTCGGTGTCAGTGTCCCCAGGACAGACGGCCAGGATCACCTGCTCTGGAGATGCATTGCCAAAGCAATATGCTTATTGGTACCAGCAGAAGCCAGGCCAGGCCCCTGTGCTGGTGATATATAAAGACAGTGAGAGGCCCTCAGGGATCCCTGAGCGATTCTCTGGCTCCAGCTCAGGGACAACAGTCACGTTGACCATCAGTGGAGTCCAGGCAGAAGACGAGGCTGACTATTACTGTCAATCAGCAGACAGCAGTGGTACTTATCC,,595M,7M,23M,9M,301M,166M,46M,290M,,,,,,,,,,,,,,,,,,,,,,,
CHM13Y_IGL_to-ref_asm20.bam,0,IGLV2-23,,TCTCTGAGCCCAGGCCCACGTGAGGGTGGGGTGAGGAGAGGAGCCCAGGATGCTGATTTTCATGGAGGCCCCGCCCTCCTCTGAGGCAGAGGGGATAAGACAGGGCTGGGGCAGGCCCAGTGCTGGGGTCACAAGAGGCAGCGCTCTCGGGACGTCTCCACCATGGCCTGGGCTCTGCTGCTCCTCACCCTCCTCACTCAGGACACAGGTGACGCCTCCAGGGAAGGGGTCTTGGGGACCTCTGGGCTGATCCTTGGTCTCCTGCTCCTCAGGCTCACCGGGGCCCAGCACTGACTCACTGGCATGTGTTTCTCCCTCTTTCCAGGGTCCTGGGCCCAGTCTGCCCTGACTCAGCCTGCCTCCGTGTCTGGGTCTCCTGGACAGTCGATCACCATCTCCTGCACTGGAACCAGCAGTGATGTTGGGAGTTATAACCTTGTCTCCTGGTACCAACAGCACCCAGGCAAAGCCCCCAAACTCATGATTTATGAGGTCAGTAAGCGGCCCTCAGGGGTTTCTAATCGCTTCTCTGGCTCCAAGTCTGGCAACACGGCCTCCCTGACAATCTCTGGGCTCCAGGCTGAGGACGAGGCTGATTATTACTGCTGCTCATATGCAGGTAGTAGCACTTTCCACAGTGGTCCAAGTTCATGGGGAACTGAGACCAAAACC,CACAGTG,GTCCAAGTTCATGGGGAACTGAG,ACCAAAACC,GGTCCTGGGCCCAGTCTGCCCTGACTCAGCCTGCCTCCGTGTCTGGGTCTCCTGGACAGTCGATCACCATCTCCTGCACTGGAACCAGCAGTGATGTTGGGAGTTATAACCTTGTCTCCTGGTACCAACAGCACCCAGGCAAAGCCCCCAAACTCATGATTTATGAGGTCAGTAAGCGGCCCTCAGGGGTTTCTAATCGCTTCTCTGGCTCCAAGTCTGGCAACACGGCCTCCCTGACAATCTCTGGGCTCCAGGCTGAGGACGAGGCTGATTATTACTGCTGCTCATATGCAGGTAGTAGCACTTTC,GTGACGCCTCCAGGGAAGGGGTCTTGGGGACCTCTGGGCTGATCCTTGGTCTCCTGCTCCTCAGGCTCACCGGGGCCCAGCACTGACTCACTGGCATGTGTTTCTCCCTCTTTCCAG,ATGGCCTGGGCTCTGCTGCTCCTCACCCTCCTCACTCAGGACACAG,CAGTCTGCCCTGACTCAGCCTGCCTCCGTGTCTGGGTCTCCTGGACAGTCGATCACCATCTCCTGCACTGGAACCAGCAGTGATGTTGGGAGTTATAACCTTGTCTCCTGGTACCAACAGCACCCAGGCAAAGCCCCCAAACTCATGATTTATGAGGTCAGTAAGCGGCCCTCAGGGGTTTCTAATCGCTTCTCTGGCTCCAAGTCTGGCAACACGGCCTCCCTGACAATCTCTGGGCTCCAGGCTGAGGACGAGGCTGATTATTACTGCTGCTCATATGCAGGTAGTAGCACTTTC,,672M,7M,23M,9M,308M,117M,46M,297M,,,,,,,,,,,,,,,,,,,,,,,
CHM13Y_IGL_to-ref_asm20.bam,0,IGLV3-22,,AAGAGAGGCCTGGGAAGCCCAGCTGTGCTGTGGGCTCAGGAGGCAGAGCTGTGGGTGTCTCACCATGGCATGGGCCACACTCCTGCTCCCACTCCTCAACCTCTACACAGGTGCTGCCCCCAGACCCTGCCCCAGGCTCAGCCCTCCTAAGCCCCTGGTCTTACCCTGAACCCTGAGCTCAGCCCAGGCATAGCCTCAGGGCGATACTACTGGAATGGGTTTGTTATCTTCAAGCCCCCTCTCTTGTCCTCTCTTGCAGGCTCTGTTGCCTCCTATGAGCTGACACAGCTACCCTCGGTGTCAGTGTCCCCAGGACAGACAGCCAGGATCACCTGCTCTGGAGATGTACTGGGGGAAAATTATGCTGACTGGTACCAGCAGAAGCCAGGCCAGGCCCCTGAGTTGGTGATATACGAAGATAGTGAGCGGTACCCTGGAATCCCTGAACGATTCTCTGGGTCCACCTCAGGGAACACGACCACCCTGACCATCAGCAGGGTCCTGACCGAAGACGAGGCTGACTATTACTGTTTGTCTGGGGATGAGGACAATCCCTCAGTGACACAGGCAGATGGGGAAGTGAGACACAAACT,CTCAGTG,ACACAGGCAGATGGGGAAGTGAG,ACACAAACT,GCTCTGTTGCCTCCTATGAGCTGACACAGCTACCCTCGGTGTCAGTGTCCCCAGGACAGACAGCCAGGATCACCTGCTCTGGAGATGTACTGGGGGAAAATTATGCTGACTGGTACCAGCAGAAGCCAGGCCAGGCCCCTGAGTTGGTGATATACGAAGATAGTGAGCGGTACCCTGGAATCCCTGAACGATTCTCTGGGTCCACCTCAGGGAACACGACCACCCTGACCATCAGCAGGGTCCTGACCGAAGACGAGGCTGACTATTACTGTTTGTCTGGGGATGAGGACAATCC,GTGCTGCCCCCAGACCCTGCCCCAGGCTCAGCCCTCCTAAGCCCCTGGTCTTACCCTGAACCCTGAGCTCAGCCCAGGCATAGCCTCAGGGCGATACTACTGGAATGGGTTTGTTATCTTCAAGCCCCCTCTCTTGTCCTCTCTTGCAG,ATGGCATGGGCCACACTCCTGCTCCCACTCCTCAACCTCTACACAG,TCCTATGAGCTGACACAGCTACCCTCGGTGTCAGTGTCCCCAGGACAGACAGCCAGGATCACCTGCTCTGGAGATGTACTGGGGGAAAATTATGCTGACTGGTACCAGCAGAAGCCAGGCCAGGCCCCTGAGTTGGTGATATACGAAGATAGTGAGCGGTACCCTGGAATCCCTGAACGATTCTCTGGGTCCACCTCAGGGAACACGACCACCCTGACCATCAGCAGGGTCCTGACCGAAGACGAGGCTGACTATTACTGTTTGTCTGGGGATGAGGACAATCC,,593M,7M,23M,9M,295M,149M,46M,284M,,,,,,,,,,,,,,,,,,,,,,,
CHM13Y_IGL_to-ref_asm20.bam,0,IGLV3-21,,GCACAGAGGAGCTGTGCCCTGGAATGGGGCCTGTACCTGTCCAAGGCTTGTGCCGTCCCCTGTGGGAGATGAGAAGCGTCCCTGCATTGGGCTCTTGGGGACCCGTCTTGGACATGAGTGAGAATGAAGAGGGTCCCTGCATTGGGCTCTGGCATGTGACTTTAAATGGATTTAGGCCTGTACCAGACATCTCATGTCTGACATAAAATATTTACAATCAGGACATTACTAGAGAAGCAGAAAAAAGCTAACCACCTCCCTCCTGAGCCAGGATGGAATGAAGGAGGGGACTGTGGACCCCAGATAATTCCCCTGTCACCACTGTGACTCTAACAACCTCTTAAATCACGGCCAACATCTATCCCATAGGAAGGTCTTTATATCCCCTAGAAAATACAGAGGAAGTCAGCTCTGAGCTTTTCCACGACCAACCCAGCCAAGGAGCAAGGCTGGGCACAACCTGGGTAAAGATGTGAGCCCAGACCATGGGACCAGTGGGTGAAGGAAAATCGCATGGGCTGAGGGGGTGGGTAAGCAGGGGCCAGCCCTCCTCTCTCTGTTTCCTTTGGGGCTGAGTCCTTCTCTGGAAACCACAGATCTCCTCCAGCAGCAGCCTCTGACTCTGCTGATTTGCATCATGGGCCGCTCTCTCCAGCAAGGGGATAAGAGAGGCCTGGGAGGAACCTGCTCAGTCTGGGCCTAAGGAAGCAGCACTGGTGGTGCCTCAGCCATGGCCTGGACCGTTCTCCTCCTCGGCCTCCTCTCTCACTGCACAGGTGATCCCCCCAGGGTCTCACCAACCTGCCCAGCCCAAGGGTTCTGGGTCCAGCGTGTCCTTGATTCTGAGCTCAGGAGGGCCCTTCCTGTGGTGGGCAGGATGCTCATGACCCTGCTGCAGGGTGGGAGGCTGGTGGGGCTGAACTCCCCCCAAACTGTGCTCAAAGGCTTGTGAGAGCCTGAGGGACTGCACCTGCCAGGAGAGAGTAGTGAGTTTTCAGTTCAAAGTCTCCATACAACAGGAAAGTCATGGGCCACTGGGGCTGGGGCTGATTGCAGGGGATACCCTGAGGGTTCACAGACTCTCTGGAGCTTGTCTGGGACAGCAGGGCAAGGGATTTCATAAGAAGCATCTTTCACCTGCAAGCCAACCTCTCTCTTATTTATTTATTTATTTATTTATTTATTTATTTATTTATTTTTATCTTTGCAGGCTCTGTGACCTCCTATGTGCTGACTCAGCCACCCTCGGTGTCAGTGGCCCCAGGACAGACGGCCAGGATTACCTGTGGGGGAAACAACATTGGAAGTAAAAGTGTGCACTGGTACCAGCAGAAGCCAGGCCAGGCCCCTGTGCTGGTCGTCTATGATGATAGCGACCGGCCCTCAGGGATCCCTGAGCGATTCTCTGGCTCCAACTCTGGGAACACGGCCACCCTGACCATCAGCAGGGTCGAAGCCGGGGATGAGGCCGACTATTACTGTCAGGTGTGGGATAGTAGTAGTGATCATCCCACGGTGACACAGGCAGATGAGGAAGTGAGACAAAAACA,CACGGTG,ACACAGGCAGATGAGGAAGTGAG,ACAAAAACA,GCTCTGTGACCTCCTATGTGCTGACTCAGCCACCCTCGGTGTCAGTGGCCCCAGGACAGACGGCCAGGATTACCTGTGGGGGAAACAACATTGGAAGTAAAAGTGTGCACTGGTACCAGCAGAAGCCAGGCCAGGCCCCTGTGCTGGTCGTCTATGATGATAGCGACCGGCCCTCAGGGATCCCTGAGCGATTCTCTGGCTCCAACTCTGGGAACACGGCCACCCTGACCATCAGCAGGGTCGAAGCCGGGGATGAGGCCGACTATTACTGTCAGGTGTGGGATAGTAGTAGTGATCATCC,GTGAGAATGAAGAGGGTCCCTGCATTGGGCTCTGGCATGTGACTTTAAATGGATTTAGGCCTGTACCAGACATCTCATGTCTGACATAAAATATTTACAATCAGGACATTACTAGAGAAGCAGAAAAAAGCTAACCACCTCCCTCCTGAGCCAGGATGGAATGAAGGAGGGGACTGTGGACCCCAGATAATTCCCCTGTCACCACTGTGACTCTAACAACCTCTTAAATCACGGCCAACATCTATCCCATAGGAAGGTCTTTATATCCCCTAGAAAATACAGAGGAAGTCAGCTCTGAGCTTTTCCACGACCAACCCAGCCAAGGAGCAAGGCTGGGCACAACCTGGGTAAAGATGTGAGCCCAGACCATGGGACCAGTGGGTGAAGGAAAATCGCATGGGCTGAGGGGGTGGGTAAGCAGGGGCCAGCCCTCCTCTCTCTGTTTCCTTTGGGGCTGAGTCCTTCTCTGGAAACCACAG,ATGGCCTGGACCGTTCTCCTCCTCGGCCTCCTCTCTCACTGCACAG,TCCTATGTGCTGACTCAGCCACCCTCGGTGTCAGTGGCCCCAGGACAGACGGCCAGGATTACCTGTGGGGGAAACAACATTGGAAGTAAAAGTGTGCACTGGTACCAGCAGAAGCCAGGCCAGGCCCCTGTGCTGGTCGTCTATGATGATAGCGACCGGCCCTCAGGGATCCCTGAGCGATTCTCTGGCTCCAACTCTGGGAACACGGCCACCCTGACCATCAGCAGGGTCGAAGCCGGGGATGAGGCCGACTATTACTGTCAGGTGTGGGATAGTAGTAGTGATCATCC,,1550M,7M,23M,9M,301M,479M,46M,290M,,,,,,,,,,,,,,,,,,,,,,,
CHM13Y_IGL_to-ref_asm20.bam,0,IGLV3-19,,AGCTGTGGGCTCAGAAGCAGAGTTCTGGGGTGTCTCCACCATGGCCTGGACCCCTCTCTGGCTCACTCTCCTCACTCTTTGCATAGGTGCTGCCTCCCAGGGCTCAACCCCATATTATCATGCTAGCTGTGCCAACCTGGCCCTGAGCTTCGGCTCAACACAGGGAGTAGTGTAGGGTGTGGGACTCTAGGCGTGAAACCCTTATCCTCACCTCTTCTGTCCTCTTTTGCAGGTTCTGTGGTTTCTTCTGAGCTGACTCAGGACCCTGCTGTGTCTGTGGCCTTGGGACAGACAGTCAGGATCACATGCCAAGGAGACAGCCTCAGAAGCTATTATGCAAGCTGGTACCAGCAGAAGCCAGGACAGGCCCCTGTACTTGTCATCTATGGTAAAAACAACCGGCCCTCAGGGATCCCAGACCGATTCTCTGGCTCCAGCTCAGGAAACACAGCTTCCTTGACCATCACTGGGGCTCAGGCGGAAGATGAGGCTGACTATTACTGTAACTCCCGGGACAGCAGTGGTAACCATCTCACATTGACACAGACAGATGGGGAAGTGAGACAGAAACC,CACATTG,ACACAGACAGATGGGGAAGTGAG,ACAGAAACC,GTTCTGTGGTTTCTTCTGAGCTGACTCAGGACCCTGCTGTGTCTGTGGCCTTGGGACAGACAGTCAGGATCACATGCCAAGGAGACAGCCTCAGAAGCTATTATGCAAGCTGGTACCAGCAGAAGCCAGGACAGGCCCCTGTACTTGTCATCTATGGTAAAAACAACCGGCCCTCAGGGATCCCAGACCGATTCTCTGGCTCCAGCTCAGGAAACACAGCTTCCTTGACCATCACTGGGGCTCAGGCGGAAGATGAGGCTGACTATTACTGTAACTCCCGGGACAGCAGTGGTAACCATCT,GTGCTGCCTCCCAGGGCTCAACCCCATATTATCATGCTAGCTGTGCCAACCTGGCCCTGAGCTTCGGCTCAACACAGGGAGTAGTGTAGGGTGTGGGACTCTAGGCGTGAAACCCTTATCCTCACCTCTTCTGTCCTCTTTTGCAG,ATGGCCTGGACCCCTCTCTGGCTCACTCTCCTCACTCTTTGCATAG,TCTTCTGAGCTGACTCAGGACCCTGCTGTGTCTGTGGCCTTGGGACAGACAGTCAGGATCACATGCCAAGGAGACAGCCTCAGAAGCTATTATGCAAGCTGGTACCAGCAGAAGCCAGGACAGGCCCCTGTACTTGTCATCTATGGTAAAAACAACCGGCCCTCAGGGATCCCAGACCGATTCTCTGGCTCCAGCTCAGGAAACACAGCTTCCTTGACCATCACTGGGGCTCAGGCGGAAGATGAGGCTGACTATTACTGTAACTCCCGGGACAGCAGTGGTAACCATCT,,572M,7M,23M,9M,301M,146M,46M,290M,,,,,,,,,,,,,,,,,,,,,,,
CHM13Y_IGL_to-ref_asm20.bam,0,IGLV2-18,,GAATATCTCCACCATGGCCTGGGCTCTGCTCCTCCTCACCCTCCTCACTCAGGGCACAGGTGAGGCCTCCAGGGAAGGGGCTTCGGGGACCTCTGGGCTGATCCTTAACTCCTGCTCCTCAGGCTCACCTGGGCCCAGCACTGACTTACTAAAATGTGTTTCTTCCTTTTTCCAGGATCCTGGGCTCAGTCTGCCCTGACTCAGCCTCCCTCCGTGTCCGGGTCTCCTGGACAGTCAGTCACCATCTCCTGCACTGGAACCAGCAGTGACGTTGGTAGTTATAACCGTGTCTCCTGGTACCAGCAGCCCCCAGGCACAGCCCCCAAACTCATGATTTATGAGGTCAGTAATCGGCCCTCAGGGGTCCCTGATCGCTTCTCTGGGTCCAAGTCTGGCAACACGGCCTCCCTGACCATCTCTGGGCTCCAGGCTGAGGACGAGGCTGATTATTACTGCAGCTTATATACAAGCAGCAGCACTTTCCACAGAGGTCCAAGTTCCTGGGGAACTGAGACCAAAACC,CACAGAG,GTCCAAGTTCCTGGGGAACTGAG,ACCAAAACC,GATCCTGGGCTCAGTCTGCCCTGACTCAGCCTCCCTCCGTGTCCGGGTCTCCTGGACAGTCAGTCACCATCTCCTGCACTGGAACCAGCAGTGACGTTGGTAGTTATAACCGTGTCTCCTGGTACCAGCAGCCCCCAGGCACAGCCCCCAAACTCATGATTTATGAGGTCAGTAATCGGCCCTCAGGGGTCCCTGATCGCTTCTCTGGGTCCAAGTCTGGCAACACGGCCTCCCTGACCATCTCTGGGCTCCAGGCTGAGGACGAGGCTGATTATTACTGCAGCTTATATACAAGCAGCAGCACTTTC,GTGAGGCCTCCAGGGAAGGGGCTTCGGGGACCTCTGGGCTGATCCTTAACTCCTGCTCCTCAGGCTCACCTGGGCCCAGCACTGACTTACTAAAATGTGTTTCTTCCTTTTTCCAG,ATGGCCTGGGCTCTGCTCCTCCTCACCCTCCTCACTCAGGGCACAG,CAGTCTGCCCTGACTCAGCCTCCCTCCGTGTCCGGGTCTCCTGGACAGTCAGTCACCATCTCCTGCACTGGAACCAGCAGTGACGTTGGTAGTTATAACCGTGTCTCCTGGTACCAGCAGCCCCCAGGCACAGCCCCCAAACTCATGATTTATGAGGTCAGTAATCGGCCCTCAGGGGTCCCTGATCGCTTCTCTGGGTCCAAGTCTGGCAACACGGCCTCCCTGACCATCTCTGGGCTCCAGGCTGAGGACGAGGCTGATTATTACTGCAGCTTATATACAAGCAGCAGCACTTTC,,522M,7M,23M,9M,308M,116M,46M,297M,,,,,,,,,,,,,,,,,,,,,,,
CHM13Y_IGL_to-ref_asm20.bam,0,IGLV3-16,,TCTGTGGGTCCAGGAGGCACAGCTCTGGGAATCTCACCATGGCCTGGATCCCTCTCCTGCTCCCCCTCCTCACTCTGCACAGGTGCTGACCCCAGGCCCTTCCCCAGGCTCAGTCCCCACAGATCCCAAGTTGAACCTGACCTGAATCCTGAGCAAAGCCCAGACACAGCCTCTGGGTGGGACTCCTGGAAATGGGTCCTTTGTCTTCAAGCCCCCTCTCTTGTTCTTCCTTGCAGGCTCTGAGGCCTCCTATGAGCTGACACAGCCACCCTCGGTGTCAGTGTCCCTAGGACAGATGGCCAGGATCACCTGCTCTGGAGAAGCATTGCCAAAAAAATATGCTTATTGGTACCAGCAGAAGCCAGGCCAGTTCCCTGTGCTGGTGATATATAAAGACAGCGAGAGGCCCTCAGGGATCCCTGAGCGATTCTCTGGCTCCAGCTCAGGGACAATAGTCACATTGACCATCAGTGGAGTCCAGGCAGAAGACGAGGCTGACTATTACTGTCTATCAGCAGACAGCAGTGGTACTTATCCCACAGTGACACAAGCAGACAGGGAAGTGAGACATAAACC,CACAGTG,ACACAAGCAGACAGGGAAGTGAG,ACATAAACC,GCTCTGAGGCCTCCTATGAGCTGACACAGCCACCCTCGGTGTCAGTGTCCCTAGGACAGATGGCCAGGATCACCTGCTCTGGAGAAGCATTGCCAAAAAAATATGCTTATTGGTACCAGCAGAAGCCAGGCCAGTTCCCTGTGCTGGTGATATATAAAGACAGCGAGAGGCCCTCAGGGATCCCTGAGCGATTCTCTGGCTCCAGCTCAGGGACAATAGTCACATTGACCATCAGTGGAGTCCAGGCAGAAGACGAGGCTGACTATTACTGTCTATCAGCAGACAGCAGTGGTACTTATCC,GTGCTGACCCCAGGCCCTTCCCCAGGCTCAGTCCCCACAGATCCCAAGTTGAACCTGACCTGAATCCTGAGCAAAGCCCAGACACAGCCTCTGGGTGGGACTCCTGGAAATGGGTCCTTTGTCTTCAAGCCCCCTCTCTTGTTCTTCCTTGCAG,ATGGCCTGGATCCCTCTCCTGCTCCCCCTCCTCACTCTGCACAG,TCCTATGAGCTGACACAGCCACCCTCGGTGTCAGTGTCCCTAGGACAGATGGCCAGGATCACCTGCTCTGGAGAAGCATTGCCAAAAAAATATGCTTATTGGTACCAGCAGAAGCCAGGCCAGTTCCCTGTGCTGGTGATATATAAAGACAGCGAGAGGCCCTCAGGGATCCCTGAGCGATTCTCTGGCTCCAGCTCAGGGACAATAGTCACATTGACCATCAGTGGAGTCCAGGCAGAAGACGAGGCTGACTATTACTGTCTATCAGCAGACAGCAGTGGTACTTATCC,,72M2D504M,7M,23M,9M,301M,154M,34M2D10M,290M,,,,,,,,,,,,,,,,,,,,,,,
CHM13Y_IGL_to-ref_asm20.bam,0,IGLV2-14,,GCTGGGGTCTCAGGAGGCAGCGCTCTCGGGACGTCTCCACCATGGCCTGGGCTCTGCTATTCCTCACCCTCCTCACTCAGGGCACAGGTGATGCCTCCAGGGAAGGGGCTTCGGGGACCTCTGGGCTGATCCTTGGTCTCCTGCTCCTCAGGCTCACCAGGGCCCAGCACTGACTCACTGGCATGTGTTTCTCCCTCTTTCCAGGGTCCTGGGCCCAGTCTGCCCTGACTCAGCCTGCCTCCGTGTCTGGGTCTCCTGGACAGTCGATCACCATCTCCTGCACTGGAACCAGCAGTGACGTTGGTGGTTATAACTATGTCTCCTGGTACCAACAGCACCCAGGCAAAGCCCCCAAACTCATGATTTATGATGTCAGTAATCGGCCCTCAGGGGTTTCTAATCGCTTCTCTGGCTCCAAGTCTGGCAACACGGCCTCCCTGACCATCTCTGGGCTCCAGGCTGAGGACGAGGCTGATTATTACTGCAGCTCATATACAAGCAGCAGCACTCTCCACAGTGGTCCAAGTTCCTGGGGAACTGAGACCAAAACC,CACAGTG,GTCCAAGTTCCTGGGGAACTGAG,ACCAAAACC,GGTCCTGGGCCCAGTCTGCCCTGACTCAGCCTGCCTCCGTGTCTGGGTCTCCTGGACAGTCGATCACCATCTCCTGCACTGGAACCAGCAGTGACGTTGGTGGTTATAACTATGTCTCCTGGTACCAACAGCACCCAGGCAAAGCCCCCAAACTCATGATTTATGATGTCAGTAATCGGCCCTCAGGGGTTTCTAATCGCTTCTCTGGCTCCAAGTCTGGCAACACGGCCTCCCTGACCATCTCTGGGCTCCAGGCTGAGGACGAGGCTGATTATTACTGCAGCTCATATACAAGCAGCAGCACTCTC,GTGATGCCTCCAGGGAAGGGGCTTCGGGGACCTCTGGGCTGATCCTTGGTCTCCTGCTCCTCAGGCTCACCAGGGCCCAGCACTGACTCACTGGCATGTGTTTCTCCCTCTTTCCAG,ATGGCCTGGGCTCTGCTATTCCTCACCCTCCTCACTCAGGGCACAG,CAGTCTGCCCTGACTCAGCCTGCCTCCGTGTCTGGGTCTCCTGGACAGTCGATCACCATCTCCTGCACTGGAACCAGCAGTGACGTTGGTGGTTATAACTATGTCTCCTGGTACCAACAGCACCCAGGCAAAGCCCCCAAACTCATGATTTATGATGTCAGTAATCGGCCCTCAGGGGTTTCTAATCGCTTCTCTGGCTCCAAGTCTGGCAACACGGCCTCCCTGACCATCTCTGGGCTCCAGGCTGAGGACGAGGCTGATTATTACTGCAGCTCATATACAAGCAGCAGCACTCTC,,551M,7M,23M,9M,308M,117M,46M,297M,,,,,,,,,,,,,,,,,,,,,,,
CHM13Y_IGL_to-ref_asm20.bam,0,IGLV3-12,,GCCTCAGCCATGGCCTGGACCCCTCTCCTCCTCAGCCTCCTCGCTCACTGCACAGGTGCTCTGCCCAGGGTATCACCAACCTGCCCATCCCCAGGGCTCTGGGTCCAGTGTGGCCATGACTATGAGCTCAGGAGGGCCCTGCCTGTGGTGGGCAGGATGCTCATGACCCTGCTGCAGGGTGAGGGACTGGCGGAGCTGAAGTCCCCTCAAACTCTGCTCAGAGGCTTGTGAGAGCCTGAGGGGCTGCACCTGCCAGGAGAGAGTACTGGGTTTTCAGTTCAAAGGCTCCATGCAGAGGGAAAGTCCATGGGCCACTGGGGCTAGGGCTGATTGCAGGGGATACCCTGAGGGTTCACAGACTCTCTGAAGCTTTTCCAGGACAGCAGGGCAGGGGATTTCATACGGATCTTTTACCTAAAAGCCATCCTCTCCTTTTTTTTTTTTTTTAATCTTTGCAGGCTCTGCGACCTCCTATGAGCTGACTCAGCCACACTCAGTGTCAGTGGCCACAGCACAGATGGCCAGGATCACCTGTGGGGGAAACAACATTGGAAGTAAAGCTGTGCACTGGTACCAGCAAAAGCCAGGCCAGGACCCTGTGCTGGTCATCTATAGCGATAGCAACCGGCCCTCAGGGATCCCTGAGCGATTCTCTGGCTCCAACCCAGGGAACACCGCCACCCTAACCATCAGCAGGATCGAGGCTGGGGATGAGGCTGACTATTACTGTCAGGTGTGGGACAGTAGTAGTGATCATCCCACGGTGACACAGGCAGATGGGGAAGTGAGACAAAAACA,CACGGTG,ACACAGGCAGATGGGGAAGTGAG,ACAAAAACA,GCTCTGCGACCTCCTATGAGCTGACTCAGCCACACTCAGTGTCAGTGGCCACAGCACAGATGGCCAGGATCACCTGTGGGGGAAACAACATTGGAAGTAAAGCTGTGCACTGGTACCAGCAAAAGCCAGGCCAGGACCCTGTGCTGGTCATCTATAGCGATAGCAACCGGCCCTCAGGGATCCCTGAGCGATTCTCTGGCTCCAACCCAGGGAACACCGCCACCCTAACCATCAGCAGGATCGAGGCTGGGGATGAGGCTGACTATTACTGTCAGGTGTGGGACAGTAGTAGTGATCATCC,GTGCTCTGCCCAGGGTATCACCAACCTGCCCATCCCCAGGGCTCTGGGTCCAGTGTGGCCATGACTATGAGCTCAGGAGGGCCCTGCCTGTGGTGGGCAGGATGCTCATGACCCTGCTGCAGGGTGAGGGACTGGCGGAGCTGAAGTCCCCTCAAACTCTGCTCAGAGGCTTGTGAGAGCCTGAGGGGCTGCACCTGCCAGGAGAGAGTACTGGGTTTTCAGTTCAAAGGCTCCATGCAGAGGGAAAGTCCATGGGCCACTGGGGCTAGGGCTGATTGCAGGGGATACCCTGAGGGTTCACAGACTCTCTGAAGCTTTTCCAGGACAGCAGGGCAGGGGATTTCATACGGATCTTTTACCTAAAAGCCATCCTCTCCTTTTTTTTTTTTTTTAATCTTTGCAG,ATGGCCTGGACCCCTCTCCTCCTCAGCCTCCTCGCTCACTGCACAG,TCCTATGAGCTGACTCAGCCACACTCAGTGTCAGTGGCCACAGCACAGATGGCCAGGATCACCTGTGGGGGAAACAACATTGGAAGTAAAGCTGTGCACTGGTACCAGCAAAAGCCAGGCCAGGACCCTGTGCTGGTCATCTATAGCGATAGCAACCGGCCCTCAGGGATCCCTGAGCGATTCTCTGGCTCCAACCCAGGGAACACCGCCACCCTAACCATCAGCAGGATCGAGGCTGGGGATGAGGCTGACTATTACTGTCAGGTGTGGGACAGTAGTAGTGATCATCC,,798M,7M,23M,9M,301M,403M,46M,290M,,,,,,,,,,,,,,,,,,,,,,,
CHM13Y_IGL_to-ref_asm20.bam,0,IGLV2-11,,TGCTGGGGTCTCAGGAGGCAGCACTCTCGGGACGTCTCCACCATGGCCTGGGCTCTGCTCCTCCTCAGCCTCCTCACTCAGGGCACAGGTGACACCTCCAGGGAAAGGGTCACAGGGGTCTCTGGGCTGATCCTTGGTCTCCTGCTCCTCAGGCTCACCTGGGCCCAGCACTGACTCACTAGAGTGTGTTTCTCCCTCTTTCCAGGATCCTGGGCTCAGTCTGCCCTGACTCAGCCTCGCTCAGTGTCCGGGTCTCCTGGACAGTCAGTCACCATCTCCTGCACTGGAACCAGCAGTGATGTTGGTGGTTATAACTATGTCTCCTGGTACCAACAGCACCCAGGCAAAGCCCCCAAACTCATGATTTATGATGTCAGTAAGCGGCCCTCAGGGGTCCCTGATCGCTTCTCTGGCTCCAAGTCTGGCAACACGGCCTCCCTGACCATCTCTGGGCTCCAGGCTGAGGATGAGGCTGATTATTACTGCTGCTCATATGCAGGCAGCTACACTTTCCACAGTGGTCCAAGTTCCTGGGGAACTGAGACCAAAACC,CACAGTG,GTCCAAGTTCCTGGGGAACTGAG,ACCAAAACC,GATCCTGGGCTCAGTCTGCCCTGACTCAGCCTCGCTCAGTGTCCGGGTCTCCTGGACAGTCAGTCACCATCTCCTGCACTGGAACCAGCAGTGATGTTGGTGGTTATAACTATGTCTCCTGGTACCAACAGCACCCAGGCAAAGCCCCCAAACTCATGATTTATGATGTCAGTAAGCGGCCCTCAGGGGTCCCTGATCGCTTCTCTGGCTCCAAGTCTGGCAACACGGCCTCCCTGACCATCTCTGGGCTCCAGGCTGAGGATGAGGCTGATTATTACTGCTGCTCATATGCAGGCAGCTACACTTTC,GTGACACCTCCAGGGAAAGGGTCACAGGGGTCTCTGGGCTGATCCTTGGTCTCCTGCTCCTCAGGCTCACCTGGGCCCAGCACTGACTCACTAGAGTGTGTTTCTCCCTCTTTCCAG,ATGGCCTGGGCTCTGCTCCTCCTCAGCCTCCTCACTCAGGGCACAG,CAGTCTGCCCTGACTCAGCCTCGCTCAGTGTCCGGGTCTCCTGGACAGTCAGTCACCATCTCCTGCACTGGAACCAGCAGTGATGTTGGTGGTTATAACTATGTCTCCTGGTACCAACAGCACCCAGGCAAAGCCCCCAAACTCATGATTTATGATGTCAGTAAGCGGCCCTCAGGGGTCCCTGATCGCTTCTCTGGCTCCAAGTCTGGCAACACGGCCTCCCTGACCATCTCTGGGCTCCAGGCTGAGGATGAGGCTGATTATTACTGCTGCTCATATGCAGGCAGCTACACTTTC,,552M,7M,23M,9M,308M,117M,46M,297M,,,,,,,,,,,,,,,,,,,,,,,
CHM13Y_IGL_to-ref_asm20.bam,0,IGLV3-10,,GTGGGCTCAGGAGGCAGAGCTCTGGGAATCTCACCATGGCCTGGACCCCTCTCCTGCTCCCCCTCCTCACTTTCTGCACAGGTGCTTCTCCCAGGCCCTGCCCCAGGCTCAGTGCCCATAGACCCCAAGTTGGCCCTGCCCTGAACCCTGTGCAAAGCCCAGACACAGTCTTAGGGTAGGACCCCTGGGAATGGGCTCTTGATCTTCAAGCCCCCTCTCCTGTTTTCCTTGCAGTCTCTGAGGCCTCCTATGAGCTGACACAGCCACCCTCGGTGTCAGTGTCCCCAGGACAAACGGCCAGGATCACCTGCTCTGGAGATGCATTGCCAAAAAAATATGCTTATTGGTACCAGCAGAAGTCAGGCCAGGCCCCTGTGCTGGTCATCTATGAGGACAGCAAACGACCCTCCGGGATCCCTGAGAGATTCTCTGGCTCCAGCTCAGGGACAATGGCCACCTTGACTATCAGTGGGGCCCAGGTGGAGGATGAAGCTGACTACTACTGTTACTCAACAGACAGCAGTGGTAATCATAGCACAGTGACACTGGCAGATGGGGAAGTGAGACACAAACC,CACAGTG,ACACTGGCAGATGGGGAAGTGAG,ACACAAACC,TCTCTGAGGCCTCCTATGAGCTGACACAGCCACCCTCGGTGTCAGTGTCCCCAGGACAAACGGCCAGGATCACCTGCTCTGGAGATGCATTGCCAAAAAAATATGCTTATTGGTACCAGCAGAAGTCAGGCCAGGCCCCTGTGCTGGTCATCTATGAGGACAGCAAACGACCCTCCGGGATCCCTGAGAGATTCTCTGGCTCCAGCTCAGGGACAATGGCCACCTTGACTATCAGTGGGGCCCAGGTGGAGGATGAAGCTGACTACTACTGTTACTCAACAGACAGCAGTGGTAATCATAG,GTGCTTCTCCCAGGCCCTGCCCCAGGCTCAGTGCCCATAGACCCCAAGTTGGCCCTGCCCTGAACCCTGTGCAAAGCCCAGACACAGTCTTAGGGTAGGACCCCTGGGAATGGGCTCTTGATCTTCAAGCCCCCTCTCCTGTTTTCCTTGCAG,ATGGCCTGGACCCCTCTCCTGCTCCCCCTCCTCACTTTCTGCACAG,TCCTATGAGCTGACACAGCCACCCTCGGTGTCAGTGTCCCCAGGACAAACGGCCAGGATCACCTGCTCTGGAGATGCATTGCCAAAAAAATATGCTTATTGGTACCAGCAGAAGTCAGGCCAGGCCCCTGTGCTGGTCATCTATGAGGACAGCAAACGACCCTCCGGGATCCCTGAGAGATTCTCTGGCTCCAGCTCAGGGACAATGGCCACCTTGACTATCAGTGGGGCCCAGGTGGAGGATGAAGCTGACTACTACTGTTACTCAACAGACAGCAGTGGTAATCATAG,,574M,7M,23M,9M,301M,153M,46M,290M,,,,,,,,,,,,,,,,,,,,,,,
CHM13Y_IGL_to-ref_asm20.bam,0,IGLV3-9,,CTTGACTCTGCTGATTTGCATCACAGGCTGCTCTCTTCAGCAAGGGGATAAGAGAGGGCTGGAAGGAACCTGCCCAGCCTGGGCCTCAGGAAGCAGCATCGGGGGTGCCGCAGCCATGGCCTGGACCGCTCTCCTTCTGAGCCTCCTTGCTCACTTTACAGGTGCTGCCCCCAGTGTCCCAGCCACCTACCCAGCTCCAAGGCTCTGGGTCCAGCCTGGCCTGACAGTGATCTCAGCAGGGCCCTGCCTGTGGTGTGCAGGATGCTCATGATCCTGCTGCAGGGGGAGGGGCTGCTGGAGGTGAAATCCCCCCACACTGTTCTTCTGTGCTCATGGTCCCCTGAGGACACTTCTATTCCTGAAACTCAGGCCAGGCAGGTGGGAAGGCATTGTTGGGTTGAGCCTCTCAGTTTCAAGTCTATTCTATTCTCTCCCCTTTTCTTGCAGGTTCTGTGGCCTCCTATGAGCTGACTCAGCCACTCTCAGTGTCAGTGGCCCTGGGACAGACGGCCAGGATTACCTGTGGGGGAAACAACATTGGAAGTAAAAATGTGCACTGGTACCAGCAGAAGCCAGGCCAGGCCCCTGTGCTGGTCATCTATAGGGATAGCAACCGGCCCTCTGGGATCCCTGAGCGATTCTCTGGCTCCAACTCGGGGAACACGGCCACCCTGACCATCAGCAGAGCCCAAGCCGGGGATGAGGCTGACTATTACTGTCAGGTGTGGGACAGCAGCACTGCACACAGTAACACAGGCAGATGAAGAAGTGAGACACAAACC,CACAGTA,ACACAGGCAGATGAAGAAGTGAG,ACACAAACC,GTTCTGTGGCCTCCTATGAGCTGACTCAGCCACTCTCAGTGTCAGTGGCCCTGGGACAGACGGCCAGGATTACCTGTGGGGGAAACAACATTGGAAGTAAAAATGTGCACTGGTACCAGCAGAAGCCAGGCCAGGCCCCTGTGCTGGTCATCTATAGGGATAGCAACCGGCCCTCTGGGATCCCTGAGCGATTCTCTGGCTCCAACTCGGGGAACACGGCCACCCTGACCATCAGCAGAGCCCAAGCCGGGGATGAGGCTGACTATTACTGTCAGGTGTGGGACAGCAGCACTGCA,GTGCTGCCCCCAGTGTCCCAGCCACCTACCCAGCTCCAAGGCTCTGGGTCCAGCCTGGCCTGACAGTGATCTCAGCAGGGCCCTGCCTGTGGTGTGCAGGATGCTCATGATCCTGCTGCAGGGGGAGGGGCTGCTGGAGGTGAAATCCCCCCACACTGTTCTTCTGTGCTCATGGTCCCCTGAGGACACTTCTATTCCTGAAACTCAGGCCAGGCAGGTGGGAAGGCATTGTTGGGTTGAGCCTCTCAGTTTCAAGTCTATTCTATTCTCTCCCCTTTTCTTGCAG,ATGGCCTGGACCGCTCTCCTTCTGAGCCTCCTTGCTCACTTTACAG,TCCTATGAGCTGACTCAGCCACTCTCAGTGTCAGTGGCCCTGGGACAGACGGCCAGGATTACCTGTGGGGGAAACAACATTGGAAGTAAAAATGTGCACTGGTACCAGCAGAAGCCAGGCCAGGCCCCTGTGCTGGTCATCTATAGGGATAGCAACCGGCCCTCTGGGATCCCTGAGCGATTCTCTGGCTCCAACTCGGGGAACACGGCCACCCTGACCATCAGCAGAGCCCAAGCCGGGGATGAGGCTGACTATTACTGTCAGGTGTGGGACAGCAGCACTGCA,,782M,7M,23M,9M,296M,286M,46M,285M,,,,,,,,,,,,,,,,,,,,,,,
CHM13Y_IGL_to-ref_asm20.bam,0,IGLV2-8,,TCTCTAAGCCCAGGCCCAAGTGAGGGTGGGGTGAGAAGAGGAGCTCAGGATGCAGATTTGCATGGAGGTCCCGCCCTTCTCTGAGGCAGAGGGGATAAGACAGGGCTGGGGGCAGGCCCAGTGCTGGGGTCTCAGGAGGCAGCGCTCTCAGGACGTCACCACCATGGCCTGGGCTCTGCTCCTCCTCACCCTCCTCACTCAGGGCACAGGTGATGCCTCCAGGGAAGGGGCCACAGGGACCTCTGGGCTGATCCTTGGTCTCCTGCTCCTCAGGCTCACCTGGGCCCAGCACTGACTCACTAGACTGTGTTTCTCCCTTTCCAGGGTCCTGGGCCCAGTCTGCCCTGACTCAGCCTCCCTCCGCGTCCGGGTCTCCTGGACAGTCAGTCACCATCTCCTGCACTGGAACCAGCAGTGACGTTGGTGGTTATAACTATGTCTCCTGGTACCAACAGCACCCAGGCAAAGCCCCCAAACTCATGATTTATGAGGTCAGTAAGCGGCCCTCAGGGGTCCCTGATCGCTTCTCTGGCTCCAAGTCTGGCAACACGGCCTCCCTGACCGTCTCTGGGCTCCAGGCTGAGGATGAGGCTGATTATTACTGCAGCTCATATGCAGGCAGCAACAATTTCCACAGTGTTTTAAGTCAATGAGGAAGTAAGATCAAAACC,CACAGTG,TTTTAAGTCAATGAGGAAGTAAG,ATCAAAACC,GGTCCTGGGCCCAGTCTGCCCTGACTCAGCCTCCCTCCGCGTCCGGGTCTCCTGGACAGTCAGTCACCATCTCCTGCACTGGAACCAGCAGTGACGTTGGTGGTTATAACTATGTCTCCTGGTACCAACAGCACCCAGGCAAAGCCCCCAAACTCATGATTTATGAGGTCAGTAAGCGGCCCTCAGGGGTCCCTGATCGCTTCTCTGGCTCCAAGTCTGGCAACACGGCCTCCCTGACCGTCTCTGGGCTCCAGGCTGAGGATGAGGCTGATTATTACTGCAGCTCATATGCAGGCAGCAACAATTTC,GTGATGCCTCCAGGGAAGGGGCCACAGGGACCTCTGGGCTGATCCTTGGTCTCCTGCTCCTCAGGCTCACCTGGGCCCAGCACTGACTCACTAGACTGTGTTTCTCCCTTTCCAG,ATGGCCTGGGCTCTGCTCCTCCTCACCCTCCTCACTCAGGGCACAG,CAGTCTGCCCTGACTCAGCCTCCCTCCGCGTCCGGGTCTCCTGGACAGTCAGTCACCATCTCCTGCACTGGAACCAGCAGTGACGTTGGTGGTTATAACTATGTCTCCTGGTACCAACAGCACCCAGGCAAAGCCCCCAAACTCATGATTTATGAGGTCAGTAAGCGGCCCTCAGGGGTCCCTGATCGCTTCTCTGGCTCCAAGTCTGGCAACACGGCCTCCCTGACCGTCTCTGGGCTCCAGGCTGAGGATGAGGCTGATTATTACTGCAGCTCATATGCAGGCAGCAACAATTTC,,671M,7M,23M,9M,308M,115M,46M,297M,,,,,,,,,,,,,,,,,,,,,,,
CHM13Y_IGL_to-ref_asm20.bam,0,IGLV4-3,,CTCGAATAGAGCTCTTGGAAGTCCCTCCAACCATGGCCTGGGTCTCCTTCTACCTACTGCCCTTCATTTTCTCCACAGGTCAGAACATCCCAGGGAATTCAGGGAAATGTTTTCACTGCTATTTTCCCATGAGCACCAGTCCTCAGGGGCATTCTTTCCAGTTCTTCTGTGCATTCAGCATCATTCATGACATTCTGTTTACAGGTCTCTGTGCTCTGCCTGTGCTGACTCAGCCCCCGTCTGCATCTGCCTTGCTGGGAGCCTCGATCAAGCTCACCTGCACCCTAAGCAGTGAGCACAGCACCTACACCATCGAATGGTATCAACAGAGACCAGGGAGGTCCCCCCAGTATATAATGAAGGTTAAGAGTGATGGCAGCCACAGCAAGGGGGACGGGATCCCCGATCGCTTCATGGGCTCCAGTTCTGGGGCTGACCGCTACCTCACCTTCTCCAACCTCCAGTCTGACGATGAGGCTGAGTATCACTGTGGAGAGAGCCACACGATTGATGGCCAAGTCGGTTGAGCCACAGTGACACAGATGAAGGGGAAGTGAGGCCAAAACCT,CACAGTG,ACACAGATGAAGGGGAAGTGAGG,CCAAAACCT,GTCTCTGTGCTCTGCCTGTGCTGACTCAGCCCCCGTCTGCATCTGCCTTGCTGGGAGCCTCGATCAAGCTCACCTGCACCCTAAGCAGTGAGCACAGCACCTACACCATCGAATGGTATCAACAGAGACCAGGGAGGTCCCCCCAGTATATAATGAAGGTTAAGAGTGATGGCAGCCACAGCAAGGGGGACGGGATCCCCGATCGCTTCATGGGCTCCAGTTCTGGGGCTGACCGCTACCTCACCTTCTCCAACCTCCAGTCTGACGATGAGGCTGAGTATCACTGTGGAGAGAGCCACACGATTGATGGCCAAGTCGGTTGAGC,GTCAGAACATCCCAGGGAATTCAGGGAAATGTTTTCACTGCTATTTTCCCATGAGCACCAGTCCTCAGGGGCATTCTTTCCAGTTCTTCTGTGCATTCAGCATCATTCATGACATTCTGTTTACAG,ATGGCCTGGGTCTCCTTCTACCTACTGCCCTTCATTTTCTCCACAG,CTGCCTGTGCTGACTCAGCCCCCGTCTGCATCTGCCTTGCTGGGAGCCTCGATCAAGCTCACCTGCACCCTAAGCAGTGAGCACAGCACCTACACCATCGAATGGTATCAACAGAGACCAGGGAGGTCCCCCCAGTATATAATGAAGGTTAAGAGTGATGGCAGCCACAGCAAGGGGGACGGGATCCCCGATCGCTTCATGGGCTCCAGTTCTGGGGCTGACCGCTACCTCACCTTCTCCAACCTCCAGTCTGACGATGAGGCTGAGTATCACTGTGGAGAGAGCCACACGATTGATGGCCAAGTCGGTTGAGC,,568M,7M,23M,9M,325M,126M,46M,314M,,,,,,,,,,,,,,,,,,,,,,,
CHM13Y_IGL_to-ref_asm20.bam,0,IGLV3-1,,AAGAACCTGCCCAGCCTGGGCCTCAGGAAGCAGCATCGGAGGTGCCTCAGCCATGGCATGGATCCCTCTCTTCCTCGGCGTCCTTGCTTACTGCACAGGTGCTGCCCCTAGGGTCCTAGCCACTGGTCCAGTCCCAGGGCTCTGGGTCCAGCCTGGCCCTGACTCTGAGCTCAGCAGGGCCCCCGCCTGTGGTGGGCAGGATGCTCATGACCCTGCTGCAGGTGGATGGGCTCGGCGGGGCTGAAATCCCCCCACACAGTGCTCATGTGCTCACACTGCCTTAGGGCTCTTTCATCCCTGGATCTGTGTCCAGGCCAGGCACGTGGGAAGATTTACTTGGAGTTCAGCTCCTCAGTTTCAAGCCTTTTCTCTCCCGTTTTCTCTCCTGTAGGATCCGTGGCCTCCTATGAGCTGACTCAGCCACCCTCAGTGTCCGTGTCCCCAGGACAGACAGCCAGCATCACCTGCTCTGGAGATAAATTGGGGGATAAATATGCTTGCTGGTATCAGCAGAAGCCAGGCCAGTCCCCTGTGCTGGTCATCTATCAAGATAGCAAGCGGCCCTCAGGGATCCCTGAGCGATTCTCTGGCTCCAACTCTGGGAACACAGCCACTCTGACCATCAGCGGGACCCAGGCTATGGATGAGGCTGACTATTACTGTCAGGCGTGGGACAGCAGCACTGCACACAGTGACACAGGCAGATGCGGAAGTGAGACAGAAACC,CACAGTG,ACACAGGCAGATGCGGAAGTGAG,ACAGAAACC,GATCCGTGGCCTCCTATGAGCTGACTCAGCCACCCTCAGTGTCCGTGTCCCCAGGACAGACAGCCAGCATCACCTGCTCTGGAGATAAATTGGGGGATAAATATGCTTGCTGGTATCAGCAGAAGCCAGGCCAGTCCCCTGTGCTGGTCATCTATCAAGATAGCAAGCGGCCCTCAGGGATCCCTGAGCGATTCTCTGGCTCCAACTCTGGGAACACAGCCACTCTGACCATCAGCGGGACCCAGGCTATGGATGAGGCTGACTATTACTGTCAGGCGTGGGACAGCAGCACTGCA,GTGCTGCCCCTAGGGTCCTAGCCACTGGTCCAGTCCCAGGGCTCTGGGTCCAGCCTGGCCCTGACTCTGAGCTCAGCAGGGCCCCCGCCTGTGGTGGGCAGGATGCTCATGACCCTGCTGCAGGTGGATGGGCTCGGCGGGGCTGAAATCCCCCCACACAGTGCTCATGTGCTCACACTGCCTTAGGGCTCTTTCATCCCTGGATCTGTGTCCAGGCCAGGCACGTGGGAAGATTTACTTGGAGTTCAGCTCCTCAGTTTCAAGCCTTTTCTCTCCCGTTTTCTCTCCTGTAG,ATGGCATGGATCCCTCTCTTCCTCGGCGTCCTTGCTTACTGCACAG,TCCTATGAGCTGACTCAGCCACCCTCAGTGTCCGTGTCCCCAGGACAGACAGCCAGCATCACCTGCTCTGGAGATAAATTGGGGGATAAATATGCTTGCTGGTATCAGCAGAAGCCAGGCCAGTCCCCTGTGCTGGTCATCTATCAAGATAGCAAGCGGCCCTCAGGGATCCCTGAGCGATTCTCTGGCTCCAACTCTGGGAACACAGCCACTCTGACCATCAGCGGGACCCAGGCTATGGATGAGGCTGACTATTACTGTCAGGCGTGGGACAGCAGCACTGCA,,726M,7M,23M,9M,296M,293M,46M,285M,,,,,,,,,,,,,,,,,,,,,,,
CHM13Y_IGL_to-ref_asm20.bam,0,IGLJ7,,GGTTTGTGTGTGGGGCTGTGTCACTGTGTGCTGTGTTCGGAGGAGGCACCCAGCTGACCGTCCTCG,,,,,,,,,66M,,,,,,,,,,,,,,,,,,,,,,,CACTGTG,7M,GTGGGGCTGTGT,12M,GGTTTGTGT,9M,TGCTGTGTTCGGAGGAGGCACCCAGCTGACCGTCCTCG,38M
CHM13Y_IGL_to-ref_asm20.bam,0,IGLJ6,,GGTTTGTGTGCAGGGTTATATCACAGTGTAATGTGTTCGGCAGTGGCACCAAGGTGACCGTCCTCG,,,,,,,,,66M,,,,,,,,,,,,,,,,,,,,,,,CACAGTG,7M,GCAGGGTTATAT,12M,GGTTTGTGT,9M,TAATGTGTTCGGCAGTGGCACCAAGGTGACCGTCCTCG,38M
CHM13Y_IGL_to-ref_asm20.bam,0,IGLJ5,,GGTTTTTGTATGAGCCTGTGTCACAGCACTGGGTGTTTGGTGAGGGGACCGAGCTGACCGTCCTAG,,,,,,,,,66M,,,,,,,,,,,,,,,,,,,,,,,CACAGCA,7M,ATGAGCCTGTGT,12M,GGTTTTTGT,9M,CTGGGTGTTTGGTGAGGGGACCGAGCTGACCGTCCTAG,38M
CHM13Y_IGL_to-ref_asm20.bam,0,IGLJ4,,AGTTTTTGTATGAACCTGTGTCACCGCATTTTGTATTTGGTGGAGGAACCCAGCTGATCATTTTAG,,,,,,,,,66M,,,,,,,,,,,,,,,,,,,,,,,CACCGCA,7M,ATGAACCTGTGT,12M,AGTTTTTGT,9M,TTTTGTATTTGGTGGAGGAACCCAGCTGATCATTTTAG,38M
CHM13Y_IGL_to-ref_asm20.bam,0,IGLJ3,,GGTTTTTGTATGAGCCTGTGTCACAGTGTTGGGTGTTCGGCGGAGGGACCAAGCTGACCGTCCTAG,,,,,,,,,66M,,,,,,,,,,,,,,,,,,,,,,,CACAGTG,7M,ATGAGCCTGTGT,12M,GGTTTTTGT,9M,TTGGGTGTTCGGCGGAGGGACCAAGCTGACCGTCCTAG,38M
CHM13Y_IGL_to-ref_asm20.bam,0,IGLJ2,,GGTTTTTGTATGAGCCTGTGTCACAGTGTGTGGTATTCGGCGGAGGGACCAAGCTGACCGTCCTAG,,,,,,,,,66M,,,,,,,,,,,,,,,,,,,,,,,CACAGTG,7M,ATGAGCCTGTGT,12M,GGTTTTTGT,9M,TGTGGTATTCGGCGGAGGGACCAAGCTGACCGTCCTAG,38M
CHM13Y_IGL_to-ref_asm20.bam,0,IGLJ1,,GGTTTTGGTCTGAGCCTCAGTCACTGTGTTATGTCTTCGGAACTGGGACCAAGGTCACCGTCCTAG,,,,,,,,,66M,,,,,,,,,,,,,,,,,,,,,,,CACTGTG,7M,CTGAGCCTCAGT,12M,GGTTTTGGT,9M,TTATGTCTTCGGAACTGGGACCAAGGTCACCGTCCTAG,38M
