sample_name,project,subject,sample,haplotype,genotyper_gene,genotyper_allele,vdjbase_allele,closest_imgt_allele,imgt_allele_match,closest_imgt_seq,ref_extension,L-PART1,V-INTRON,L-PART2,V-REGION,V-REGION-GAPPED,V-HEPTAMER,V-SPACER,V-NONAMER,D-5_NONAMER,D-5_SPACER,D-5_HEPTAMER,D-REGION,D-3_HEPTAMER,D-3_SPACER,D-3_NONAMER,J-NONAMER,J-SPACER,J-HEPTAMER,J-REGION,notes,exon_reads,exon_min_score,gene_sequence
B-105.bam,B,105.bam,1,2,IGHV6-1,,IGHV6-1*01,IGHV6-1*01,100.0,CAGGTACAGCTGCAGCAGTCAGGTCCAGGACTGGTGAAGCCCTCGCAGACCCTCTCACTCACCTGTGCCATCTCCGGGGACAGTGTCTCTAGCAACAGTGCTGCTTGGAACTGGATCAGGCAGTCCCCATCGAGAGGCCTTGAGTGGCTGGGAAGGACATACTACAGGTCCAAGTGGTATAATGATTATGCAGTATCTGTGAAAAGTCGAATAACCATCAACCCAGACACATCCAAGAACCAGTTCTCCCTGCAGCTGAACTCTGTGACTCCCGAGGACACGGCTGTGTATTACTGTGCAAGAGA,False,ATGTCTGTCTCCTTCCTCATCTTCCTGCCCGTGCTGGGCCTCCCATGGG,GTCAGTGTCAGGGAGATGCCGTATTCACAGCAGCATTCACAGACTGAGGGGTGTTTCACTTTGCTGTTTCCTTTTGTCTCCAG,GTGTCCTGTCA,CAGGTACAGCTGCAGCAGTCAGGTCCAGGACTGGTGAAGCCCTCGCAGACCCTCTCACTCACCTGTGCCATCTCCGGGGACAGTGTCTCTAGCAACAGTGCTGCTTGGAACTGGATCAGGCAGTCCCCATCGAGAGGCCTTGAGTGGCTGGGAAGGACATACTACAGGTCCAAGTGGTATAATGATTATGCAGTATCTGTGAAAAGTCGAATAACCATCAACCCAGACACATCCAAGAACCAGTTCTCCCTGCAGCTGAACTCTGTGACTCCCGAGGACACGGCTGTGTATTACTGTGCAAGAGA,CAGGTACAGCTGCAGCAGTCAGGTCCA...GGACTGGTGAAGCCCTCGCAGACCCTCTCACTCACCTGTGCCATCTCCGGGGACAGTGTCTCT......AGCAACAGTGCTGCTTGGAACTGGATCAGGCAGTCCCCATCGAGAGGCCTTGAGTGGCTGGGAAGGACATACTACAGGTCC...AAGTGGTATAATGATTATGCAGTATCTGTGAAA...AGTCGAATAACCATCAACCCAGACACATCCAAGAACCAGTTCTCCCTGCAGCTGAACTCTGTGACTCCCGAGGACACGGCTGTGTATTACTGTGCAAGAGA,CACAGTG,AGGGGAAGTCAGTGTGAGCCCAG,ACACAAACC,,,,,,,,,,,,,,,GCTCCAGACAATGTCTGTCTCCTTCCTCATCTTCCTGCCCGTGCTGGGCCTCCCATGGGGTCAGTGTCAGGGAGATGCCGTATTCACAGCAGCATTCACAGACTGAGGGGTGTTTCACTTTGCTGTTTCCTTTTGTCTCCAGGTGTCCTGTCACAGGTACAGCTGCAGCAGTCAGGTCCAGGACTGGTGAAGCCCTCGCAGACCCTCTCACTCACCTGTGCCATCTCCGGGGACAGTGTCTCTAGCAACAGTGCTGCTTGGAACTGGATCAGGCAGTCCCCATCGAGAGGCCTTGAGTGGCTGGGAAGGACATACTACAGGTCCAAGTGGTATAATGATTATGCAGTATCTGTGAAAAGTCGAATAACCATCAACCCAGACACATCCAAGAACCAGTTCTCCCTGCAGCTGAACTCTGTGACTCCCGAGGACACGGCTGTGTATTACTGTGCAAGAGACACAGTGAGGGGAAGTCAGTGTGAGCCCAGACACAAACCTCCCTGCAGG
B-105.bam,B,105.bam,1,1,IGHV6-1,,IGHV6-1*01,IGHV6-1*01,100.0,CAGGTACAGCTGCAGCAGTCAGGTCCAGGACTGGTGAAGCCCTCGCAGACCCTCTCACTCACCTGTGCCATCTCCGGGGACAGTGTCTCTAGCAACAGTGCTGCTTGGAACTGGATCAGGCAGTCCCCATCGAGAGGCCTTGAGTGGCTGGGAAGGACATACTACAGGTCCAAGTGGTATAATGATTATGCAGTATCTGTGAAAAGTCGAATAACCATCAACCCAGACACATCCAAGAACCAGTTCTCCCTGCAGCTGAACTCTGTGACTCCCGAGGACACGGCTGTGTATTACTGTGCAAGAGA,False,ATGTCTGTCTCCTTCCTCATCTTCCTGCCCGTGCTGGGCCTCCCATGGG,GTCAGTGTCAGGGAGATGCCGTATTCACAGCAGCATTCACAGACTGAGGGGTGTTTCACTTTGCTGTTTCCTTTTGTCTCCAG,GTGTCCTGTCA,CAGGTACAGCTGCAGCAGTCAGGTCCAGGACTGGTGAAGCCCTCGCAGACCCTCTCACTCACCTGTGCCATCTCCGGGGACAGTGTCTCTAGCAACAGTGCTGCTTGGAACTGGATCAGGCAGTCCCCATCGAGAGGCCTTGAGTGGCTGGGAAGGACATACTACAGGTCCAAGTGGTATAATGATTATGCAGTATCTGTGAAAAGTCGAATAACCATCAACCCAGACACATCCAAGAACCAGTTCTCCCTGCAGCTGAACTCTGTGACTCCCGAGGACACGGCTGTGTATTACTGTGCAAGAGA,CAGGTACAGCTGCAGCAGTCAGGTCCA...GGACTGGTGAAGCCCTCGCAGACCCTCTCACTCACCTGTGCCATCTCCGGGGACAGTGTCTCT......AGCAACAGTGCTGCTTGGAACTGGATCAGGCAGTCCCCATCGAGAGGCCTTGAGTGGCTGGGAAGGACATACTACAGGTCC...AAGTGGTATAATGATTATGCAGTATCTGTGAAA...AGTCGAATAACCATCAACCCAGACACATCCAAGAACCAGTTCTCCCTGCAGCTGAACTCTGTGACTCCCGAGGACACGGCTGTGTATTACTGTGCAAGAGA,CACAGTG,AGGGGAAGTCAGTGTGAGCCCAG,ACACAAACC,,,,,,,,,,,,,,,GCTCCAGACAATGTCTGTCTCCTTCCTCATCTTCCTGCCCGTGCTGGGCCTCCCATGGGGTCAGTGTCAGGGAGATGCCGTATTCACAGCAGCATTCACAGACTGAGGGGTGTTTCACTTTGCTGTTTCCTTTTGTCTCCAGGTGTCCTGTCACAGGTACAGCTGCAGCAGTCAGGTCCAGGACTGGTGAAGCCCTCGCAGACCCTCTCACTCACCTGTGCCATCTCCGGGGACAGTGTCTCTAGCAACAGTGCTGCTTGGAACTGGATCAGGCAGTCCCCATCGAGAGGCCTTGAGTGGCTGGGAAGGACATACTACAGGTCCAAGTGGTATAATGATTATGCAGTATCTGTGAAAAGTCGAATAACCATCAACCCAGACACATCCAAGAACCAGTTCTCCCTGCAGCTGAACTCTGTGACTCCCGAGGACACGGCTGTGTATTACTGTGCAAGAGACACAGTGAGGGGAAGTCAGTGTGAGCCCAGACACAAACCTCCCTGCAGG
B-105.bam,B,105.bam,1,1,IGHV1-2,,IGHV1-2*06,IGHV1-2*06,100.0,CAGGTGCAGCTGGTGCAGTCTGGGGCTGAGGTGAAGAAGCCTGGGGCCTCAGTGAAGGTCTCCTGCAAGGCTTCTGGATACACCTTCACCGGCTACTATATGCACTGGGTGCGACAGGCCCCTGGACAAGGGCTTGAGTGGATGGGACGGATCAACCCTAACAGTGGTGGCACAAACTATGCACAGAAGTTTCAGGGCAGGGTCACCATGACCAGGGACACGTCCATCAGCACAGCCTACATGGAGCTGAGCAGGCTGAGATCTGACGACACGGCCGTGTATTACTGTGCGAGAGA,False,ATGGACTGGACCTGGAGGATCCTCTTCTTGGTGGCAGCAGCCACAG,GTAAGAGGCTCCCTAGTCCCAGTGATGAGAAAGAGATTGAGTCCAGTCCAGGGAGATCTCATCCACTTCTGTGTTCTCTCCACAG,GAGCCCACTCC,CAGGTGCAGCTGGTGCAGTCTGGGGCTGAGGTGAAGAAGCCTGGGGCCTCAGTGAAGGTCTCCTGCAAGGCTTCTGGATACACCTTCACCGGCTACTATATGCACTGGGTGCGACAGGCCCCTGGACAAGGGCTTGAGTGGATGGGACGGATCAACCCTAACAGTGGTGGCACAAACTATGCACAGAAGTTTCAGGGCAGGGTCACCATGACCAGGGACACGTCCATCAGCACAGCCTACATGGAGCTGAGCAGGCTGAGATCTGACGACACGGCCGTGTATTACTGTGCGAGAGA,CAGGTGCAGCTGGTGCAGTCTGGGGCT...GAGGTGAAGAAGCCTGGGGCCTCAGTGAAGGTCTCCTGCAAGGCTTCTGGATACACCTTC............ACCGGCTACTATATGCACTGGGTGCGACAGGCCCCTGGACAAGGGCTTGAGTGGATGGGACGGATCAACCCTAAC......AGTGGTGGCACAAACTATGCACAGAAGTTTCAG...GGCAGGGTCACCATGACCAGGGACACGTCCATCAGCACAGCCTACATGGAGCTGAGCAGGCTGAGATCTGACGACACGGCCGTGTATTACTGTGCGAGAGA,CACAGTG,TGAAAACCCACATCCTGAGGGTG,TCAGAAACC,,,,,,,,,,,,,,,GTTCCTCACCATGGACTGGACCTGGAGGATCCTCTTCTTGGTGGCAGCAGCCACAGGTAAGAGGCTCCCTAGTCCCAGTGATGAGAAAGAGATTGAGTCCAGTCCAGGGAGATCTCATCCACTTCTGTGTTCTCTCCACAGGAGCCCACTCCCAGGTGCAGCTGGTGCAGTCTGGGGCTGAGGTGAAGAAGCCTGGGGCCTCAGTGAAGGTCTCCTGCAAGGCTTCTGGATACACCTTCACCGGCTACTATATGCACTGGGTGCGACAGGCCCCTGGACAAGGGCTTGAGTGGATGGGACGGATCAACCCTAACAGTGGTGGCACAAACTATGCACAGAAGTTTCAGGGCAGGGTCACCATGACCAGGGACACGTCCATCAGCACAGCCTACATGGAGCTGAGCAGGCTGAGATCTGACGACACGGCCGTGTATTACTGTGCGAGAGACACAGTGTGAAAACCCACATCCTGAGGGTGTCAGAAACCCCAGGGAGGA
B-105.bam,B,105.bam,1,2,IGHV1-2,,IGHV1-2*04,IGHV1-2*04,100.0,CAGGTGCAGCTGGTGCAGTCTGGGGCTGAGGTGAAGAAGCCTGGGGCCTCAGTGAAGGTCTCCTGCAAGGCTTCTGGATACACCTTCACCGGCTACTATATGCACTGGGTGCGACAGGCCCCTGGACAAGGGCTTGAGTGGATGGGATGGATCAACCCTAACAGTGGTGGCACAAACTATGCACAGAAGTTTCAGGGCTGGGTCACCATGACCAGGGACACGTCCATCAGCACAGCCTACATGGAGCTGAGCAGGCTGAGATCTGACGACACGGCCGTGTATTACTGTGCGAGAGA,False,ATGGACTGGACCTGGAGGATCCTCTTCTTGGTGGCAGCAGCCACAG,GTAAGAGGCTCCCTAGTCCCAGTGATGAGAAAGAGATTGAGTCCAGTCCAGGGAGATCTCATCCACTTCTGTGTTCTCTCCACAG,GAGCCCACTCC,CAGGTGCAGCTGGTGCAGTCTGGGGCTGAGGTGAAGAAGCCTGGGGCCTCAGTGAAGGTCTCCTGCAAGGCTTCTGGATACACCTTCACCGGCTACTATATGCACTGGGTGCGACAGGCCCCTGGACAAGGGCTTGAGTGGATGGGATGGATCAACCCTAACAGTGGTGGCACAAACTATGCACAGAAGTTTCAGGGCTGGGTCACCATGACCAGGGACACGTCCATCAGCACAGCCTACATGGAGCTGAGCAGGCTGAGATCTGACGACACGGCCGTGTATTACTGTGCGAGAGA,CAGGTGCAGCTGGTGCAGTCTGGGGCT...GAGGTGAAGAAGCCTGGGGCCTCAGTGAAGGTCTCCTGCAAGGCTTCTGGATACACCTTC............ACCGGCTACTATATGCACTGGGTGCGACAGGCCCCTGGACAAGGGCTTGAGTGGATGGGATGGATCAACCCTAAC......AGTGGTGGCACAAACTATGCACAGAAGTTTCAG...GGCTGGGTCACCATGACCAGGGACACGTCCATCAGCACAGCCTACATGGAGCTGAGCAGGCTGAGATCTGACGACACGGCCGTGTATTACTGTGCGAGAGA,CACAGTG,TGAAAACCCACATCCTGAGGGTG,TCAGAAACC,,,,,,,,,,,,,,,GTTCCTCACCATGGACTGGACCTGGAGGATCCTCTTCTTGGTGGCAGCAGCCACAGGTAAGAGGCTCCCTAGTCCCAGTGATGAGAAAGAGATTGAGTCCAGTCCAGGGAGATCTCATCCACTTCTGTGTTCTCTCCACAGGAGCCCACTCCCAGGTGCAGCTGGTGCAGTCTGGGGCTGAGGTGAAGAAGCCTGGGGCCTCAGTGAAGGTCTCCTGCAAGGCTTCTGGATACACCTTCACCGGCTACTATATGCACTGGGTGCGACAGGCCCCTGGACAAGGGCTTGAGTGGATGGGATGGATCAACCCTAACAGTGGTGGCACAAACTATGCACAGAAGTTTCAGGGCTGGGTCACCATGACCAGGGACACGTCCATCAGCACAGCCTACATGGAGCTGAGCAGGCTGAGATCTGACGACACGGCCGTGTATTACTGTGCGAGAGACACAGTGTGAAAACCCACATCCTGAGGGTGTCAGAAACCCCAGGGAGGA
B-105.bam,B,105.bam,1,1,IGHV7-4-1,,IGHV7-4-1*01,IGHV7-4-1*01,100.0,CAGGTGCAGCTGGTGCAATCTGGGTCTGAGTTGAAGAAGCCTGGGGCCTCAGTGAAGGTTTCCTGCAAGGCTTCTGGATACACCTTCACTAGCTATGCTATGAATTGGGTGCGACAGGCCCCTGGACAAGGGCTTGAGTGGATGGGATGGATCAACACCAACACTGGGAACCCAACGTATGCCCAGGGCTTCACAGGACGGTTTGTCTTCTCCTTGGACACCTCTGTCAGCACGGCATATCTGCAGATCTGCAGCCTAAAGGCTGAGGACACTGCCGTGTATTACTGTGCGAGAGA,False,ATGGACTGGACCTGGAGGATCCTCTTCTTGGTGGCAGCAGCAACAG,GTAAGGGGCTCCCCAGTCACTGGGCTGAGGGAGAAACCAGCACAGTCAAGTGAGACTTCATGCACTCCCATCTCCTCTCCACAG,GTGCCCACTCC,CAGGTGCAGCTGGTGCAATCTGGGTCTGAGTTGAAGAAGCCTGGGGCCTCAGTGAAGGTTTCCTGCAAGGCTTCTGGATACACCTTCACTAGCTATGCTATGAATTGGGTGCGACAGGCCCCTGGACAAGGGCTTGAGTGGATGGGATGGATCAACACCAACACTGGGAACCCAACGTATGCCCAGGGCTTCACAGGACGGTTTGTCTTCTCCTTGGACACCTCTGTCAGCACGGCATATCTGCAGATCTGCAGCCTAAAGGCTGAGGACACTGCCGTGTATTACTGTGCGAGAGA,CAGGTGCAGCTGGTGCAATCTGGGTCT...GAGTTGAAGAAGCCTGGGGCCTCAGTGAAGGTTTCCTGCAAGGCTTCTGGATACACCTTC............ACTAGCTATGCTATGAATTGGGTGCGACAGGCCCCTGGACAAGGGCTTGAGTGGATGGGATGGATCAACACCAAC......ACTGGGAACCCAACGTATGCCCAGGGCTTCACA...GGACGGTTTGTCTTCTCCTTGGACACCTCTGTCAGCACGGCATATCTGCAGATCTGCAGCCTAAAGGCTGAGGACACTGCCGTGTATTACTGTGCGAGAGA,CACAGTG,TGGAAACCCACATCCTGAGAGTG,TCAAAAACC,,,,,,,,,,,,,,,GCTCCACACCATGGACTGGACCTGGAGGATCCTCTTCTTGGTGGCAGCAGCAACAGGTAAGGGGCTCCCCAGTCACTGGGCTGAGGGAGAAACCAGCACAGTCAAGTGAGACTTCATGCACTCCCATCTCCTCTCCACAGGTGCCCACTCCCAGGTGCAGCTGGTGCAATCTGGGTCTGAGTTGAAGAAGCCTGGGGCCTCAGTGAAGGTTTCCTGCAAGGCTTCTGGATACACCTTCACTAGCTATGCTATGAATTGGGTGCGACAGGCCCCTGGACAAGGGCTTGAGTGGATGGGATGGATCAACACCAACACTGGGAACCCAACGTATGCCCAGGGCTTCACAGGACGGTTTGTCTTCTCCTTGGACACCTCTGTCAGCACGGCATATCTGCAGATCTGCAGCCTAAAGGCTGAGGACACTGCCGTGTATTACTGTGCGAGAGACACAGTGTGGAAACCCACATCCTGAGAGTGTCAAAAACCCTGTGGGAGG
B-105.bam,B,105.bam,1,2,IGHV7-4-1,,IGHV7-4-1*02,IGHV7-4-1*02,100.0,CAGGTGCAGCTGGTGCAATCTGGGTCTGAGTTGAAGAAGCCTGGGGCCTCAGTGAAGGTTTCCTGCAAGGCTTCTGGATACACCTTCACTAGCTATGCTATGAATTGGGTGCGACAGGCCCCTGGACAAGGGCTTGAGTGGATGGGATGGATCAACACCAACACTGGGAACCCAACGTATGCCCAGGGCTTCACAGGACGGTTTGTCTTCTCCTTGGACACCTCTGTCAGCACGGCATATCTGCAGATCAGCAGCCTAAAGGCTGAGGACACTGCCGTGTATTACTGTGCGAGAGA,False,ATGGACTGGACCTGGAGGATCCTCTTCTTGGTGGCAGCAGCAACAG,GTAAGGGGCTCCCCAGTCACTGGGCTGAGGGAGAAACCAGCACAGTCAAGTGAGACTTCATGCACTCCCATCTCCTCTCCACAG,GTGCCCACTCC,CAGGTGCAGCTGGTGCAATCTGGGTCTGAGTTGAAGAAGCCTGGGGCCTCAGTGAAGGTTTCCTGCAAGGCTTCTGGATACACCTTCACTAGCTATGCTATGAATTGGGTGCGACAGGCCCCTGGACAAGGGCTTGAGTGGATGGGATGGATCAACACCAACACTGGGAACCCAACGTATGCCCAGGGCTTCACAGGACGGTTTGTCTTCTCCTTGGACACCTCTGTCAGCACGGCATATCTGCAGATCAGCAGCCTAAAGGCTGAGGACACTGCCGTGTATTACTGTGCGAGAGA,CAGGTGCAGCTGGTGCAATCTGGGTCT...GAGTTGAAGAAGCCTGGGGCCTCAGTGAAGGTTTCCTGCAAGGCTTCTGGATACACCTTC............ACTAGCTATGCTATGAATTGGGTGCGACAGGCCCCTGGACAAGGGCTTGAGTGGATGGGATGGATCAACACCAAC......ACTGGGAACCCAACGTATGCCCAGGGCTTCACA...GGACGGTTTGTCTTCTCCTTGGACACCTCTGTCAGCACGGCATATCTGCAGATCAGCAGCCTAAAGGCTGAGGACACTGCCGTGTATTACTGTGCGAGAGA,CACAGTG,TGGAAACCCACATCCTGAGAGTG,TCAAAAACC,,,,,,,,,,,,,,,GCTCCACACCATGGACTGGACCTGGAGGATCCTCTTCTTGGTGGCAGCAGCAACAGGTAAGGGGCTCCCCAGTCACTGGGCTGAGGGAGAAACCAGCACAGTCAAGTGAGACTTCATGCACTCCCATCTCCTCTCCACAGGTGCCCACTCCCAGGTGCAGCTGGTGCAATCTGGGTCTGAGTTGAAGAAGCCTGGGGCCTCAGTGAAGGTTTCCTGCAAGGCTTCTGGATACACCTTCACTAGCTATGCTATGAATTGGGTGCGACAGGCCCCTGGACAAGGGCTTGAGTGGATGGGATGGATCAACACCAACACTGGGAACCCAACGTATGCCCAGGGCTTCACAGGACGGTTTGTCTTCTCCTTGGACACCTCTGTCAGCACGGCATATCTGCAGATCAGCAGCCTAAAGGCTGAGGACACTGCCGTGTATTACTGTGCGAGAGACACAGTGTGGAAACCCACATCCTGAGAGTGTCAAAAACCCTGTGGGAGG
B-105.bam,B,105.bam,1,0,IGHV2-5,,IGHV2-5*02,IGHV2-5*02,100.0,CAGATCACCTTGAAGGAGTCTGGTCCTACGCTGGTGAAACCCACACAGACCCTCACGCTGACCTGCACCTTCTCTGGGTTCTCACTCAGCACTAGTGGAGTGGGTGTGGGCTGGATCCGTCAGCCCCCAGGAAAGGCCCTGGAGTGGCTTGCACTCATTTATTGGGATGATGATAAGCGCTACAGCCCATCTCTGAAGAGCAGGCTCACCATCACCAAGGACACCTCCAAAAACCAGGTGGTCCTTACAATGACCAACATGGACCCTGTGGACACAGCCACATATTACTGTGCACACAGAC,False,ATGGACACACTTTGCTCCACGCTCCTGCTGCTGACCATCCCTTCAT,GTGAGTGCTGTGGTCAGGGACTCCTTCACGGGTGAAACATCAGTTTTCTTGTTTGTGGGCTTCATCTTCTTATGCTTTCTCCACAG,GGGTCTTGTCC,CAGATCACCTTGAAGGAGTCTGGTCCTACGCTGGTGAAACCCACACAGACCCTCACGCTGACCTGCACCTTCTCTGGGTTCTCACTCAGCACTAGTGGAGTGGGTGTGGGCTGGATCCGTCAGCCCCCAGGAAAGGCCCTGGAGTGGCTTGCACTCATTTATTGGGATGATGATAAGCGCTACAGCCCATCTCTGAAGAGCAGGCTCACCATCACCAAGGACACCTCCAAAAACCAGGTGGTCCTTACAATGACCAACATGGACCCTGTGGACACAGCCACATATTACTGTGCACACAGAC,CAGATCACCTTGAAGGAGTCTGGTCCT...ACGCTGGTGAAACCCACACAGACCCTCACGCTGACCTGCACCTTCTCTGGGTTCTCACTCAGC......ACTAGTGGAGTGGGTGTGGGCTGGATCCGTCAGCCCCCAGGAAAGGCCCTGGAGTGGCTTGCACTCATTTATTGGGAT.........GATGATAAGCGCTACAGCCCATCTCTGAAG...AGCAGGCTCACCATCACCAAGGACACCTCCAAAAACCAGGTGGTCCTTACAATGACCAACATGGACCCTGTGGACACAGCCACATATTACTGTGCACACAGAC,CACAAAG,ACACAGCCCAGGGCACCTCCTGT,ACAAAAACC,,,,,,,,,,,,,,,GTGCCCCACCATGGACACACTTTGCTCCACGCTCCTGCTGCTGACCATCCCTTCATGTGAGTGCTGTGGTCAGGGACTCCTTCACGGGTGAAACATCAGTTTTCTTGTTTGTGGGCTTCATCTTCTTATGCTTTCTCCACAGGGGTCTTGTCCCAGATCACCTTGAAGGAGTCTGGTCCTACGCTGGTGAAACCCACACAGACCCTCACGCTGACCTGCACCTTCTCTGGGTTCTCACTCAGCACTAGTGGAGTGGGTGTGGGCTGGATCCGTCAGCCCCCAGGAAAGGCCCTGGAGTGGCTTGCACTCATTTATTGGGATGATGATAAGCGCTACAGCCCATCTCTGAAGAGCAGGCTCACCATCACCAAGGACACCTCCAAAAACCAGGTGGTCCTTACAATGACCAACATGGACCCTGTGGACACAGCCACATATTACTGTGCACACAGACCACAAAGACACAGCCCAGGGCACCTCCTGTACAAAAACCCAGGCTGCTT
B-105.bam,B,105.bam,1,0,IGHV3-7,,IGHV3-7*01,IGHV3-7*01,100.0,GAGGTGCAGCTGGTGGAGTCTGGGGGAGGCTTGGTCCAGCCTGGGGGGTCCCTGAGACTCTCCTGTGCAGCCTCTGGATTCACCTTTAGTAGCTATTGGATGAGCTGGGTCCGCCAGGCTCCAGGGAAGGGGCTGGAGTGGGTGGCCAACATAAAGCAAGATGGAAGTGAGAAATACTATGTGGACTCTGTGAAGGGCCGATTCACCATCTCCAGAGACAACGCCAAGAACTCACTGTATCTGCAAATGAACAGCCTGAGAGCCGAGGACACGGCTGTGTATTACTGTGCGAGAGA,False,ATGGAATTGGGGCTGAGCTGGGTTTTCCTTGTTGCTATTTTAGAAG,GTGATTCATGGAAAACTAGGAAGATTGAGTGTGTGTGGATATGAGTGTGAGAAACAGTGGATTTGTGTGGCAGTTTCTGACCTTGGTGTCTCTTTGTTTGCAG,GTGTCCAGTGT,GAGGTGCAGCTGGTGGAGTCTGGGGGAGGCTTGGTCCAGCCTGGGGGGTCCCTGAGACTCTCCTGTGCAGCCTCTGGATTCACCTTTAGTAGCTATTGGATGAGCTGGGTCCGCCAGGCTCCAGGGAAGGGGCTGGAGTGGGTGGCCAACATAAAGCAAGATGGAAGTGAGAAATACTATGTGGACTCTGTGAAGGGCCGATTCACCATCTCCAGAGACAACGCCAAGAACTCACTGTATCTGCAAATGAACAGCCTGAGAGCCGAGGACACGGCTGTGTATTACTGTGCGAGAGA,GAGGTGCAGCTGGTGGAGTCTGGGGGA...GGCTTGGTCCAGCCTGGGGGGTCCCTGAGACTCTCCTGTGCAGCCTCTGGATTCACCTTT............AGTAGCTATTGGATGAGCTGGGTCCGCCAGGCTCCAGGGAAGGGGCTGGAGTGGGTGGCCAACATAAAGCAAGAT......GGAAGTGAGAAATACTATGTGGACTCTGTGAAG...GGCCGATTCACCATCTCCAGAGACAACGCCAAGAACTCACTGTATCTGCAAATGAACAGCCTGAGAGCCGAGGACACGGCTGTGTATTACTGTGCGAGAGA,CACAGTG,AGGGGAAGTCAGTGTGAGCCCAG,ACACAAACC,,,,,,,,,,,,,,,AGGACTCACCATGGAATTGGGGCTGAGCTGGGTTTTCCTTGTTGCTATTTTAGAAGGTGATTCATGGAAAACTAGGAAGATTGAGTGTGTGTGGATATGAGTGTGAGAAACAGTGGATTTGTGTGGCAGTTTCTGACCTTGGTGTCTCTTTGTTTGCAGGTGTCCAGTGTGAGGTGCAGCTGGTGGAGTCTGGGGGAGGCTTGGTCCAGCCTGGGGGGTCCCTGAGACTCTCCTGTGCAGCCTCTGGATTCACCTTTAGTAGCTATTGGATGAGCTGGGTCCGCCAGGCTCCAGGGAAGGGGCTGGAGTGGGTGGCCAACATAAAGCAAGATGGAAGTGAGAAATACTATGTGGACTCTGTGAAGGGCCGATTCACCATCTCCAGAGACAACGCCAAGAACTCACTGTATCTGCAAATGAACAGCCTGAGAGCCGAGGACACGGCTGTGTATTACTGTGCGAGAGACACAGTGAGGGGAAGTCAGTGTGAGCCCAGACACAAACCTCCCTGCAGG
B-105.bam,B,105.bam,1,0,IGHV3-13,,IGHV3-13*01,IGHV3-13*01,100.0,GAGGTGCAGCTGGTGGAGTCTGGGGGAGGCTTGGTACAGCCTGGGGGGTCCCTGAGACTCTCCTGTGCAGCCTCTGGATTCACCTTCAGTAGCTACGACATGCACTGGGTCCGCCAAGCTACAGGAAAAGGTCTGGAGTGGGTCTCAGCTATTGGTACTGCTGGTGACACATACTATCCAGGCTCCGTGAAGGGCCGATTCACCATCTCCAGAGAAAATGCCAAGAACTCCTTGTATCTTCAAATGAACAGCCTGAGAGCCGGGGACACGGCTGTGTATTACTGTGCAAGAGA,False,ATGGAGTTGGGGCTGAGCTGGGTTTTCCTTGTTGCTATATTAGAAG,GTGATTCATGGAGAACTAGAGATATTGAGTGTGAATGGGCATGAATGAGAGAAACAGTGGGTATGTGTGGCAATTTCTGACTTTTGTGTCTCTGTGTTTGCAG,GTGTCCAGTGT,GAGGTGCAGCTGGTGGAGTCTGGGGGAGGCTTGGTACAGCCTGGGGGGTCCCTGAGACTCTCCTGTGCAGCCTCTGGATTCACCTTCAGTAGCTACGACATGCACTGGGTCCGCCAAGCTACAGGAAAAGGTCTGGAGTGGGTCTCAGCTATTGGTACTGCTGGTGACACATACTATCCAGGCTCCGTGAAGGGCCGATTCACCATCTCCAGAGAAAATGCCAAGAACTCCTTGTATCTTCAAATGAACAGCCTGAGAGCCGGGGACACGGCTGTGTATTACTGTGCAAGAGA,GAGGTGCAGCTGGTGGAGTCTGGGGGA...GGCTTGGTACAGCCTGGGGGGTCCCTGAGACTCTCCTGTGCAGCCTCTGGATTCACCTTC............AGTAGCTACGACATGCACTGGGTCCGCCAAGCTACAGGAAAAGGTCTGGAGTGGGTCTCAGCTATTGGTACTGCT.........GGTGACACATACTATCCAGGCTCCGTGAAG...GGCCGATTCACCATCTCCAGAGAAAATGCCAAGAACTCCTTGTATCTTCAAATGAACAGCCTGAGAGCCGGGGACACGGCTGTGTATTACTGTGCAAGAGA,CACAGTG,AGGGGAAGTCAGTATGAGCCCAG,ACACAAACC,,,,,,,,,,,,,,,AGGACTCACCATGGAGTTGGGGCTGAGCTGGGTTTTCCTTGTTGCTATATTAGAAGGTGATTCATGGAGAACTAGAGATATTGAGTGTGAATGGGCATGAATGAGAGAAACAGTGGGTATGTGTGGCAATTTCTGACTTTTGTGTCTCTGTGTTTGCAGGTGTCCAGTGTGAGGTGCAGCTGGTGGAGTCTGGGGGAGGCTTGGTACAGCCTGGGGGGTCCCTGAGACTCTCCTGTGCAGCCTCTGGATTCACCTTCAGTAGCTACGACATGCACTGGGTCCGCCAAGCTACAGGAAAAGGTCTGGAGTGGGTCTCAGCTATTGGTACTGCTGGTGACACATACTATCCAGGCTCCGTGAAGGGCCGATTCACCATCTCCAGAGAAAATGCCAAGAACTCCTTGTATCTTCAAATGAACAGCCTGAGAGCCGGGGACACGGCTGTGTATTACTGTGCAAGAGACACAGTGAGGGGAAGTCAGTATGAGCCCAGACACAAACCTCCCTGCAGA
B-105.bam,B,105.bam,1,1,IGHV3-16,,IGHV3-16*02,IGHV3-16*02,100.0,GAGGTGCAGCTGGTGGAGTCTGGGGGAGGCTTGGTACAGCCTGGGGGGTCCCTGAGACTCTCCTGTGCAGCCTCTGGATTCACCTTCAGTAACAGTGACATGAACTGGGCCCGCAAGGCTCCAGGAAAGGGGCTGGAGTGGGTATCGGGTGTTAGTTGGAATGGCAGTAGGACGCACTATGTGGACTCCGTGAAGCGCCGATTCATCATCTCCAGAGACAATTCCAGGAACTCCCTGTATCTGCAAAAGAACAGACGGAGAGCCGAGGACATGGCTGTGTATTACTGTGTGAGAAA,False,ATGGAATTTGGGCTGAGCTGGGTTTTTCTTGCTGGTATTTTAAAAG,GTGATTCATGGAGAACTAAGGATATTGAGTGAGTGGACATGAGTGAGAGAAACAGTGGATATGTGTGGCAGTTTCTGACCAGGGTGTCTCTGTGTTTGCAG,GTGTCCAGTGT,GAGGTGCAGCTGGTGGAGTCTGGGGGAGGCTTGGTACAGCCTGGGGGGTCCCTGAGACTCTCCTGTGCAGCCTCTGGATTCACCTTCAGTAACAGTGACATGAACTGGGCCCGCAAGGCTCCAGGAAAGGGGCTGGAGTGGGTATCGGGTGTTAGTTGGAATGGCAGTAGGACGCACTATGTGGACTCCGTGAAGCGCCGATTCATCATCTCCAGAGACAATTCCAGGAACTCCCTGTATCTGCAAAAGAACAGACGGAGAGCCGAGGACATGGCTGTGTATTACTGTGTGAGAAA,GAGGTGCAGCTGGTGGAGTCTGGGGGA...GGCTTGGTACAGCCTGGGGGGTCCCTGAGACTCTCCTGTGCAGCCTCTGGATTCACCTTC............AGTAACAGTGACATGAACTGGGCCCGCAAGGCTCCAGGAAAGGGGCTGGAGTGGGTATCGGGTGTTAGTTGGAAT......GGCAGTAGGACGCACTATGTGGACTCCGTGAAG...CGCCGATTCATCATCTCCAGAGACAATTCCAGGAACTCCCTGTATCTGCAAAAGAACAGACGGAGAGCCGAGGACATGGCTGTGTATTACTGTGTGAGAAA,TCCTGTG,AGGGGACACAAGTGCGAGCCCAG,ACACAAACC,,,,,,,,,,,,,,,ACAAATTACCATGGAATTTGGGCTGAGCTGGGTTTTTCTTGCTGGTATTTTAAAAGGTGATTCATGGAGAACTAAGGATATTGAGTGAGTGGACATGAGTGAGAGAAACAGTGGATATGTGTGGCAGTTTCTGACCAGGGTGTCTCTGTGTTTGCAGGTGTCCAGTGTGAGGTGCAGCTGGTGGAGTCTGGGGGAGGCTTGGTACAGCCTGGGGGGTCCCTGAGACTCTCCTGTGCAGCCTCTGGATTCACCTTCAGTAACAGTGACATGAACTGGGCCCGCAAGGCTCCAGGAAAGGGGCTGGAGTGGGTATCGGGTGTTAGTTGGAATGGCAGTAGGACGCACTATGTGGACTCCGTGAAGCGCCGATTCATCATCTCCAGAGACAATTCCAGGAACTCCCTGTATCTGCAAAAGAACAGACGGAGAGCCGAGGACATGGCTGTGTATTACTGTGTGAGAAATCCTGTGAGGGGACACAAGTGCGAGCCCAGACACAAACCTCCTGCAGGA
B-105.bam,B,105.bam,1,1,IGHV1-18,,IGHV1-18*01,IGHV1-18*01,100.0,CAGGTTCAGCTGGTGCAGTCTGGAGCTGAGGTGAAGAAGCCTGGGGCCTCAGTGAAGGTCTCCTGCAAGGCTTCTGGTTACACCTTTACCAGCTATGGTATCAGCTGGGTGCGACAGGCCCCTGGACAAGGGCTTGAGTGGATGGGATGGATCAGCGCTTACAATGGTAACACAAACTATGCACAGAAGCTCCAGGGCAGAGTCACCATGACCACAGACACATCCACGAGCACAGCCTACATGGAGCTGAGGAGCCTGAGATCTGACGACACGGCCGTGTATTACTGTGCGAGAGA,False,ATGGACTGGACCTGGAGCATCCTTTTCTTGGTGGCAGCAGCAACAG,GTAACGGACTCCCCAGTCCCAGGGCTGAGAGAGAAACCAGGCCAGTCATGTGAGACTTCACCCACTCCTGTGTCCTCTCCACAG,GTGCCCACTCC,CAGGTTCAGCTGGTGCAGTCTGGAGCTGAGGTGAAGAAGCCTGGGGCCTCAGTGAAGGTCTCCTGCAAGGCTTCTGGTTACACCTTTACCAGCTATGGTATCAGCTGGGTGCGACAGGCCCCTGGACAAGGGCTTGAGTGGATGGGATGGATCAGCGCTTACAATGGTAACACAAACTATGCACAGAAGCTCCAGGGCAGAGTCACCATGACCACAGACACATCCACGAGCACAGCCTACATGGAGCTGAGGAGCCTGAGATCTGACGACACGGCCGTGTATTACTGTGCGAGAGA,CAGGTTCAGCTGGTGCAGTCTGGAGCT...GAGGTGAAGAAGCCTGGGGCCTCAGTGAAGGTCTCCTGCAAGGCTTCTGGTTACACCTTT............ACCAGCTATGGTATCAGCTGGGTGCGACAGGCCCCTGGACAAGGGCTTGAGTGGATGGGATGGATCAGCGCTTAC......AATGGTAACACAAACTATGCACAGAAGCTCCAG...GGCAGAGTCACCATGACCACAGACACATCCACGAGCACAGCCTACATGGAGCTGAGGAGCCTGAGATCTGACGACACGGCCGTGTATTACTGTGCGAGAGA,CACAGTG,TGAAAACCCACATCCTGAGGGTT,TCAGAAACC,,,,,,,,,,,,,,,GCTCCTCACCATGGACTGGACCTGGAGCATCCTTTTCTTGGTGGCAGCAGCAACAGGTAACGGACTCCCCAGTCCCAGGGCTGAGAGAGAAACCAGGCCAGTCATGTGAGACTTCACCCACTCCTGTGTCCTCTCCACAGGTGCCCACTCCCAGGTTCAGCTGGTGCAGTCTGGAGCTGAGGTGAAGAAGCCTGGGGCCTCAGTGAAGGTCTCCTGCAAGGCTTCTGGTTACACCTTTACCAGCTATGGTATCAGCTGGGTGCGACAGGCCCCTGGACAAGGGCTTGAGTGGATGGGATGGATCAGCGCTTACAATGGTAACACAAACTATGCACAGAAGCTCCAGGGCAGAGTCACCATGACCACAGACACATCCACGAGCACAGCCTACATGGAGCTGAGGAGCCTGAGATCTGACGACACGGCCGTGTATTACTGTGCGAGAGACACAGTGTGAAAACCCACATCCTGAGGGTTTCAGAAACCCCAGGGAGGA
B-105.bam,B,105.bam,1,0,IGHV3-20,,IGHV3-20*01,IGHV3-20*01,100.0,GAGGTGCAGCTGGTGGAGTCTGGGGGAGGTGTGGTACGGCCTGGGGGGTCCCTGAGACTCTCCTGTGCAGCCTCTGGATTCACCTTTGATGATTATGGCATGAGCTGGGTCCGCCAAGCTCCAGGGAAGGGGCTGGAGTGGGTCTCTGGTATTAATTGGAATGGTGGTAGCACAGGTTATGCAGACTCTGTGAAGGGCCGATTCACCATCTCCAGAGACAACGCCAAGAACTCCCTGTATCTGCAAATGAACAGTCTGAGAGCCGAGGACACGGCCTTGTATCACTGTGCGAGAGA,False,ATGGAGTTTGGGCTGAGCTGGGTTTTCCTTGTTGCTATTTTAAAAG,GTGATTCATGGATCAATAGAGATGTTGAGTGTGAGTGAACACGAGTGAGAGAAACAGTGGATTTGTGTGGCAGTTTCTGACCAGGGTGTCTCTGTGTTTGCAG,GTGTCCAGTGT,GAGGTGCAGCTGGTGGAGTCTGGGGGAGGTGTGGTACGGCCTGGGGGGTCCCTGAGACTCTCCTGTGCAGCCTCTGGATTCACCTTTGATGATTATGGCATGAGCTGGGTCCGCCAAGCTCCAGGGAAGGGGCTGGAGTGGGTCTCTGGTATTAATTGGAATGGTGGTAGCACAGGTTATGCAGACTCTGTGAAGGGCCGATTCACCATCTCCAGAGACAACGCCAAGAACTCCCTGTATCTGCAAATGAACAGTCTGAGAGCCGAGGACACGGCCTTGTATCACTGTGCGAGAGA,GAGGTGCAGCTGGTGGAGTCTGGGGGA...GGTGTGGTACGGCCTGGGGGGTCCCTGAGACTCTCCTGTGCAGCCTCTGGATTCACCTTT............GATGATTATGGCATGAGCTGGGTCCGCCAAGCTCCAGGGAAGGGGCTGGAGTGGGTCTCTGGTATTAATTGGAAT......GGTGGTAGCACAGGTTATGCAGACTCTGTGAAG...GGCCGATTCACCATCTCCAGAGACAACGCCAAGAACTCCCTGTATCTGCAAATGAACAGTCTGAGAGCCGAGGACACGGCCTTGTATCACTGTGCGAGAGA,CACAGTG,AGGGGAAGCCAGTGAGAGCCCAG,ACACAAACG,,,,,,,,,,,,,,,AGGACTCGCCATGGAGTTTGGGCTGAGCTGGGTTTTCCTTGTTGCTATTTTAAAAGGTGATTCATGGATCAATAGAGATGTTGAGTGTGAGTGAACACGAGTGAGAGAAACAGTGGATTTGTGTGGCAGTTTCTGACCAGGGTGTCTCTGTGTTTGCAGGTGTCCAGTGTGAGGTGCAGCTGGTGGAGTCTGGGGGAGGTGTGGTACGGCCTGGGGGGTCCCTGAGACTCTCCTGTGCAGCCTCTGGATTCACCTTTGATGATTATGGCATGAGCTGGGTCCGCCAAGCTCCAGGGAAGGGGCTGGAGTGGGTCTCTGGTATTAATTGGAATGGTGGTAGCACAGGTTATGCAGACTCTGTGAAGGGCCGATTCACCATCTCCAGAGACAACGCCAAGAACTCCCTGTATCTGCAAATGAACAGTCTGAGAGCCGAGGACACGGCCTTGTATCACTGTGCGAGAGACACAGTGAGGGGAAGCCAGTGAGAGCCCAGACACAAACGTCCCTGCAGG
B-105.bam,B,105.bam,1,2,IGHV3-23,,IGHV3-23*01,IGHV3-23*01,100.0,GAGGTGCAGCTGTTGGAGTCTGGGGGAGGCTTGGTACAGCCTGGGGGGTCCCTGAGACTCTCCTGTGCAGCCTCTGGATTCACCTTTAGCAGCTATGCCATGAGCTGGGTCCGCCAGGCTCCAGGGAAGGGGCTGGAGTGGGTCTCAGCTATTAGTGGTAGTGGTGGTAGCACATACTACGCAGACTCCGTGAAGGGCCGGTTCACCATCTCCAGAGACAATTCCAAGAACACGCTGTATCTGCAAATGAACAGCCTGAGAGCCGAGGACACGGCCGTATATTACTGTGCGAAAGA,False,ATGGAGTTTGGGCTGAGCTGGCTTTTTCTTGTGGCTATTTTAAAAG,GTAATTCATGGAGAAATAGAAAAATTGAGTGTGAATGGATAAGAGTGAGAGAAACAGTGGATACGTGTGGCAGTTTCTGACCAGGGTTTCTTTTTGTTTGCAG,GTGTCCAGTGT,GAGGTGCAGCTGTTGGAGTCTGGGGGAGGCTTGGTACAGCCTGGGGGGTCCCTGAGACTCTCCTGTGCAGCCTCTGGATTCACCTTTAGCAGCTATGCCATGAGCTGGGTCCGCCAGGCTCCAGGGAAGGGGCTGGAGTGGGTCTCAGCTATTAGTGGTAGTGGTGGTAGCACATACTACGCAGACTCCGTGAAGGGCCGGTTCACCATCTCCAGAGACAATTCCAAGAACACGCTGTATCTGCAAATGAACAGCCTGAGAGCCGAGGACACGGCCGTATATTACTGTGCGAAAGA,GAGGTGCAGCTGTTGGAGTCTGGGGGA...GGCTTGGTACAGCCTGGGGGGTCCCTGAGACTCTCCTGTGCAGCCTCTGGATTCACCTTT............AGCAGCTATGCCATGAGCTGGGTCCGCCAGGCTCCAGGGAAGGGGCTGGAGTGGGTCTCAGCTATTAGTGGTAGT......GGTGGTAGCACATACTACGCAGACTCCGTGAAG...GGCCGGTTCACCATCTCCAGAGACAATTCCAAGAACACGCTGTATCTGCAAATGAACAGCCTGAGAGCCGAGGACACGGCCGTATATTACTGTGCGAAAGA,CACAGTG,AGGGGAAGTCATTGTGAGCCCAG,ACACAAACC,,,,,,,,,,,,,,,AGAACTCACCATGGAGTTTGGGCTGAGCTGGCTTTTTCTTGTGGCTATTTTAAAAGGTAATTCATGGAGAAATAGAAAAATTGAGTGTGAATGGATAAGAGTGAGAGAAACAGTGGATACGTGTGGCAGTTTCTGACCAGGGTTTCTTTTTGTTTGCAGGTGTCCAGTGTGAGGTGCAGCTGTTGGAGTCTGGGGGAGGCTTGGTACAGCCTGGGGGGTCCCTGAGACTCTCCTGTGCAGCCTCTGGATTCACCTTTAGCAGCTATGCCATGAGCTGGGTCCGCCAGGCTCCAGGGAAGGGGCTGGAGTGGGTCTCAGCTATTAGTGGTAGTGGTGGTAGCACATACTACGCAGACTCCGTGAAGGGCCGGTTCACCATCTCCAGAGACAATTCCAAGAACACGCTGTATCTGCAAATGAACAGCCTGAGAGCCGAGGACACGGCCGTATATTACTGTGCGAAAGACACAGTGAGGGGAAGTCATTGTGAGCCCAGACACAAACCTCCCTGCAGG
B-105.bam,B,105.bam,1,1,IGHV3-23,,IGHV3-23*04,IGHV3-23*04,100.0,GAGGTGCAGCTGGTGGAGTCTGGGGGAGGCTTGGTACAGCCTGGGGGGTCCCTGAGACTCTCCTGTGCAGCCTCTGGATTCACCTTTAGCAGCTATGCCATGAGCTGGGTCCGCCAGGCTCCAGGGAAGGGGCTGGAGTGGGTCTCAGCTATTAGTGGTAGTGGTGGTAGCACATACTACGCAGACTCCGTGAAGGGCCGGTTCACCATCTCCAGAGACAATTCCAAGAACACGCTGTATCTGCAAATGAACAGCCTGAGAGCCGAGGACACGGCCGTATATTACTGTGCGAAAGA,False,ATGGAGTTTGGGCTGAGCTGGCTTTTTCTTGTGGCTATTTTAAAAG,GTAATTCATGGAGAAATAGAAAAATTGAGTGTGAATGGATAAGAGTGAGAGAAACAGTGGATACGTGTGGCAGTTTCTGACCAGGGTTTCTTTTTGTTTGCAG,GTGTCCAGTGT,GAGGTGCAGCTGGTGGAGTCTGGGGGAGGCTTGGTACAGCCTGGGGGGTCCCTGAGACTCTCCTGTGCAGCCTCTGGATTCACCTTTAGCAGCTATGCCATGAGCTGGGTCCGCCAGGCTCCAGGGAAGGGGCTGGAGTGGGTCTCAGCTATTAGTGGTAGTGGTGGTAGCACATACTACGCAGACTCCGTGAAGGGCCGGTTCACCATCTCCAGAGACAATTCCAAGAACACGCTGTATCTGCAAATGAACAGCCTGAGAGCCGAGGACACGGCCGTATATTACTGTGCGAAAGA,GAGGTGCAGCTGGTGGAGTCTGGGGGA...GGCTTGGTACAGCCTGGGGGGTCCCTGAGACTCTCCTGTGCAGCCTCTGGATTCACCTTT............AGCAGCTATGCCATGAGCTGGGTCCGCCAGGCTCCAGGGAAGGGGCTGGAGTGGGTCTCAGCTATTAGTGGTAGT......GGTGGTAGCACATACTACGCAGACTCCGTGAAG...GGCCGGTTCACCATCTCCAGAGACAATTCCAAGAACACGCTGTATCTGCAAATGAACAGCCTGAGAGCCGAGGACACGGCCGTATATTACTGTGCGAAAGA,CACAGTG,AGGGGAAGTCATTGTGAGCCCAG,ACACAAACC,,,,,,,,,,,,,,,AGAACTCACCATGGAGTTTGGGCTGAGCTGGCTTTTTCTTGTGGCTATTTTAAAAGGTAATTCATGGAGAAATAGAAAAATTGAGTGTGAATGGATAAGAGTGAGAGAAACAGTGGATACGTGTGGCAGTTTCTGACCAGGGTTTCTTTTTGTTTGCAGGTGTCCAGTGTGAGGTGCAGCTGGTGGAGTCTGGGGGAGGCTTGGTACAGCCTGGGGGGTCCCTGAGACTCTCCTGTGCAGCCTCTGGATTCACCTTTAGCAGCTATGCCATGAGCTGGGTCCGCCAGGCTCCAGGGAAGGGGCTGGAGTGGGTCTCAGCTATTAGTGGTAGTGGTGGTAGCACATACTACGCAGACTCCGTGAAGGGCCGGTTCACCATCTCCAGAGACAATTCCAAGAACACGCTGTATCTGCAAATGAACAGCCTGAGAGCCGAGGACACGGCCGTATATTACTGTGCGAAAGACACAGTGAGGGGAAGTCATTGTGAGCCCAGACACAAACCTCCCTGCAGG
B-105.bam,B,105.bam,1,2,IGHV3-23D,,IGHV3-23D*01,IGHV3-23D*01,100.0,GAGGTGCAGCTGTTGGAGTCTGGGGGAGGCTTGGTACAGCCTGGGGGGTCCCTGAGACTCTCCTGTGCAGCCTCTGGATTCACCTTTAGCAGCTATGCCATGAGCTGGGTCCGCCAGGCTCCAGGGAAGGGGCTGGAGTGGGTCTCAGCTATTAGTGGTAGTGGTGGTAGCACATACTACGCAGACTCCGTGAAGGGCCGGTTCACCATCTCCAGAGACAATTCCAAGAACACGCTGTATCTGCAAATGAACAGCCTGAGAGCCGAGGACACGGCCGTATATTACTGTGCGAAAGA,False,ATGGAGTTTGGGCTGAGCTGGCTTTTTCTTGTGGCTATTTTAAAAG,GTAATTCATGGAGAAATAGAAAAATTGAGTGTGAATGGATAAGAGTGAGAGAAACAGTGGATACGTGTGGCAGTTTCTGACCAGGGTTTCTTTTTGTTTGCAG,GTGTCCAGTGT,GAGGTGCAGCTGTTGGAGTCTGGGGGAGGCTTGGTACAGCCTGGGGGGTCCCTGAGACTCTCCTGTGCAGCCTCTGGATTCACCTTTAGCAGCTATGCCATGAGCTGGGTCCGCCAGGCTCCAGGGAAGGGGCTGGAGTGGGTCTCAGCTATTAGTGGTAGTGGTGGTAGCACATACTACGCAGACTCCGTGAAGGGCCGGTTCACCATCTCCAGAGACAATTCCAAGAACACGCTGTATCTGCAAATGAACAGCCTGAGAGCCGAGGACACGGCCGTATATTACTGTGCGAAAGA,GAGGTGCAGCTGTTGGAGTCTGGGGGA...GGCTTGGTACAGCCTGGGGGGTCCCTGAGACTCTCCTGTGCAGCCTCTGGATTCACCTTT............AGCAGCTATGCCATGAGCTGGGTCCGCCAGGCTCCAGGGAAGGGGCTGGAGTGGGTCTCAGCTATTAGTGGTAGT......GGTGGTAGCACATACTACGCAGACTCCGTGAAG...GGCCGGTTCACCATCTCCAGAGACAATTCCAAGAACACGCTGTATCTGCAAATGAACAGCCTGAGAGCCGAGGACACGGCCGTATATTACTGTGCGAAAGA,CACAGTG,AGGGGAAGTCATTGTGAGCCCAG,ACACAAACC,,,,,,,,,,,,,,,AGAACTCACCATGGAGTTTGGGCTGAGCTGGCTTTTTCTTGTGGCTATTTTAAAAGGTAATTCATGGAGAAATAGAAAAATTGAGTGTGAATGGATAAGAGTGAGAGAAACAGTGGATACGTGTGGCAGTTTCTGACCAGGGTTTCTTTTTGTTTGCAGGTGTCCAGTGTGAGGTGCAGCTGTTGGAGTCTGGGGGAGGCTTGGTACAGCCTGGGGGGTCCCTGAGACTCTCCTGTGCAGCCTCTGGATTCACCTTTAGCAGCTATGCCATGAGCTGGGTCCGCCAGGCTCCAGGGAAGGGGCTGGAGTGGGTCTCAGCTATTAGTGGTAGTGGTGGTAGCACATACTACGCAGACTCCGTGAAGGGCCGGTTCACCATCTCCAGAGACAATTCCAAGAACACGCTGTATCTGCAAATGAACAGCCTGAGAGCCGAGGACACGGCCGTATATTACTGTGCGAAAGACACAGTGAGGGGAAGTCATTGTGAGCCCAGACACAAACCTCCCTGCAGG
B-105.bam,B,105.bam,1,1,IGHV3-23D,,IGHV3-23D*01_t13g,IGHV3-23D*01,99.66,GAGGTGCAGCTGTTGGAGTCTGGGGGAGGCTTGGTACAGCCTGGGGGGTCCCTGAGACTCTCCTGTGCAGCCTCTGGATTCACCTTTAGCAGCTATGCCATGAGCTGGGTCCGCCAGGCTCCAGGGAAGGGGCTGGAGTGGGTCTCAGCTATTAGTGGTAGTGGTGGTAGCACATACTACGCAGACTCCGTGAAGGGCCGGTTCACCATCTCCAGAGACAATTCCAAGAACACGCTGTATCTGCAAATGAACAGCCTGAGAGCCGAGGACACGGCCGTATATTACTGTGCGAAAGA,False,ATGGAGTTTGGGCTGAGCTGGCTTTTTCTTGTGGCTATTTTAAAAG,GTAATTCATGGAGAAATAGAAAAATTGAGTGTGAATGGATAAGAGTGAGAGAAACAGTGGATACGTGTGGCAGTTTCTGACCAGGGTTTCTTTTTGTTTGCAG,GTGTCCAGTGT,GAGGTGCAGCTGGTGGAGTCTGGGGGAGGCTTGGTACAGCCTGGGGGGTCCCTGAGACTCTCCTGTGCAGCCTCTGGATTCACCTTTAGCAGCTATGCCATGAGCTGGGTCCGCCAGGCTCCAGGGAAGGGGCTGGAGTGGGTCTCAGCTATTAGTGGTAGTGGTGGTAGCACATACTACGCAGACTCCGTGAAGGGCCGGTTCACCATCTCCAGAGACAATTCCAAGAACACGCTGTATCTGCAAATGAACAGCCTGAGAGCCGAGGACACGGCCGTATATTACTGTGCGAAAGA,GAGGTGCAGCTGGTGGAGTCTGGGGGA...GGCTTGGTACAGCCTGGGGGGTCCCTGAGACTCTCCTGTGCAGCCTCTGGATTCACCTTT............AGCAGCTATGCCATGAGCTGGGTCCGCCAGGCTCCAGGGAAGGGGCTGGAGTGGGTCTCAGCTATTAGTGGTAGT......GGTGGTAGCACATACTACGCAGACTCCGTGAAG...GGCCGGTTCACCATCTCCAGAGACAATTCCAAGAACACGCTGTATCTGCAAATGAACAGCCTGAGAGCCGAGGACACGGCCGTATATTACTGTGCGAAAGA,CACAGTG,AGGGGAAGTCATTGTGAGCCCAG,ACACAAACC,,,,,,,,,,,,,,,AGAACTCACCATGGAGTTTGGGCTGAGCTGGCTTTTTCTTGTGGCTATTTTAAAAGGTAATTCATGGAGAAATAGAAAAATTGAGTGTGAATGGATAAGAGTGAGAGAAACAGTGGATACGTGTGGCAGTTTCTGACCAGGGTTTCTTTTTGTTTGCAGGTGTCCAGTGTGAGGTGCAGCTGGTGGAGTCTGGGGGAGGCTTGGTACAGCCTGGGGGGTCCCTGAGACTCTCCTGTGCAGCCTCTGGATTCACCTTTAGCAGCTATGCCATGAGCTGGGTCCGCCAGGCTCCAGGGAAGGGGCTGGAGTGGGTCTCAGCTATTAGTGGTAGTGGTGGTAGCACATACTACGCAGACTCCGTGAAGGGCCGGTTCACCATCTCCAGAGACAATTCCAAGAACACGCTGTATCTGCAAATGAACAGCCTGAGAGCCGAGGACACGGCCGTATATTACTGTGCGAAAGACACAGTGAGGGGAAGTCATTGTGAGCCCAGACACAAACCTCCCTGCAGG
B-105.bam,B,105.bam,1,1,IGHV1-24,,IGHV1-24*01,IGHV1-24*01,100.0,CAGGTCCAGCTGGTACAGTCTGGGGCTGAGGTGAAGAAGCCTGGGGCCTCAGTGAAGGTCTCCTGCAAGGTTTCCGGATACACCCTCACTGAATTATCCATGCACTGGGTGCGACAGGCTCCTGGAAAAGGGCTTGAGTGGATGGGAGGTTTTGATCCTGAAGATGGTGAAACAATCTACGCACAGAAGTTCCAGGGCAGAGTCACCATGACCGAGGACACATCTACAGACACAGCCTACATGGAGCTGAGCAGCCTGAGATCTGAGGACACGGCCGTGTATTACTGTGCAACAGA,False,ATGGACTGCACCTGGAGGATCCTCTTCTTGGTGGCAGCAGCTACAG,GCAAGAGAATCCTTAGTTCCAGGGCTGATGAGGGGACTGGGTCCAGTTAAGTGGTGTCTCATCCACTCCTCTGTCCTCTCCACAG,GCACCCACGCC,CAGGTCCAGCTGGTACAGTCTGGGGCTGAGGTGAAGAAGCCTGGGGCCTCAGTGAAGGTCTCCTGCAAGGTTTCCGGATACACCCTCACTGAATTATCCATGCACTGGGTGCGACAGGCTCCTGGAAAAGGGCTTGAGTGGATGGGAGGTTTTGATCCTGAAGATGGTGAAACAATCTACGCACAGAAGTTCCAGGGCAGAGTCACCATGACCGAGGACACATCTACAGACACAGCCTACATGGAGCTGAGCAGCCTGAGATCTGAGGACACGGCCGTGTATTACTGTGCAACAGA,CAGGTCCAGCTGGTACAGTCTGGGGCT...GAGGTGAAGAAGCCTGGGGCCTCAGTGAAGGTCTCCTGCAAGGTTTCCGGATACACCCTC............ACTGAATTATCCATGCACTGGGTGCGACAGGCTCCTGGAAAAGGGCTTGAGTGGATGGGAGGTTTTGATCCTGAA......GATGGTGAAACAATCTACGCACAGAAGTTCCAG...GGCAGAGTCACCATGACCGAGGACACATCTACAGACACAGCCTACATGGAGCTGAGCAGCCTGAGATCTGAGGACACGGCCGTGTATTACTGTGCAACAGA,CACAGTG,TGAAAACCCACATCCTGAGAGCG,TCAGAAACC,,,,,,,,,,,,,,,GCACCTCACCATGGACTGCACCTGGAGGATCCTCTTCTTGGTGGCAGCAGCTACAGGCAAGAGAATCCTTAGTTCCAGGGCTGATGAGGGGACTGGGTCCAGTTAAGTGGTGTCTCATCCACTCCTCTGTCCTCTCCACAGGCACCCACGCCCAGGTCCAGCTGGTACAGTCTGGGGCTGAGGTGAAGAAGCCTGGGGCCTCAGTGAAGGTCTCCTGCAAGGTTTCCGGATACACCCTCACTGAATTATCCATGCACTGGGTGCGACAGGCTCCTGGAAAAGGGCTTGAGTGGATGGGAGGTTTTGATCCTGAAGATGGTGAAACAATCTACGCACAGAAGTTCCAGGGCAGAGTCACCATGACCGAGGACACATCTACAGACACAGCCTACATGGAGCTGAGCAGCCTGAGATCTGAGGACACGGCCGTGTATTACTGTGCAACAGACACAGTGTGAAAACCCACATCCTGAGAGCGTCAGAAACCCTGAGGAATG
B-105.bam,B,105.bam,1,2,IGHV3-25,,IGHV3-25*02,IGHV3-25*02,100.0,GAGATGCAGCTGGTGGAGTCTGGGGGAGGCTTGGCAAAGCCTGCGTGGTCCCCGAGACTCTCCTGTGCAGCCTCTCAATTCACCTTCAGTAGCTACTACATGAACTGTGTCCGCCAGGCTCCAGGGAATGGGCTGGAGTTGGTTTGACAAGTTAATCCTAATGGGGGTAGCACATACCTCATAGACTCCGGTAAGGACCGATTCAATACCTCCAGAGATAACGCCAAGAACACACTTCATCTGCAAATGAACAGCCTGAAAACCGAGGACACGGCCCTCTATTAGTGTACCAGAGA,False,TGGAGTTTGTGCTGAGCTGGGTTTTCCTTGTTGCTATTTTAAAACG,TGATCTATAGAGAACTAGAGATATTGAGTATGAATGGATATGAGTGAGAAACAGTGGATACGTGTGGCAGTTTCTGACCGGGGTGTCTCTGTGTTTGCAG,GTATCCAGTGT,GAGATGCAGCTGGTGGAGTCTGGGGGAGGCTTGGCAAAGCCTGCGTGGTCCCCGAGACTCTCCTGTGCAGCCTCTCAATTCACCTTCAGTAGCTACTACATGAACTGTGTCCGCCAGGCTCCAGGGAATGGGCTGGAGTTGGTTTGACAAGTTAATCCTAATGGGGGTAGCACATACCTCATAGACTCCGGTAAGGACCGATTCAATACCTCCAGAGATAACGCCAAGAACACACTTCATCTGCAAATGAACAGCCTGAAAACCGAGGACACGGCCCTCTATTAGTGTACCAGAGA,GAGATGCAGCTGGTGGAGTCTGGGGGA...GGCTTGGCAAAGCCTGCGTGGTCCCCGAGACTCTCCTGTGCAGCCTCTCAATTCACCTTC............AGTAGCTACTACATGAACTGTGTCCGCCAGGCTCCAGGGAATGGGCTGGAGTTGGTTTGACAAGTTAATCCTAAT......GGGGGTAGCACATACCTCATAGACTCCGGTAAG...GACCGATTCAATACCTCCAGAGATAACGCCAAGAACACACTTCATCTGCAAATGAACAGCCTGAAAACCGAGGACACGGCCCTCTATTAGTGTACCAGAGA,CACAGTG,AGGGGAGGTCAGTGTGAGCCCA,GACACAAAC,,,,,,,,,,,,Stop codon in V-REGION before 2nd cysteine,,,GGACTCACCATGGAGTTTGTGCTGAGCTGGGTTTTCCTTGTTGCTATTTTAAAACGTGATCTATAGAGAACTAGAGATATTGAGTATGAATGGATATGAGTGAGAAACAGTGGATACGTGTGGCAGTTTCTGACCGGGGTGTCTCTGTGTTTGCAGGTATCCAGTGTGAGATGCAGCTGGTGGAGTCTGGGGGAGGCTTGGCAAAGCCTGCGTGGTCCCCGAGACTCTCCTGTGCAGCCTCTCAATTCACCTTCAGTAGCTACTACATGAACTGTGTCCGCCAGGCTCCAGGGAATGGGCTGGAGTTGGTTTGACAAGTTAATCCTAATGGGGGTAGCACATACCTCATAGACTCCGGTAAGGACCGATTCAATACCTCCAGAGATAACGCCAAGAACACACTTCATCTGCAAATGAACAGCCTGAAAACCGAGGACACGGCCCTCTATTAGTGTACCAGAGACACAGTGAGGGGAGGTCAGTGTGAGCCCAGACACAAACCTCCCTGCAG
B-105.bam,B,105.bam,1,1,IGHV3-25,,IGHV3-25*03,IGHV3-25*03,100.0,GAGATGCAGCTGGTGGAGTCTGGGGGAGGCTTGGCAAAGCCTGCGTGGTCCCCGAGACTCTCCTGTGCAGCCTCTCAATTCACCTTCAGTAGCTACTACATGAACTGTGTCCGCCAGGCTCCAGGGAATGGGCTGGAGTTGGTTGGACAAGTTAATCCTAATGGGGGTAGCACATACCTCATAGACTCCGGTAAGGACCGATTCAATACCTCCAGAGATAACGCCAAGAACACACTTCATCTGCAAATGAACAGCCTGAAAACCGAGGACACGGCCCTGTATTAGTGTACCAGAGA,False,TGGAGTTTGTGCTGAGCTGGGTTTTCCTTGTTGCTATTTTAAAACG,TGATCTATAGAGAACTAGAGATATTGAGTATGAATGGATATGAGTGAGAAACAGTGGATACGTGTGGCAGTTTCTGACCGGGGTGTCTCTGTGTTTGCAG,GTATCCAGTGT,GAGATGCAGCTGGTGGAGTCTGGGGGAGGCTTGGCAAAGCCTGCGTGGTCCCCGAGACTCTCCTGTGCAGCCTCTCAATTCACCTTCAGTAGCTACTACATGAACTGTGTCCGCCAGGCTCCAGGGAATGGGCTGGAGTTGGTTGGACAAGTTAATCCTAATGGGGGTAGCACATACCTCATAGACTCCGGTAAGGACCGATTCAATACCTCCAGAGATAACGCCAAGAACACACTTCATCTGCAAATGAACAGCCTGAAAACCGAGGACACGGCCCTGTATTAGTGTACCAGAGA,GAGATGCAGCTGGTGGAGTCTGGGGGA...GGCTTGGCAAAGCCTGCGTGGTCCCCGAGACTCTCCTGTGCAGCCTCTCAATTCACCTTC............AGTAGCTACTACATGAACTGTGTCCGCCAGGCTCCAGGGAATGGGCTGGAGTTGGTTGGACAAGTTAATCCTAAT......GGGGGTAGCACATACCTCATAGACTCCGGTAAG...GACCGATTCAATACCTCCAGAGATAACGCCAAGAACACACTTCATCTGCAAATGAACAGCCTGAAAACCGAGGACACGGCCCTGTATTAGTGTACCAGAGA,CACAGTG,AGGGGAGGTCAGTGTGAGCCCA,GACACAAAC,,,,,,,,,,,,Stop codon in V-REGION before 2nd cysteine,,,GGACTCACCATGGAGTTTGTGCTGAGCTGGGTTTTCCTTGTTGCTATTTTAAAACGTGATCTATAGAGAACTAGAGATATTGAGTATGAATGGATATGAGTGAGAAACAGTGGATACGTGTGGCAGTTTCTGACCGGGGTGTCTCTGTGTTTGCAGGTATCCAGTGTGAGATGCAGCTGGTGGAGTCTGGGGGAGGCTTGGCAAAGCCTGCGTGGTCCCCGAGACTCTCCTGTGCAGCCTCTCAATTCACCTTCAGTAGCTACTACATGAACTGTGTCCGCCAGGCTCCAGGGAATGGGCTGGAGTTGGTTGGACAAGTTAATCCTAATGGGGGTAGCACATACCTCATAGACTCCGGTAAGGACCGATTCAATACCTCCAGAGATAACGCCAAGAACACACTTCATCTGCAAATGAACAGCCTGAAAACCGAGGACACGGCCCTGTATTAGTGTACCAGAGACACAGTGAGGGGAGGTCAGTGTGAGCCCAGACACAAACCTCCCTGCAG
B-105.bam,B,105.bam,1,2,IGHV2-26,,IGHV2-26*01,IGHV2-26*01,100.0,CAGGTCACCTTGAAGGAGTCTGGTCCTGTGCTGGTGAAACCCACAGAGACCCTCACGCTGACCTGCACCGTCTCTGGGTTCTCACTCAGCAATGCTAGAATGGGTGTGAGCTGGATCCGTCAGCCCCCAGGGAAGGCCCTGGAGTGGCTTGCACACATTTTTTCGAATGACGAAAAATCCTACAGCACATCTCTGAAGAGCAGGCTCACCATCTCCAAGGACACCTCCAAAAGCCAGGTGGTCCTTACCATGACCAACATGGACCCTGTGGACACAGCCACATATTACTGTGCACGGATAC,False,ATGGACACACTTTGCTACACACTCCTGCTGCTGACCACCCCTTCCT,GTGAGTGCTGTGGTCAGGGACTTCCTCAGAAGTGAAACATCAGTTGTCTCCTTTGTGGGCTTCATCTTCTTATGTCTTCTCCACAG,GGGTCTTGTCC,CAGGTCACCTTGAAGGAGTCTGGTCCTGTGCTGGTGAAACCCACAGAGACCCTCACGCTGACCTGCACCGTCTCTGGGTTCTCACTCAGCAATGCTAGAATGGGTGTGAGCTGGATCCGTCAGCCCCCAGGGAAGGCCCTGGAGTGGCTTGCACACATTTTTTCGAATGACGAAAAATCCTACAGCACATCTCTGAAGAGCAGGCTCACCATCTCCAAGGACACCTCCAAAAGCCAGGTGGTCCTTACCATGACCAACATGGACCCTGTGGACACAGCCACATATTACTGTGCACGGATAC,CAGGTCACCTTGAAGGAGTCTGGTCCT...GTGCTGGTGAAACCCACAGAGACCCTCACGCTGACCTGCACCGTCTCTGGGTTCTCACTCAGC......AATGCTAGAATGGGTGTGAGCTGGATCCGTCAGCCCCCAGGGAAGGCCCTGGAGTGGCTTGCACACATTTTTTCGAAT.........GACGAAAAATCCTACAGCACATCTCTGAAG...AGCAGGCTCACCATCTCCAAGGACACCTCCAAAAGCCAGGTGGTCCTTACCATGACCAACATGGACCCTGTGGACACAGCCACATATTACTGTGCACGGATAC,CACAGAG,ACACAGCCCAGGATGCCTCCTGT,ACAAGAACC,,,,,,,,,,,,,,,GTGCCCCACCATGGACACACTTTGCTACACACTCCTGCTGCTGACCACCCCTTCCTGTGAGTGCTGTGGTCAGGGACTTCCTCAGAAGTGAAACATCAGTTGTCTCCTTTGTGGGCTTCATCTTCTTATGTCTTCTCCACAGGGGTCTTGTCCCAGGTCACCTTGAAGGAGTCTGGTCCTGTGCTGGTGAAACCCACAGAGACCCTCACGCTGACCTGCACCGTCTCTGGGTTCTCACTCAGCAATGCTAGAATGGGTGTGAGCTGGATCCGTCAGCCCCCAGGGAAGGCCCTGGAGTGGCTTGCACACATTTTTTCGAATGACGAAAAATCCTACAGCACATCTCTGAAGAGCAGGCTCACCATCTCCAAGGACACCTCCAAAAGCCAGGTGGTCCTTACCATGACCAACATGGACCCTGTGGACACAGCCACATATTACTGTGCACGGATACCACAGAGACACAGCCCAGGATGCCTCCTGTACAAGAACCTAGCTGCATC
B-105.bam,B,105.bam,1,1,IGHV2-26,,IGHV2-26*01,IGHV2-26*01,100.0,CAGGTCACCTTGAAGGAGTCTGGTCCTGTGCTGGTGAAACCCACAGAGACCCTCACGCTGACCTGCACCGTCTCTGGGTTCTCACTCAGCAATGCTAGAATGGGTGTGAGCTGGATCCGTCAGCCCCCAGGGAAGGCCCTGGAGTGGCTTGCACACATTTTTTCGAATGACGAAAAATCCTACAGCACATCTCTGAAGAGCAGGCTCACCATCTCCAAGGACACCTCCAAAAGCCAGGTGGTCCTTACCATGACCAACATGGACCCTGTGGACACAGCCACATATTACTGTGCACGGATAC,False,ATGGACACACTTTGCTACACACTCCTGCTGCTGACCACCCCTTCCT,GTGAGTGCTGTGGTCAGGGACTTCCTCAGAAGTGAAACATCAGTTGTCTCCTTTGTGGGCTTCATCTTCTTATGTCTTCTCCACAG,GGGTCTTGTCC,CAGGTCACCTTGAAGGAGTCTGGTCCTGTGCTGGTGAAACCCACAGAGACCCTCACGCTGACCTGCACCGTCTCTGGGTTCTCACTCAGCAATGCTAGAATGGGTGTGAGCTGGATCCGTCAGCCCCCAGGGAAGGCCCTGGAGTGGCTTGCACACATTTTTTCGAATGACGAAAAATCCTACAGCACATCTCTGAAGAGCAGGCTCACCATCTCCAAGGACACCTCCAAAAGCCAGGTGGTCCTTACCATGACCAACATGGACCCTGTGGACACAGCCACATATTACTGTGCACGGATAC,CAGGTCACCTTGAAGGAGTCTGGTCCT...GTGCTGGTGAAACCCACAGAGACCCTCACGCTGACCTGCACCGTCTCTGGGTTCTCACTCAGC......AATGCTAGAATGGGTGTGAGCTGGATCCGTCAGCCCCCAGGGAAGGCCCTGGAGTGGCTTGCACACATTTTTTCGAAT.........GACGAAAAATCCTACAGCACATCTCTGAAG...AGCAGGCTCACCATCTCCAAGGACACCTCCAAAAGCCAGGTGGTCCTTACCATGACCAACATGGACCCTGTGGACACAGCCACATATTACTGTGCACGGATAC,CACAGAG,ACACAGCCCAGGATGCCTCCTGT,ACAAGAACC,,,,,,,,,,,,,,,GTGCCCCACCATGGACACACTTTGCTACACACTCCTGCTGCTGACCACCCCTTCCTGTGAGTGCTGTGGTCAGGGACTTCCTCAGAAGTGAAACATCAGTTGTCTCCTTTGTGGGCTTCATCTTCTTATGTCTTCTCCACAGGGGTCTTGTCCCAGGTCACCTTGAAGGAGTCTGGTCCTGTGCTGGTGAAACCCACAGAGACCCTCACGCTGACCTGCACCGTCTCTGGGTTCTCACTCAGCAATGCTAGAATGGGTGTGAGCTGGATCCGTCAGCCCCCAGGGAAGGCCCTGGAGTGGCTTGCACACATTTTTTCGAATGACGAAAAATCCTACAGCACATCTCTGAAGAGCAGGCTCACCATCTCCAAGGACACCTCCAAAAGCCAGGTGGTCCTTACCATGACCAACATGGACCCTGTGGACACAGCCACATATTACTGTGCACGGATACCACAGAGACACAGCCCAGGATGCCTCCTGTACAAGAACCTAGCTGCATC
B-105.bam,B,105.bam,1,2,IGHV3-30-3,,IGHV3-30-3*01,IGHV3-30-3*01,100.0,CAGGTGCAGCTGGTGGAGTCTGGGGGAGGCGTGGTCCAGCCTGGGAGGTCCCTGAGACTCTCCTGTGCAGCCTCTGGATTCACCTTCAGTAGCTATGCTATGCACTGGGTCCGCCAGGCTCCAGGCAAGGGGCTGGAGTGGGTGGCAGTTATATCATATGATGGAAGCAATAAATACTACGCAGACTCCGTGAAGGGCCGATTCACCATCTCCAGAGACAATTCCAAGAACACGCTGTATCTGCAAATGAACAGCCTGAGAGCTGAGGACACGGCTGTGTATTACTGTGCGAGAGA,False,ATGGAGTTTGGGCTGAGCTGGGTTTTCCTCGTTGCTCTTTTAAGAG,GTGATTCATGGAGAAATAGAGAGACTGAGTGTGAGTGAACATGAGTGAGAAAAACTGGATTTGTGTGGCATTTTCTGATAACGGTGTCCTTCTGTTTGCAG,GTGTCCAGTGT,CAGGTGCAGCTGGTGGAGTCTGGGGGAGGCGTGGTCCAGCCTGGGAGGTCCCTGAGACTCTCCTGTGCAGCCTCTGGATTCACCTTCAGTAGCTATGCTATGCACTGGGTCCGCCAGGCTCCAGGCAAGGGGCTGGAGTGGGTGGCAGTTATATCATATGATGGAAGCAATAAATACTACGCAGACTCCGTGAAGGGCCGATTCACCATCTCCAGAGACAATTCCAAGAACACGCTGTATCTGCAAATGAACAGCCTGAGAGCTGAGGACACGGCTGTGTATTACTGTGCGAGAGA,CAGGTGCAGCTGGTGGAGTCTGGGGGA...GGCGTGGTCCAGCCTGGGAGGTCCCTGAGACTCTCCTGTGCAGCCTCTGGATTCACCTTC............AGTAGCTATGCTATGCACTGGGTCCGCCAGGCTCCAGGCAAGGGGCTGGAGTGGGTGGCAGTTATATCATATGAT......GGAAGCAATAAATACTACGCAGACTCCGTGAAG...GGCCGATTCACCATCTCCAGAGACAATTCCAAGAACACGCTGTATCTGCAAATGAACAGCCTGAGAGCTGAGGACACGGCTGTGTATTACTGTGCGAGAGA,CACAGTG,AGGGGAAGTCATTGTGCGCCCAG,ACACAAACC,,,,,,,,,,,,,,,AGGACTCACCATGGAGTTTGGGCTGAGCTGGGTTTTCCTCGTTGCTCTTTTAAGAGGTGATTCATGGAGAAATAGAGAGACTGAGTGTGAGTGAACATGAGTGAGAAAAACTGGATTTGTGTGGCATTTTCTGATAACGGTGTCCTTCTGTTTGCAGGTGTCCAGTGTCAGGTGCAGCTGGTGGAGTCTGGGGGAGGCGTGGTCCAGCCTGGGAGGTCCCTGAGACTCTCCTGTGCAGCCTCTGGATTCACCTTCAGTAGCTATGCTATGCACTGGGTCCGCCAGGCTCCAGGCAAGGGGCTGGAGTGGGTGGCAGTTATATCATATGATGGAAGCAATAAATACTACGCAGACTCCGTGAAGGGCCGATTCACCATCTCCAGAGACAATTCCAAGAACACGCTGTATCTGCAAATGAACAGCCTGAGAGCTGAGGACACGGCTGTGTATTACTGTGCGAGAGACACAGTGAGGGGAAGTCATTGTGCGCCCAGACACAAACCTCCCTGCAGG
B-105.bam,B,105.bam,1,1,IGHV3-30-3,,IGHV3-30-3*01,IGHV3-30-3*01,100.0,CAGGTGCAGCTGGTGGAGTCTGGGGGAGGCGTGGTCCAGCCTGGGAGGTCCCTGAGACTCTCCTGTGCAGCCTCTGGATTCACCTTCAGTAGCTATGCTATGCACTGGGTCCGCCAGGCTCCAGGCAAGGGGCTGGAGTGGGTGGCAGTTATATCATATGATGGAAGCAATAAATACTACGCAGACTCCGTGAAGGGCCGATTCACCATCTCCAGAGACAATTCCAAGAACACGCTGTATCTGCAAATGAACAGCCTGAGAGCTGAGGACACGGCTGTGTATTACTGTGCGAGAGA,False,ATGGAGTTTGGGCTGAGCTGGGTTTTCCTCGTTGCTCTTTTAAGAG,GTGATTCATGGAGAAATAGAGAGACTGAGTGTGAGTGAACATGAGTGAGAAAAACTGGATTTGTGTGGCATTTTCTGATAACGGTGTCCTTCTGTTTGCAG,GTGTCCAGTGT,CAGGTGCAGCTGGTGGAGTCTGGGGGAGGCGTGGTCCAGCCTGGGAGGTCCCTGAGACTCTCCTGTGCAGCCTCTGGATTCACCTTCAGTAGCTATGCTATGCACTGGGTCCGCCAGGCTCCAGGCAAGGGGCTGGAGTGGGTGGCAGTTATATCATATGATGGAAGCAATAAATACTACGCAGACTCCGTGAAGGGCCGATTCACCATCTCCAGAGACAATTCCAAGAACACGCTGTATCTGCAAATGAACAGCCTGAGAGCTGAGGACACGGCTGTGTATTACTGTGCGAGAGA,CAGGTGCAGCTGGTGGAGTCTGGGGGA...GGCGTGGTCCAGCCTGGGAGGTCCCTGAGACTCTCCTGTGCAGCCTCTGGATTCACCTTC............AGTAGCTATGCTATGCACTGGGTCCGCCAGGCTCCAGGCAAGGGGCTGGAGTGGGTGGCAGTTATATCATATGAT......GGAAGCAATAAATACTACGCAGACTCCGTGAAG...GGCCGATTCACCATCTCCAGAGACAATTCCAAGAACACGCTGTATCTGCAAATGAACAGCCTGAGAGCTGAGGACACGGCTGTGTATTACTGTGCGAGAGA,CACAGTG,AGGGGAAGTCATTGTGCGCCCAG,ACACAAACC,,,,,,,,,,,,,,,AGGACTCACCATGGAGTTTGGGCTGAGCTGGGTTTTCCTCGTTGCTCTTTTAAGAGGTGATTCATGGAGAAATAGAGAGACTGAGTGTGAGTGAACATGAGTGAGAAAAACTGGATTTGTGTGGCATTTTCTGATAACGGTGTCCTTCTGTTTGCAGGTGTCCAGTGTCAGGTGCAGCTGGTGGAGTCTGGGGGAGGCGTGGTCCAGCCTGGGAGGTCCCTGAGACTCTCCTGTGCAGCCTCTGGATTCACCTTCAGTAGCTATGCTATGCACTGGGTCCGCCAGGCTCCAGGCAAGGGGCTGGAGTGGGTGGCAGTTATATCATATGATGGAAGCAATAAATACTACGCAGACTCCGTGAAGGGCCGATTCACCATCTCCAGAGACAATTCCAAGAACACGCTGTATCTGCAAATGAACAGCCTGAGAGCTGAGGACACGGCTGTGTATTACTGTGCGAGAGACACAGTGAGGGGAAGTCATTGTGCGCCCAGACACAAACCTCCCTGCAGG
B-105.bam,B,105.bam,1,2,IGHV3-30-5,,IGHV3-30-5*01,IGHV3-30-5*01,100.0,CAGGTGCAGCTGGTGGAGTCTGGGGGAGGCGTGGTCCAGCCTGGGAGGTCCCTGAGACTCTCCTGTGCAGCCTCTGGATTCACCTTCAGTAGCTATGGCATGCACTGGGTCCGCCAGGCTCCAGGCAAGGGGCTGGAGTGGGTGGCAGTTATATCATATGATGGAAGTAATAAATACTATGCAGACTCCGTGAAGGGCCGATTCACCATCTCCAGAGACAATTCCAAGAACACGCTGTATCTGCAAATGAACAGCCTGAGAGCTGAGGACACGGCTGTGTATTACTGTGCGAAAGA,False,GGAGTTTGGGCTGAGCTGGGTTTTTCCTCGTTGCTCTTTTAAGAGG,TGATTCATGGAGAAATAGAGAGACTGAGTGTGAGTGAACATGAGTGAGAAAAACTGGATTTGTGTGGCATTTTCTGATAACGGTGTCCTTCTGTTTTGCAG,GTGTCCAGTGT,CAGGTGCAGCTGGTGGAGTCTGGGGGAGGCGTGGTCCAGCCTGGGAGGTCCCTGAGACTCTCCTGTGCAGCCTCTGGATTCACCTTCAGTAGCTATGGCATGCACTGGGTCCGCCAGGCTCCAGGCAAGGGGCTGGAGTGGGTGGCAGTTATATCATATGATGGAAGTAATAAATACTATGCAGACTCCGTGAAGGGCCGATTCACCATCTCCAGAGACAATTCCAAGAACACGCTGTATCTGCAAATGAACAGCCTGAGAGCTGAGGACACGGCTGTGTATTACTGTGCGAAAGA,CAGGTGCAGCTGGTGGAGTCTGGGGGA...GGCGTGGTCCAGCCTGGGAGGTCCCTGAGACTCTCCTGTGCAGCCTCTGGATTCACCTTC............AGTAGCTATGGCATGCACTGGGTCCGCCAGGCTCCAGGCAAGGGGCTGGAGTGGGTGGCAGTTATATCATATGAT......GGAAGTAATAAATACTATGCAGACTCCGTGAAG...GGCCGATTCACCATCTCCAGAGACAATTCCAAGAACACGCTGTATCTGCAAATGAACAGCCTGAGAGCTGAGGACACGGCTGTGTATTACTGTGCGAAAGA,CACAGTG,AGGGGAAGTCATTGTGCGCCCAG,ACACAAACC,,,,,,,,,,,,,,,GACTCACCATGGAGTTTGGGCTGAGCTGGGTTTTTCCTCGTTGCTCTTTTAAGAGGTGATTCATGGAGAAATAGAGAGACTGAGTGTGAGTGAACATGAGTGAGAAAAACTGGATTTGTGTGGCATTTTCTGATAACGGTGTCCTTCTGTTTTGCAGGTGTCCAGTGTCAGGTGCAGCTGGTGGAGTCTGGGGGAGGCGTGGTCCAGCCTGGGAGGTCCCTGAGACTCTCCTGTGCAGCCTCTGGATTCACCTTCAGTAGCTATGGCATGCACTGGGTCCGCCAGGCTCCAGGCAAGGGGCTGGAGTGGGTGGCAGTTATATCATATGATGGAAGTAATAAATACTATGCAGACTCCGTGAAGGGCCGATTCACCATCTCCAGAGACAATTCCAAGAACACGCTGTATCTGCAAATGAACAGCCTGAGAGCTGAGGACACGGCTGTGTATTACTGTGCGAAAGACACAGTGAGGGGAAGTCATTGTGCGCCCAGACACAAACCTCCCTGCAGG
B-105.bam,B,105.bam,1,1,IGHV3-30-5,,IGHV3-30-5*01,IGHV3-30-5*01,100.0,CAGGTGCAGCTGGTGGAGTCTGGGGGAGGCGTGGTCCAGCCTGGGAGGTCCCTGAGACTCTCCTGTGCAGCCTCTGGATTCACCTTCAGTAGCTATGGCATGCACTGGGTCCGCCAGGCTCCAGGCAAGGGGCTGGAGTGGGTGGCAGTTATATCATATGATGGAAGTAATAAATACTATGCAGACTCCGTGAAGGGCCGATTCACCATCTCCAGAGACAATTCCAAGAACACGCTGTATCTGCAAATGAACAGCCTGAGAGCTGAGGACACGGCTGTGTATTACTGTGCGAAAGA,False,ATGGAGTTTGGGCTGAGCTGGGTTTTCCTCGTTGCTCTTTTAAGAG,GTGATTCATGGAGAAATAGAGAGACTGAGTGTGAGTGAACATGAGTGAGAAAAACTGGATTTGTGTGGCATTTTCTGATAACGGTGTCCTTCTGTTTGCAG,GTGTCCAGTGT,CAGGTGCAGCTGGTGGAGTCTGGGGGAGGCGTGGTCCAGCCTGGGAGGTCCCTGAGACTCTCCTGTGCAGCCTCTGGATTCACCTTCAGTAGCTATGGCATGCACTGGGTCCGCCAGGCTCCAGGCAAGGGGCTGGAGTGGGTGGCAGTTATATCATATGATGGAAGTAATAAATACTATGCAGACTCCGTGAAGGGCCGATTCACCATCTCCAGAGACAATTCCAAGAACACGCTGTATCTGCAAATGAACAGCCTGAGAGCTGAGGACACGGCTGTGTATTACTGTGCGAAAGA,CAGGTGCAGCTGGTGGAGTCTGGGGGA...GGCGTGGTCCAGCCTGGGAGGTCCCTGAGACTCTCCTGTGCAGCCTCTGGATTCACCTTC............AGTAGCTATGGCATGCACTGGGTCCGCCAGGCTCCAGGCAAGGGGCTGGAGTGGGTGGCAGTTATATCATATGAT......GGAAGTAATAAATACTATGCAGACTCCGTGAAG...GGCCGATTCACCATCTCCAGAGACAATTCCAAGAACACGCTGTATCTGCAAATGAACAGCCTGAGAGCTGAGGACACGGCTGTGTATTACTGTGCGAAAGA,CACAGTG,AGGGGAAGTCATTGTGCGCCCAG,ACACAAACC,,,,,,,,,,,,,,,AGGACTCACCATGGAGTTTGGGCTGAGCTGGGTTTTCCTCGTTGCTCTTTTAAGAGGTGATTCATGGAGAAATAGAGAGACTGAGTGTGAGTGAACATGAGTGAGAAAAACTGGATTTGTGTGGCATTTTCTGATAACGGTGTCCTTCTGTTTGCAGGTGTCCAGTGTCAGGTGCAGCTGGTGGAGTCTGGGGGAGGCGTGGTCCAGCCTGGGAGGTCCCTGAGACTCTCCTGTGCAGCCTCTGGATTCACCTTCAGTAGCTATGGCATGCACTGGGTCCGCCAGGCTCCAGGCAAGGGGCTGGAGTGGGTGGCAGTTATATCATATGATGGAAGTAATAAATACTATGCAGACTCCGTGAAGGGCCGATTCACCATCTCCAGAGACAATTCCAAGAACACGCTGTATCTGCAAATGAACAGCCTGAGAGCTGAGGACACGGCTGTGTATTACTGTGCGAAAGACACAGTGAGGGGAAGTCATTGTGCGCCCAGACACAAACCTCCCTGCAGG
B-105.bam,B,105.bam,1,2,IGHV3-33,,IGHV3-33*01,IGHV3-33*01,100.0,CAGGTGCAGCTGGTGGAGTCTGGGGGAGGCGTGGTCCAGCCTGGGAGGTCCCTGAGACTCTCCTGTGCAGCGTCTGGATTCACCTTCAGTAGCTATGGCATGCACTGGGTCCGCCAGGCTCCAGGCAAGGGGCTGGAGTGGGTGGCAGTTATATGGTATGATGGAAGTAATAAATACTATGCAGACTCCGTGAAGGGCCGATTCACCATCTCCAGAGACAATTCCAAGAACACGCTGTATCTGCAAATGAACAGCCTGAGAGCCGAGGACACGGCTGTGTATTACTGTGCGAGAGA,False,ATGGAGTTTGGGCTGAGCTGGGTTTTCCTCGTTGCTCTTTTAAGAG,GTGATTCATGGAGAAATAGAGAGACTGAGTGTGAGTGAACATGAGTGAGAAAAACTGGATTTGTGTGGCATTTTCTGATAACGGTGTCCTTCTGTTTGCAG,GTGTCCAGTGT,CAGGTGCAGCTGGTGGAGTCTGGGGGAGGCGTGGTCCAGCCTGGGAGGTCCCTGAGACTCTCCTGTGCAGCGTCTGGATTCACCTTCAGTAGCTATGGCATGCACTGGGTCCGCCAGGCTCCAGGCAAGGGGCTGGAGTGGGTGGCAGTTATATGGTATGATGGAAGTAATAAATACTATGCAGACTCCGTGAAGGGCCGATTCACCATCTCCAGAGACAATTCCAAGAACACGCTGTATCTGCAAATGAACAGCCTGAGAGCCGAGGACACGGCTGTGTATTACTGTGCGAGAGA,CAGGTGCAGCTGGTGGAGTCTGGGGGA...GGCGTGGTCCAGCCTGGGAGGTCCCTGAGACTCTCCTGTGCAGCGTCTGGATTCACCTTC............AGTAGCTATGGCATGCACTGGGTCCGCCAGGCTCCAGGCAAGGGGCTGGAGTGGGTGGCAGTTATATGGTATGAT......GGAAGTAATAAATACTATGCAGACTCCGTGAAG...GGCCGATTCACCATCTCCAGAGACAATTCCAAGAACACGCTGTATCTGCAAATGAACAGCCTGAGAGCCGAGGACACGGCTGTGTATTACTGTGCGAGAGA,CACAGTG,AGGGGAGGTCATTGTGCGCCCAG,ACACAAACC,,,,,,,,,,,,,,,AGGACTCACCATGGAGTTTGGGCTGAGCTGGGTTTTCCTCGTTGCTCTTTTAAGAGGTGATTCATGGAGAAATAGAGAGACTGAGTGTGAGTGAACATGAGTGAGAAAAACTGGATTTGTGTGGCATTTTCTGATAACGGTGTCCTTCTGTTTGCAGGTGTCCAGTGTCAGGTGCAGCTGGTGGAGTCTGGGGGAGGCGTGGTCCAGCCTGGGAGGTCCCTGAGACTCTCCTGTGCAGCGTCTGGATTCACCTTCAGTAGCTATGGCATGCACTGGGTCCGCCAGGCTCCAGGCAAGGGGCTGGAGTGGGTGGCAGTTATATGGTATGATGGAAGTAATAAATACTATGCAGACTCCGTGAAGGGCCGATTCACCATCTCCAGAGACAATTCCAAGAACACGCTGTATCTGCAAATGAACAGCCTGAGAGCCGAGGACACGGCTGTGTATTACTGTGCGAGAGACACAGTGAGGGGAGGTCATTGTGCGCCCAGACACAAACCTCCCTGCAGG
B-105.bam,B,105.bam,1,1,IGHV3-33,,IGHV3-33*01,IGHV3-33*01,100.0,CAGGTGCAGCTGGTGGAGTCTGGGGGAGGCGTGGTCCAGCCTGGGAGGTCCCTGAGACTCTCCTGTGCAGCGTCTGGATTCACCTTCAGTAGCTATGGCATGCACTGGGTCCGCCAGGCTCCAGGCAAGGGGCTGGAGTGGGTGGCAGTTATATGGTATGATGGAAGTAATAAATACTATGCAGACTCCGTGAAGGGCCGATTCACCATCTCCAGAGACAATTCCAAGAACACGCTGTATCTGCAAATGAACAGCCTGAGAGCCGAGGACACGGCTGTGTATTACTGTGCGAGAGA,False,ATGGAGTTTGGGCTGAGCTGGGTTTTCCTCGTTGCTCTTTTAAGAG,GTGATTCATGGAGAAATAGAGAGACTGAGTGTGAGTGAACATGAGTGAGAAAAACTGGATTTGTGTGGCATTTTCTGATAACGGTGTCCTTCTGTTTGCAG,GTGTCCAGTGT,CAGGTGCAGCTGGTGGAGTCTGGGGGAGGCGTGGTCCAGCCTGGGAGGTCCCTGAGACTCTCCTGTGCAGCGTCTGGATTCACCTTCAGTAGCTATGGCATGCACTGGGTCCGCCAGGCTCCAGGCAAGGGGCTGGAGTGGGTGGCAGTTATATGGTATGATGGAAGTAATAAATACTATGCAGACTCCGTGAAGGGCCGATTCACCATCTCCAGAGACAATTCCAAGAACACGCTGTATCTGCAAATGAACAGCCTGAGAGCCGAGGACACGGCTGTGTATTACTGTGCGAGAGA,CAGGTGCAGCTGGTGGAGTCTGGGGGA...GGCGTGGTCCAGCCTGGGAGGTCCCTGAGACTCTCCTGTGCAGCGTCTGGATTCACCTTC............AGTAGCTATGGCATGCACTGGGTCCGCCAGGCTCCAGGCAAGGGGCTGGAGTGGGTGGCAGTTATATGGTATGAT......GGAAGTAATAAATACTATGCAGACTCCGTGAAG...GGCCGATTCACCATCTCCAGAGACAATTCCAAGAACACGCTGTATCTGCAAATGAACAGCCTGAGAGCCGAGGACACGGCTGTGTATTACTGTGCGAGAGA,CACAGTG,AGGGGAGGTCATTGTGCGCCCAG,ACACAAACC,,,,,,,,,,,,,,,AGGACTCACCATGGAGTTTGGGCTGAGCTGGGTTTTCCTCGTTGCTCTTTTAAGAGGTGATTCATGGAGAAATAGAGAGACTGAGTGTGAGTGAACATGAGTGAGAAAAACTGGATTTGTGTGGCATTTTCTGATAACGGTGTCCTTCTGTTTGCAGGTGTCCAGTGTCAGGTGCAGCTGGTGGAGTCTGGGGGAGGCGTGGTCCAGCCTGGGAGGTCCCTGAGACTCTCCTGTGCAGCGTCTGGATTCACCTTCAGTAGCTATGGCATGCACTGGGTCCGCCAGGCTCCAGGCAAGGGGCTGGAGTGGGTGGCAGTTATATGGTATGATGGAAGTAATAAATACTATGCAGACTCCGTGAAGGGCCGATTCACCATCTCCAGAGACAATTCCAAGAACACGCTGTATCTGCAAATGAACAGCCTGAGAGCCGAGGACACGGCTGTGTATTACTGTGCGAGAGACACAGTGAGGGGAGGTCATTGTGCGCCCAGACACAAACCTCCCTGCAGG
B-105.bam,B,105.bam,1,1,IGHV3-35,,IGHV3-35*01,IGHV3-35*01,100.0,GAGGTGCAGCTGGTGGAGTCTGGGGGAGGCTTGGTACAGCCTGGGGGATCCCTGAGACTCTCCTGTGCAGCCTCTGGATTCACCTTCAGTAACAGTGACATGAACTGGGTCCATCAGGCTCCAGGAAAGGGGCTGGAGTGGGTATCGGGTGTTAGTTGGAATGGCAGTAGGACGCACTATGCAGACTCTGTGAAGGGCCGATTCATCATCTCCAGAGACAATTCCAGGAACACCCTGTATCTGCAAACGAATAGCCTGAGGGCCGAGGACACGGCTGTGTATTACTGTGTGAGAAA,False,ATGGAATTTGGGCTGAGCTGGGTTTTTCTTGCTGCTATTTTAAAAG,GTGATTCATGAAGAACTAAGGATATTGAGTGAGTGGACATGAGTGAGAGAAACAGTGGATTTGTGTGGCAGTTTCTGACCAGGGTGTCTCTGTGTTTGCAG,GTGTCCAGTGT,GAGGTGCAGCTGGTGGAGTCTGGGGGAGGCTTGGTACAGCCTGGGGGATCCCTGAGACTCTCCTGTGCAGCCTCTGGATTCACCTTCAGTAACAGTGACATGAACTGGGTCCATCAGGCTCCAGGAAAGGGGCTGGAGTGGGTATCGGGTGTTAGTTGGAATGGCAGTAGGACGCACTATGCAGACTCTGTGAAGGGCCGATTCATCATCTCCAGAGACAATTCCAGGAACACCCTGTATCTGCAAACGAATAGCCTGAGGGCCGAGGACACGGCTGTGTATTACTGTGTGAGAAA,GAGGTGCAGCTGGTGGAGTCTGGGGGA...GGCTTGGTACAGCCTGGGGGATCCCTGAGACTCTCCTGTGCAGCCTCTGGATTCACCTTC............AGTAACAGTGACATGAACTGGGTCCATCAGGCTCCAGGAAAGGGGCTGGAGTGGGTATCGGGTGTTAGTTGGAAT......GGCAGTAGGACGCACTATGCAGACTCTGTGAAG...GGCCGATTCATCATCTCCAGAGACAATTCCAGGAACACCCTGTATCTGCAAACGAATAGCCTGAGGGCCGAGGACACGGCTGTGTATTACTGTGTGAGAAA,CACTGTG,AGAGGTCGGAAGTGTGAGCCCAG,ACACAAACC,,,,,,,,,,,,,,,ACAAATTACCATGGAATTTGGGCTGAGCTGGGTTTTTCTTGCTGCTATTTTAAAAGGTGATTCATGAAGAACTAAGGATATTGAGTGAGTGGACATGAGTGAGAGAAACAGTGGATTTGTGTGGCAGTTTCTGACCAGGGTGTCTCTGTGTTTGCAGGTGTCCAGTGTGAGGTGCAGCTGGTGGAGTCTGGGGGAGGCTTGGTACAGCCTGGGGGATCCCTGAGACTCTCCTGTGCAGCCTCTGGATTCACCTTCAGTAACAGTGACATGAACTGGGTCCATCAGGCTCCAGGAAAGGGGCTGGAGTGGGTATCGGGTGTTAGTTGGAATGGCAGTAGGACGCACTATGCAGACTCTGTGAAGGGCCGATTCATCATCTCCAGAGACAATTCCAGGAACACCCTGTATCTGCAAACGAATAGCCTGAGGGCCGAGGACACGGCTGTGTATTACTGTGTGAGAAACACTGTGAGAGGTCGGAAGTGTGAGCCCAGACACAAACCTCCTGCAGGA
B-105.bam,B,105.bam,1,2,IGHV3-35,,IGHV3-35*01,IGHV3-35*01,100.0,GAGGTGCAGCTGGTGGAGTCTGGGGGAGGCTTGGTACAGCCTGGGGGATCCCTGAGACTCTCCTGTGCAGCCTCTGGATTCACCTTCAGTAACAGTGACATGAACTGGGTCCATCAGGCTCCAGGAAAGGGGCTGGAGTGGGTATCGGGTGTTAGTTGGAATGGCAGTAGGACGCACTATGCAGACTCTGTGAAGGGCCGATTCATCATCTCCAGAGACAATTCCAGGAACACCCTGTATCTGCAAACGAATAGCCTGAGGGCCGAGGACACGGCTGTGTATTACTGTGTGAGAAA,False,ATGGAATTTGGGCTGAGCTGGGTTTTTCTTGCTGCTATTTTAAAAG,GTGATTCATGAAGAACTAAGGATATTGAGTGAGTGGACATGAGTGAGAGAAACAGTGGATTTGTGTGGCAGTTTCTGACCAGGGTGTCTCTGTGTTTGCAG,GTGTCCAGTGT,GAGGTGCAGCTGGTGGAGTCTGGGGGAGGCTTGGTACAGCCTGGGGGATCCCTGAGACTCTCCTGTGCAGCCTCTGGATTCACCTTCAGTAACAGTGACATGAACTGGGTCCATCAGGCTCCAGGAAAGGGGCTGGAGTGGGTATCGGGTGTTAGTTGGAATGGCAGTAGGACGCACTATGCAGACTCTGTGAAGGGCCGATTCATCATCTCCAGAGACAATTCCAGGAACACCCTGTATCTGCAAACGAATAGCCTGAGGGCCGAGGACACGGCTGTGTATTACTGTGTGAGAAA,GAGGTGCAGCTGGTGGAGTCTGGGGGA...GGCTTGGTACAGCCTGGGGGATCCCTGAGACTCTCCTGTGCAGCCTCTGGATTCACCTTC............AGTAACAGTGACATGAACTGGGTCCATCAGGCTCCAGGAAAGGGGCTGGAGTGGGTATCGGGTGTTAGTTGGAAT......GGCAGTAGGACGCACTATGCAGACTCTGTGAAG...GGCCGATTCATCATCTCCAGAGACAATTCCAGGAACACCCTGTATCTGCAAACGAATAGCCTGAGGGCCGAGGACACGGCTGTGTATTACTGTGTGAGAAA,CACTGTG,AGAGGTCGGAAGTGTGAGCCCAG,ACACAAACC,,,,,,,,,,,,,,,ACAAATTACCATGGAATTTGGGCTGAGCTGGGTTTTTCTTGCTGCTATTTTAAAAGGTGATTCATGAAGAACTAAGGATATTGAGTGAGTGGACATGAGTGAGAGAAACAGTGGATTTGTGTGGCAGTTTCTGACCAGGGTGTCTCTGTGTTTGCAGGTGTCCAGTGTGAGGTGCAGCTGGTGGAGTCTGGGGGAGGCTTGGTACAGCCTGGGGGATCCCTGAGACTCTCCTGTGCAGCCTCTGGATTCACCTTCAGTAACAGTGACATGAACTGGGTCCATCAGGCTCCAGGAAAGGGGCTGGAGTGGGTATCGGGTGTTAGTTGGAATGGCAGTAGGACGCACTATGCAGACTCTGTGAAGGGCCGATTCATCATCTCCAGAGACAATTCCAGGAACACCCTGTATCTGCAAACGAATAGCCTGAGGGCCGAGGACACGGCTGTGTATTACTGTGTGAGAAACACTGTGAGAGGTCGGAAGTGTGAGCCCAGACACAAACCTCCTGCAGGA
B-105.bam,B,105.bam,1,2,IGHV3-38,,IGHV3-38*03,IGHV3-38*03,100.0,GAGGTGCAGCTGGTGGAGTCTGGGGGAGGCTTGGTACAGCCTAGGGGGTCCCTGAGACTCTCCTGTGCAGCCTCTGGATTCACCGTCAGTAGCAATGAGATGAGCTGGATCCGCCAGGCTCCAGGGAAGGGTCTGGAGTGGGTCTCATCCATTAGTGGTGGTAGCACATACTACGCAGACTCCAGGAAGGGCAGATTCACCATCTCCAGAGACAATTCCAAGAACACGCTGTATCTTCAAATGAACAACCTGAGAGCTGAGGGCACGGCCGTGTATTACTGTGCCAGATATA,False,ATGCAGTTTGTGCTGAGCTGGGTTTTCCTTGTTGGTATTTTAAAAG,GTGATTCATGGAGAACTACAGATGTTGAGTGTGAGTGGACATGAGTGAGCAAAACAGTGGGTTTGTGTGGCAGTTTCTGACCTTGGTGTCTCTGTGTTTGCAG,GTGTCCAGTGT,GAGGTGCAGCTGGTGGAGTCTGGGGGAGGCTTGGTACAGCCTAGGGGGTCCCTGAGACTCTCCTGTGCAGCCTCTGGATTCACCGTCAGTAGCAATGAGATGAGCTGGATCCGCCAGGCTCCAGGGAAGGGTCTGGAGTGGGTCTCATCCATTAGTGGTGGTAGCACATACTACGCAGACTCCAGGAAGGGCAGATTCACCATCTCCAGAGACAATTCCAAGAACACGCTGTATCTTCAAATGAACAACCTGAGAGCTGAGGGCACGGCCGTGTATTACTGTGCCAGATATA,GAGGTGCAGCTGGTGGAGTCTGGGGGA...GGCTTGGTACAGCCTAGGGGGTCCCTGAGACTCTCCTGTGCAGCCTCTGGATTCACCGTC............AGTAGCAATGAGATGAGCTGGATCCGCCAGGCTCCAGGGAAGGGTCTGGAGTGGGTCTCATCCATTAGTGGT............GGTAGCACATACTACGCAGACTCCAGGAAG...GGCAGATTCACCATCTCCAGAGACAATTCCAAGAACACGCTGTATCTTCAAATGAACAACCTGAGAGCTGAGGGCACGGCCGTGTATTACTGTGCCAGATATA,CACAGAG,GGGAAGTCATTGTGCGCCCAGAC,ACAAACCTC,,,,,,,,,,,,,,,ACAACTCATCATGCAGTTTGTGCTGAGCTGGGTTTTCCTTGTTGGTATTTTAAAAGGTGATTCATGGAGAACTACAGATGTTGAGTGTGAGTGGACATGAGTGAGCAAAACAGTGGGTTTGTGTGGCAGTTTCTGACCTTGGTGTCTCTGTGTTTGCAGGTGTCCAGTGTGAGGTGCAGCTGGTGGAGTCTGGGGGAGGCTTGGTACAGCCTAGGGGGTCCCTGAGACTCTCCTGTGCAGCCTCTGGATTCACCGTCAGTAGCAATGAGATGAGCTGGATCCGCCAGGCTCCAGGGAAGGGTCTGGAGTGGGTCTCATCCATTAGTGGTGGTAGCACATACTACGCAGACTCCAGGAAGGGCAGATTCACCATCTCCAGAGACAATTCCAAGAACACGCTGTATCTTCAAATGAACAACCTGAGAGCTGAGGGCACGGCCGTGTATTACTGTGCCAGATATACACAGAGGGGAAGTCATTGTGCGCCCAGACACAAACCTCCCTGCAGGAA
B-105.bam,B,105.bam,1,1,IGHV3-38,,IGHV3-38*02,IGHV3-38*02,100.0,GAGGTGCAGCTGGTGGAGTCTGGGGGAGGCTTGGTACAGCCTAGGGGGTCCCTGAGACTCTCCTGTGCAGCCTCTGGATTCACCGTCAGTAGCAATGAGATGAGCTGGATCCGCCAGGCTCCAGGGAAGGGGCTGGAGTGGGTCTCATCCATTAGTGGTGGTAGCACATACTACGCAGACTCCAGGAAGGGCAGATTCACCATCTCCAGAGACAATTCCAAGAACACGCTGTATCTTCAAATGAACAACCTGAGAGCTGAGGGCACGGCCGTGTATTACTGTGCCAGATATA,False,ATGCAGTTTGTGCTGAGCTGGGTTTTCCTTGTTGGTATTTTAAAAG,GTGATTCATGGAGAACTACAGATGTTGAGTGTGAGTGGACATGAGTGAGCAAAACAGTGGGTTTGTGTGGCAGTTTCTGACCTTGGTGTCTCTGTGTTTGCAG,GTGTCCAGTGT,GAGGTGCAGCTGGTGGAGTCTGGGGGAGGCTTGGTACAGCCTAGGGGGTCCCTGAGACTCTCCTGTGCAGCCTCTGGATTCACCGTCAGTAGCAATGAGATGAGCTGGATCCGCCAGGCTCCAGGGAAGGGGCTGGAGTGGGTCTCATCCATTAGTGGTGGTAGCACATACTACGCAGACTCCAGGAAGGGCAGATTCACCATCTCCAGAGACAATTCCAAGAACACGCTGTATCTTCAAATGAACAACCTGAGAGCTGAGGGCACGGCCGTGTATTACTGTGCCAGATATA,GAGGTGCAGCTGGTGGAGTCTGGGGGA...GGCTTGGTACAGCCTAGGGGGTCCCTGAGACTCTCCTGTGCAGCCTCTGGATTCACCGTC............AGTAGCAATGAGATGAGCTGGATCCGCCAGGCTCCAGGGAAGGGGCTGGAGTGGGTCTCATCCATTAGTGGT............GGTAGCACATACTACGCAGACTCCAGGAAG...GGCAGATTCACCATCTCCAGAGACAATTCCAAGAACACGCTGTATCTTCAAATGAACAACCTGAGAGCTGAGGGCACGGCCGTGTATTACTGTGCCAGATATA,CACAGAG,GGGAAGTCATTGTGCGCCCAGAC,ACAAACCTC,,,,,,,,,,,,,,,ACAACTCATCATGCAGTTTGTGCTGAGCTGGGTTTTCCTTGTTGGTATTTTAAAAGGTGATTCATGGAGAACTACAGATGTTGAGTGTGAGTGGACATGAGTGAGCAAAACAGTGGGTTTGTGTGGCAGTTTCTGACCTTGGTGTCTCTGTGTTTGCAGGTGTCCAGTGTGAGGTGCAGCTGGTGGAGTCTGGGGGAGGCTTGGTACAGCCTAGGGGGTCCCTGAGACTCTCCTGTGCAGCCTCTGGATTCACCGTCAGTAGCAATGAGATGAGCTGGATCCGCCAGGCTCCAGGGAAGGGGCTGGAGTGGGTCTCATCCATTAGTGGTGGTAGCACATACTACGCAGACTCCAGGAAGGGCAGATTCACCATCTCCAGAGACAATTCCAAGAACACGCTGTATCTTCAAATGAACAACCTGAGAGCTGAGGGCACGGCCGTGTATTACTGTGCCAGATATACACAGAGGGGAAGTCATTGTGCGCCCAGACACAAACCTCCCTGCAGGAA
B-105.bam,B,105.bam,1,0,IGHV3-43D,,IGHV3-43D*04,IGHV3-43D*04,100.0,GAAGTGCAGCTGGTGGAGTCTGGGGGAGTCGTGGTACAGCCTGGGGGGTCCCTGAGACTCTCCTGTGCAGCCTCTGGATTCACCTTTGATGATTATGCCATGCACTGGGTCCGTCAAGCTCCGGGGAAGGGTCTGGAGTGGGTCTCTCTTATTAGTTGGGATGGTGGTAGCACATACTATGCAGACTCTGTGAAGGGTCGATTCACCATCTCCAGAGACAACAGCAAAAACTCCCTGTATCTGCAAATGAACAGTCTGAGAGCTGAGGACACCGCCTTGTATTACTGTGCAAAAGATA,False,ATGGAGTTTGGACTGAGCTGGGTTTTCCTTGTTGCTATTTTAAAAG,GTGATTCATGGATAAATAGAGATGTTGAGTGTGAGTGAACATGAGTGAGAGAAACAGTGGATATGTGTGGCAGTGTCTGACCAGGGTGTCTCTGTGTTTGCAG,GTGTCCAGTGT,GAAGTGCAGCTGGTGGAGTCTGGGGGAGTCGTGGTACAGCCTGGGGGGTCCCTGAGACTCTCCTGTGCAGCCTCTGGATTCACCTTTGATGATTATGCCATGCACTGGGTCCGTCAAGCTCCGGGGAAGGGTCTGGAGTGGGTCTCTCTTATTAGTTGGGATGGTGGTAGCACATACTATGCAGACTCTGTGAAGGGTCGATTCACCATCTCCAGAGACAACAGCAAAAACTCCCTGTATCTGCAAATGAACAGTCTGAGAGCTGAGGACACCGCCTTGTATTACTGTGCAAAAGATA,GAAGTGCAGCTGGTGGAGTCTGGGGGA...GTCGTGGTACAGCCTGGGGGGTCCCTGAGACTCTCCTGTGCAGCCTCTGGATTCACCTTT............GATGATTATGCCATGCACTGGGTCCGTCAAGCTCCGGGGAAGGGTCTGGAGTGGGTCTCTCTTATTAGTTGGGAT......GGTGGTAGCACATACTATGCAGACTCTGTGAAG...GGTCGATTCACCATCTCCAGAGACAACAGCAAAAACTCCCTGTATCTGCAAATGAACAGTCTGAGAGCTGAGGACACCGCCTTGTATTACTGTGCAAAAGATA,CACAGTG,AGGAGAAGTCAGTGAGAGCCCAG,ACAAAAACC,,,,,,,,,,,,,,,AGAACTCACCATGGAGTTTGGACTGAGCTGGGTTTTCCTTGTTGCTATTTTAAAAGGTGATTCATGGATAAATAGAGATGTTGAGTGTGAGTGAACATGAGTGAGAGAAACAGTGGATATGTGTGGCAGTGTCTGACCAGGGTGTCTCTGTGTTTGCAGGTGTCCAGTGTGAAGTGCAGCTGGTGGAGTCTGGGGGAGTCGTGGTACAGCCTGGGGGGTCCCTGAGACTCTCCTGTGCAGCCTCTGGATTCACCTTTGATGATTATGCCATGCACTGGGTCCGTCAAGCTCCGGGGAAGGGTCTGGAGTGGGTCTCTCTTATTAGTTGGGATGGTGGTAGCACATACTATGCAGACTCTGTGAAGGGTCGATTCACCATCTCCAGAGACAACAGCAAAAACTCCCTGTATCTGCAAATGAACAGTCTGAGAGCTGAGGACACCGCCTTGTATTACTGTGCAAAAGATACACAGTGAGGAGAAGTCAGTGAGAGCCCAGACAAAAACCTCCCTGCAGG
B-105.bam,B,105.bam,1,0,IGHV3-43,,IGHV3-43*02,IGHV3-43*02,100.0,GAAGTGCAGCTGGTGGAGTCTGGGGGAGGCGTGGTACAGCCTGGGGGGTCCCTGAGACTCTCCTGTGCAGCCTCTGGATTCACCTTTGATGATTATGCCATGCACTGGGTCCGTCAAGCTCCAGGGAAGGGTCTGGAGTGGGTCTCTCTTATTAGTGGGGATGGTGGTAGCACATACTATGCAGACTCTGTGAAGGGCCGATTCACCATCTCCAGAGACAACAGCAAAAACTCCCTGTATCTGCAAATGAACAGTCTGAGAACTGAGGACACCGCCTTGTATTACTGTGCAAAAGATA,False,ATGGAGTTTGGACTGAGCTGGGTTTTCCTTGTTGCTATTTTAAAAG,GTGATTCATGGATAAATAGAGATGTTGAGTGTGAGTGAACATGAGTGAGAGAAACAGTGGATTTGTGTGGCAGTTTCTGACCTTGGTGTCTCTGTGTTTGCAG,GTGTCCAGTGT,GAAGTGCAGCTGGTGGAGTCTGGGGGAGGCGTGGTACAGCCTGGGGGGTCCCTGAGACTCTCCTGTGCAGCCTCTGGATTCACCTTTGATGATTATGCCATGCACTGGGTCCGTCAAGCTCCAGGGAAGGGTCTGGAGTGGGTCTCTCTTATTAGTGGGGATGGTGGTAGCACATACTATGCAGACTCTGTGAAGGGCCGATTCACCATCTCCAGAGACAACAGCAAAAACTCCCTGTATCTGCAAATGAACAGTCTGAGAACTGAGGACACCGCCTTGTATTACTGTGCAAAAGATA,GAAGTGCAGCTGGTGGAGTCTGGGGGA...GGCGTGGTACAGCCTGGGGGGTCCCTGAGACTCTCCTGTGCAGCCTCTGGATTCACCTTT............GATGATTATGCCATGCACTGGGTCCGTCAAGCTCCAGGGAAGGGTCTGGAGTGGGTCTCTCTTATTAGTGGGGAT......GGTGGTAGCACATACTATGCAGACTCTGTGAAG...GGCCGATTCACCATCTCCAGAGACAACAGCAAAAACTCCCTGTATCTGCAAATGAACAGTCTGAGAACTGAGGACACCGCCTTGTATTACTGTGCAAAAGATA,CACAGTG,AGGGGAAGTCAGCGAGAGCCCAG,ACAAAAACC,,,,,,,,,,,,,,,AGAACTCACCATGGAGTTTGGACTGAGCTGGGTTTTCCTTGTTGCTATTTTAAAAGGTGATTCATGGATAAATAGAGATGTTGAGTGTGAGTGAACATGAGTGAGAGAAACAGTGGATTTGTGTGGCAGTTTCTGACCTTGGTGTCTCTGTGTTTGCAGGTGTCCAGTGTGAAGTGCAGCTGGTGGAGTCTGGGGGAGGCGTGGTACAGCCTGGGGGGTCCCTGAGACTCTCCTGTGCAGCCTCTGGATTCACCTTTGATGATTATGCCATGCACTGGGTCCGTCAAGCTCCAGGGAAGGGTCTGGAGTGGGTCTCTCTTATTAGTGGGGATGGTGGTAGCACATACTATGCAGACTCTGTGAAGGGCCGATTCACCATCTCCAGAGACAACAGCAAAAACTCCCTGTATCTGCAAATGAACAGTCTGAGAACTGAGGACACCGCCTTGTATTACTGTGCAAAAGATACACAGTGAGGGGAAGTCAGCGAGAGCCCAGACAAAAACCTCGCTGCAGG
B-105.bam,B,105.bam,1,0,IGHV3-43,,IGHV3-43*02,IGHV3-43*02,100.0,GAAGTGCAGCTGGTGGAGTCTGGGGGAGGCGTGGTACAGCCTGGGGGGTCCCTGAGACTCTCCTGTGCAGCCTCTGGATTCACCTTTGATGATTATGCCATGCACTGGGTCCGTCAAGCTCCAGGGAAGGGTCTGGAGTGGGTCTCTCTTATTAGTGGGGATGGTGGTAGCACATACTATGCAGACTCTGTGAAGGGCCGATTCACCATCTCCAGAGACAACAGCAAAAACTCCCTGTATCTGCAAATGAACAGTCTGAGAACTGAGGACACCGCCTTGTATTACTGTGCAAAAGATA,False,ATGGAGTTTGGACTGAGCTGGGTTTTCCTTGTTGCTATTTTAAAAG,GTGATTCATGGATAAATAGAGATGTTGAGTGTGAGTGAACATGAGTGAGAGAAACAGTGGATTTGTGTGGCAGTTTCTGACCTTGGTGTCTCTGTGTTTGCAG,GTGTCCAGTGT,GAAGTGCAGCTGGTGGAGTCTGGGGGAGGCGTGGTACAGCCTGGGGGGTCCCTGAGACTCTCCTGTGCAGCCTCTGGATTCACCTTTGATGATTATGCCATGCACTGGGTCCGTCAAGCTCCAGGGAAGGGTCTGGAGTGGGTCTCTCTTATTAGTGGGGATGGTGGTAGCACATACTATGCAGACTCTGTGAAGGGCCGATTCACCATCTCCAGAGACAACAGCAAAAACTCCCTGTATCTGCAAATGAACAGTCTGAGAACTGAGGACACCGCCTTGTATTACTGTGCAAAAGATA,GAAGTGCAGCTGGTGGAGTCTGGGGGA...GGCGTGGTACAGCCTGGGGGGTCCCTGAGACTCTCCTGTGCAGCCTCTGGATTCACCTTT............GATGATTATGCCATGCACTGGGTCCGTCAAGCTCCAGGGAAGGGTCTGGAGTGGGTCTCTCTTATTAGTGGGGAT......GGTGGTAGCACATACTATGCAGACTCTGTGAAG...GGCCGATTCACCATCTCCAGAGACAACAGCAAAAACTCCCTGTATCTGCAAATGAACAGTCTGAGAACTGAGGACACCGCCTTGTATTACTGTGCAAAAGATA,CACAGTG,AGGAGAAGTCAGTGAGAGCCCAG,ACAAAAACC,,,,,,,,,,,,,,,AGAACTCACCATGGAGTTTGGACTGAGCTGGGTTTTCCTTGTTGCTATTTTAAAAGGTGATTCATGGATAAATAGAGATGTTGAGTGTGAGTGAACATGAGTGAGAGAAACAGTGGATTTGTGTGGCAGTTTCTGACCTTGGTGTCTCTGTGTTTGCAGGTGTCCAGTGTGAAGTGCAGCTGGTGGAGTCTGGGGGAGGCGTGGTACAGCCTGGGGGGTCCCTGAGACTCTCCTGTGCAGCCTCTGGATTCACCTTTGATGATTATGCCATGCACTGGGTCCGTCAAGCTCCAGGGAAGGGTCTGGAGTGGGTCTCTCTTATTAGTGGGGATGGTGGTAGCACATACTATGCAGACTCTGTGAAGGGCCGATTCACCATCTCCAGAGACAACAGCAAAAACTCCCTGTATCTGCAAATGAACAGTCTGAGAACTGAGGACACCGCCTTGTATTACTGTGCAAAAGATACACAGTGAGGAGAAGTCAGTGAGAGCCCAGACAAAAACCTCGCTGCAGG
B-105.bam,B,105.bam,1,1,IGHV1-45,,IGHV1-45*03,IGHV1-45*03,100.0,CAGATGCAGCTGGTGCAGTCTGGGGCTGAGGTGAAGAAGACTGGGTCCTCAGTGAAGGTTTCCTGCAAGGCTTCCGGATACACCTTCACCTACCGCTACCTGCACTGGGTGCGACAGGCCCCCAGACAAGCGCTTGAGTGGATGGGATGGATCACACCTTTCAATGGTAACACCAACTACGCACAGAAATTCCAGGACAGAGTCACCATTACCAGGGACAGGTCTATGAGCACAGCCTACATGGAGCTGAGCAGCCTGAGATCTGAGGACACAGCCATGTATTACTGTGCAAGATA,False,ATGGACTGGACCTGGAGAATCCTCTTCTTGGTGGCAGCAGCCACAG,GTAAGGGGCTCCCAAGTCCCAGTGATGAGGAGGGGATTGAGTCCAGTCAAGGTGGCTTTTATCCACTCCTGTGTCCCCTCCACAG,ATGCCTACTCC,CAGATGCAGCTGGTGCAGTCTGGGGCTGAGGTGAAGAAGACTGGGTCCTCAGTGAAGGTTTCCTGCAAGGCTTCCGGATACACCTTCACCTACCGCTACCTGCACTGGGTGCGACAGGCCCCCAGACAAGCGCTTGAGTGGATGGGATGGATCACACCTTTCAATGGTAACACCAACTACGCACAGAAATTCCAGGACAGAGTCACCATTACCAGGGACAGGTCTATGAGCACAGCCTACATGGAGCTGAGCAGCCTGAGATCTGAGGACACAGCCATGTATTACTGTGCAAGATA,CAGATGCAGCTGGTGCAGTCTGGGGCT...GAGGTGAAGAAGACTGGGTCCTCAGTGAAGGTTTCCTGCAAGGCTTCCGGATACACCTTC............ACCTACCGCTACCTGCACTGGGTGCGACAGGCCCCCAGACAAGCGCTTGAGTGGATGGGATGGATCACACCTTTC......AATGGTAACACCAACTACGCACAGAAATTCCAG...GACAGAGTCACCATTACCAGGGACAGGTCTATGAGCACAGCCTACATGGAGCTGAGCAGCCTGAGATCTGAGGACACAGCCATGTATTACTGTGCAAGATA,CACAGTG,TGAAAACCCACATCCTGAGACCG,TCAGAAACC,,,,,,,,,,,,,,,GCTCCTCACCATGGACTGGACCTGGAGAATCCTCTTCTTGGTGGCAGCAGCCACAGGTAAGGGGCTCCCAAGTCCCAGTGATGAGGAGGGGATTGAGTCCAGTCAAGGTGGCTTTTATCCACTCCTGTGTCCCCTCCACAGATGCCTACTCCCAGATGCAGCTGGTGCAGTCTGGGGCTGAGGTGAAGAAGACTGGGTCCTCAGTGAAGGTTTCCTGCAAGGCTTCCGGATACACCTTCACCTACCGCTACCTGCACTGGGTGCGACAGGCCCCCAGACAAGCGCTTGAGTGGATGGGATGGATCACACCTTTCAATGGTAACACCAACTACGCACAGAAATTCCAGGACAGAGTCACCATTACCAGGGACAGGTCTATGAGCACAGCCTACATGGAGCTGAGCAGCCTGAGATCTGAGGACACAGCCATGTATTACTGTGCAAGATACACAGTGTGAAAACCCACATCCTGAGACCGTCAGAAACCCCAAGGAGGA
B-105.bam,B,105.bam,1,2,IGHV1-45,,IGHV1-45*02,IGHV1-45*02,100.0,CAGATGCAGCTGGTGCAGTCTGGGGCTGAGGTGAAGAAGACTGGGTCCTCAGTGAAGGTTTCCTGCAAGGCTTCCGGATACACCTTCACCTACCGCTACCTGCACTGGGTGCGACAGGCCCCCGGACAAGCGCTTGAGTGGATGGGATGGATCACACCTTTCAATGGTAACACCAACTACGCACAGAAATTCCAGGACAGAGTCACCATTACCAGGGACAGGTCTATGAGCACAGCCTACATGGAGCTGAGCAGCCTGAGATCTGAGGACACAGCCATGTATTACTGTGCAAGATA,False,ATGGACTGGACCTGGAGAATCCTCTTCTTGGTGGCAGCAGTCACAG,GTAAGGGGCTCCCAAGTCCCAGTGATGAGGAGGGGATTGAGTCCAGTCAAGGTGGCTTTTATCCACTCCTGTGTCCCCTCCACAG,ATGCCTACTCC,CAGATGCAGCTGGTGCAGTCTGGGGCTGAGGTGAAGAAGACTGGGTCCTCAGTGAAGGTTTCCTGCAAGGCTTCCGGATACACCTTCACCTACCGCTACCTGCACTGGGTGCGACAGGCCCCCGGACAAGCGCTTGAGTGGATGGGATGGATCACACCTTTCAATGGTAACACCAACTACGCACAGAAATTCCAGGACAGAGTCACCATTACCAGGGACAGGTCTATGAGCACAGCCTACATGGAGCTGAGCAGCCTGAGATCTGAGGACACAGCCATGTATTACTGTGCAAGATA,CAGATGCAGCTGGTGCAGTCTGGGGCT...GAGGTGAAGAAGACTGGGTCCTCAGTGAAGGTTTCCTGCAAGGCTTCCGGATACACCTTC............ACCTACCGCTACCTGCACTGGGTGCGACAGGCCCCCGGACAAGCGCTTGAGTGGATGGGATGGATCACACCTTTC......AATGGTAACACCAACTACGCACAGAAATTCCAG...GACAGAGTCACCATTACCAGGGACAGGTCTATGAGCACAGCCTACATGGAGCTGAGCAGCCTGAGATCTGAGGACACAGCCATGTATTACTGTGCAAGATA,CACAGTG,TGAAAACCCACATCCTGAGACCG,TCAGAAACC,,,,,,,,,,,,,,,GCTCCTCACCATGGACTGGACCTGGAGAATCCTCTTCTTGGTGGCAGCAGTCACAGGTAAGGGGCTCCCAAGTCCCAGTGATGAGGAGGGGATTGAGTCCAGTCAAGGTGGCTTTTATCCACTCCTGTGTCCCCTCCACAGATGCCTACTCCCAGATGCAGCTGGTGCAGTCTGGGGCTGAGGTGAAGAAGACTGGGTCCTCAGTGAAGGTTTCCTGCAAGGCTTCCGGATACACCTTCACCTACCGCTACCTGCACTGGGTGCGACAGGCCCCCGGACAAGCGCTTGAGTGGATGGGATGGATCACACCTTTCAATGGTAACACCAACTACGCACAGAAATTCCAGGACAGAGTCACCATTACCAGGGACAGGTCTATGAGCACAGCCTACATGGAGCTGAGCAGCCTGAGATCTGAGGACACAGCCATGTATTACTGTGCAAGATACACAGTGTGAAAACCCACATCCTGAGACCGTCAGAAACCCCAAGGAGGA
B-105.bam,B,105.bam,1,1,IGHV1-46,,IGHV1-46*01,IGHV1-46*01,100.0,CAGGTGCAGCTGGTGCAGTCTGGGGCTGAGGTGAAGAAGCCTGGGGCCTCAGTGAAGGTTTCCTGCAAGGCATCTGGATACACCTTCACCAGCTACTATATGCACTGGGTGCGACAGGCCCCTGGACAAGGGCTTGAGTGGATGGGAATAATCAACCCTAGTGGTGGTAGCACAAGCTACGCACAGAAGTTCCAGGGCAGAGTCACCATGACCAGGGACACGTCCACGAGCACAGTCTACATGGAGCTGAGCAGCCTGAGATCTGAGGACACGGCCGTGTATTACTGTGCGAGAGA,False,ATGGACTGGACCTGGAGGGTCTTCTGCTTGCTGGCTGTAGCTCCAG,GTAAAGGGCCAACTGGTTCCAGGGCTGAGGAAGGGATTTTTTCCAGTTTAGAGGACTGTCATTCTCTACTGTGTCCTCTCCGCAG,GTGCTCACTCC,CAGGTGCAGCTGGTGCAGTCTGGGGCTGAGGTGAAGAAGCCTGGGGCCTCAGTGAAGGTTTCCTGCAAGGCATCTGGATACACCTTCACCAGCTACTATATGCACTGGGTGCGACAGGCCCCTGGACAAGGGCTTGAGTGGATGGGAATAATCAACCCTAGTGGTGGTAGCACAAGCTACGCACAGAAGTTCCAGGGCAGAGTCACCATGACCAGGGACACGTCCACGAGCACAGTCTACATGGAGCTGAGCAGCCTGAGATCTGAGGACACGGCCGTGTATTACTGTGCGAGAGA,CAGGTGCAGCTGGTGCAGTCTGGGGCT...GAGGTGAAGAAGCCTGGGGCCTCAGTGAAGGTTTCCTGCAAGGCATCTGGATACACCTTC............ACCAGCTACTATATGCACTGGGTGCGACAGGCCCCTGGACAAGGGCTTGAGTGGATGGGAATAATCAACCCTAGT......GGTGGTAGCACAAGCTACGCACAGAAGTTCCAG...GGCAGAGTCACCATGACCAGGGACACGTCCACGAGCACAGTCTACATGGAGCTGAGCAGCCTGAGATCTGAGGACACGGCCGTGTATTACTGTGCGAGAGA,CACAGTG,TGAGAAACCACATCCTCAGAGTG,TCAGAAACC,,,,,,,,,,,,,,,GTTCTTCACCATGGACTGGACCTGGAGGGTCTTCTGCTTGCTGGCTGTAGCTCCAGGTAAAGGGCCAACTGGTTCCAGGGCTGAGGAAGGGATTTTTTCCAGTTTAGAGGACTGTCATTCTCTACTGTGTCCTCTCCGCAGGTGCTCACTCCCAGGTGCAGCTGGTGCAGTCTGGGGCTGAGGTGAAGAAGCCTGGGGCCTCAGTGAAGGTTTCCTGCAAGGCATCTGGATACACCTTCACCAGCTACTATATGCACTGGGTGCGACAGGCCCCTGGACAAGGGCTTGAGTGGATGGGAATAATCAACCCTAGTGGTGGTAGCACAAGCTACGCACAGAAGTTCCAGGGCAGAGTCACCATGACCAGGGACACGTCCACGAGCACAGTCTACATGGAGCTGAGCAGCCTGAGATCTGAGGACACGGCCGTGTATTACTGTGCGAGAGACACAGTGTGAGAAACCACATCCTCAGAGTGTCAGAAACCCTGAGGGAGG
B-105.bam,B,105.bam,1,2,IGHV1-46,,IGHV1-46*01,IGHV1-46*01,100.0,CAGGTGCAGCTGGTGCAGTCTGGGGCTGAGGTGAAGAAGCCTGGGGCCTCAGTGAAGGTTTCCTGCAAGGCATCTGGATACACCTTCACCAGCTACTATATGCACTGGGTGCGACAGGCCCCTGGACAAGGGCTTGAGTGGATGGGAATAATCAACCCTAGTGGTGGTAGCACAAGCTACGCACAGAAGTTCCAGGGCAGAGTCACCATGACCAGGGACACGTCCACGAGCACAGTCTACATGGAGCTGAGCAGCCTGAGATCTGAGGACACGGCCGTGTATTACTGTGCGAGAGA,False,ATGGACTGGACCTGGAGGGTCTTCTGCTTGCTGGCTGTAGCTCCAG,GTAAAGGGCCAACTGGTTCCAGGGCTGAGGAAGGGATTTTTTCCAGTTTAGAGGACTGTCATTCTCTACTGTGTCCTCTCCGCAG,GTGCTCACTCC,CAGGTGCAGCTGGTGCAGTCTGGGGCTGAGGTGAAGAAGCCTGGGGCCTCAGTGAAGGTTTCCTGCAAGGCATCTGGATACACCTTCACCAGCTACTATATGCACTGGGTGCGACAGGCCCCTGGACAAGGGCTTGAGTGGATGGGAATAATCAACCCTAGTGGTGGTAGCACAAGCTACGCACAGAAGTTCCAGGGCAGAGTCACCATGACCAGGGACACGTCCACGAGCACAGTCTACATGGAGCTGAGCAGCCTGAGATCTGAGGACACGGCCGTGTATTACTGTGCGAGAGA,CAGGTGCAGCTGGTGCAGTCTGGGGCT...GAGGTGAAGAAGCCTGGGGCCTCAGTGAAGGTTTCCTGCAAGGCATCTGGATACACCTTC............ACCAGCTACTATATGCACTGGGTGCGACAGGCCCCTGGACAAGGGCTTGAGTGGATGGGAATAATCAACCCTAGT......GGTGGTAGCACAAGCTACGCACAGAAGTTCCAG...GGCAGAGTCACCATGACCAGGGACACGTCCACGAGCACAGTCTACATGGAGCTGAGCAGCCTGAGATCTGAGGACACGGCCGTGTATTACTGTGCGAGAGA,CACAGTG,TGAGAAACCACATCCTCAGAGTG,TCAGAAACC,,,,,,,,,,,,,,,GTTCTTCACCATGGACTGGACCTGGAGGGTCTTCTGCTTGCTGGCTGTAGCTCCAGGTAAAGGGCCAACTGGTTCCAGGGCTGAGGAAGGGATTTTTTCCAGTTTAGAGGACTGTCATTCTCTACTGTGTCCTCTCCGCAGGTGCTCACTCCCAGGTGCAGCTGGTGCAGTCTGGGGCTGAGGTGAAGAAGCCTGGGGCCTCAGTGAAGGTTTCCTGCAAGGCATCTGGATACACCTTCACCAGCTACTATATGCACTGGGTGCGACAGGCCCCTGGACAAGGGCTTGAGTGGATGGGAATAATCAACCCTAGTGGTGGTAGCACAAGCTACGCACAGAAGTTCCAGGGCAGAGTCACCATGACCAGGGACACGTCCACGAGCACAGTCTACATGGAGCTGAGCAGCCTGAGATCTGAGGACACGGCCGTGTATTACTGTGCGAGAGACACAGTGTGAGAAACCACATCCTCAGAGTGTCAGAAACCCTGAGGGAGG
B-105.bam,B,105.bam,1,1,IGHV3-49,,IGHV3-49*04,IGHV3-49*04,100.0,GAGGTGCAGCTGGTGGAGTCTGGGGGAGGCTTGGTACAGCCAGGGCGGTCCCTGAGACTCTCCTGTACAGCTTCTGGATTCACCTTTGGTGATTATGCTATGAGCTGGGTCCGCCAGGCTCCAGGGAAGGGGCTGGAGTGGGTAGGTTTCATTAGAAGCAAAGCTTATGGTGGGACAACAGAATACGCCGCGTCTGTGAAAGGCAGATTCACCATCTCAAGAGATGATTCCAAAAGCATCGCCTATCTGCAAATGAACAGCCTGAAAACCGAGGACACAGCCGTGTATTACTGTACTAGAGA,False,ATGGAGTTTGGGCTTAGCTGGGTTTTCCTTGTTGCTATTTTAAAAG,GTAATTCATGGTGTACTAGAGATACTGAGTGTGAGGGGACATGAGTGGTAGAAACAGTGGATATGTGTGGCAGTTTCTGACCTTGGTGTTTCTGTGTTTGCAG,GTGTCCAATGT,GAGGTGCAGCTGGTGGAGTCTGGGGGAGGCTTGGTACAGCCAGGGCGGTCCCTGAGACTCTCCTGTACAGCTTCTGGATTCACCTTTGGTGATTATGCTATGAGCTGGGTCCGCCAGGCTCCAGGGAAGGGGCTGGAGTGGGTAGGTTTCATTAGAAGCAAAGCTTATGGTGGGACAACAGAATACGCCGCGTCTGTGAAAGGCAGATTCACCATCTCAAGAGATGATTCCAAAAGCATCGCCTATCTGCAAATGAACAGCCTGAAAACCGAGGACACAGCCGTGTATTACTGTACTAGAGA,GAGGTGCAGCTGGTGGAGTCTGGGGGA...GGCTTGGTACAGCCAGGGCGGTCCCTGAGACTCTCCTGTACAGCTTCTGGATTCACCTTT............GGTGATTATGCTATGAGCTGGGTCCGCCAGGCTCCAGGGAAGGGGCTGGAGTGGGTAGGTTTCATTAGAAGCAAAGCTTATGGTGGGACAACAGAATACGCCGCGTCTGTGAAA...GGCAGATTCACCATCTCAAGAGATGATTCCAAAAGCATCGCCTATCTGCAAATGAACAGCCTGAAAACCGAGGACACAGCCGTGTATTACTGTACTAGAGA,CACAGTG,AGGGGAGGTCAGTGTGAGCCCAG,ACACAAACC,,,,,,,,,,,,,,,ACCACCAACCATGGAGTTTGGGCTTAGCTGGGTTTTCCTTGTTGCTATTTTAAAAGGTAATTCATGGTGTACTAGAGATACTGAGTGTGAGGGGACATGAGTGGTAGAAACAGTGGATATGTGTGGCAGTTTCTGACCTTGGTGTTTCTGTGTTTGCAGGTGTCCAATGTGAGGTGCAGCTGGTGGAGTCTGGGGGAGGCTTGGTACAGCCAGGGCGGTCCCTGAGACTCTCCTGTACAGCTTCTGGATTCACCTTTGGTGATTATGCTATGAGCTGGGTCCGCCAGGCTCCAGGGAAGGGGCTGGAGTGGGTAGGTTTCATTAGAAGCAAAGCTTATGGTGGGACAACAGAATACGCCGCGTCTGTGAAAGGCAGATTCACCATCTCAAGAGATGATTCCAAAAGCATCGCCTATCTGCAAATGAACAGCCTGAAAACCGAGGACACAGCCGTGTATTACTGTACTAGAGACACAGTGAGGGGAGGTCAGTGTGAGCCCAGACACAAACCTCCCTGCAGG
B-105.bam,B,105.bam,1,1,IGHV1-58,,IGHV1-58*01,IGHV1-58*01,100.0,CAAATGCAGCTGGTGCAGTCTGGGCCTGAGGTGAAGAAGCCTGGGACCTCAGTGAAGGTCTCCTGCAAGGCTTCTGGATTCACCTTTACTAGCTCTGCTGTGCAGTGGGTGCGACAGGCTCGTGGACAACGCCTTGAGTGGATAGGATGGATCGTCGTTGGCAGTGGTAACACAAACTACGCACAGAAGTTCCAGGAAAGAGTCACCATTACCAGGGACATGTCCACAAGCACAGCCTACATGGAGCTGAGCAGCCTGAGATCCGAGGACACGGCCGTGTATTACTGTGCGGCAGA,False,ATGGACTGGATTTGGAGGATCCTCTTCTTGGTGGGAGCAGCGACAG,GCAAGGAGATGCCAAGTCCCAGTGATGAGGAGGGGATTGAGTCCAGTCAAGGTGGCTTTCATCCACTCCTGTGTTCTCTCCACAG,GTGCCCACTCC,CAAATGCAGCTGGTGCAGTCTGGGCCTGAGGTGAAGAAGCCTGGGACCTCAGTGAAGGTCTCCTGCAAGGCTTCTGGATTCACCTTTACTAGCTCTGCTGTGCAGTGGGTGCGACAGGCTCGTGGACAACGCCTTGAGTGGATAGGATGGATCGTCGTTGGCAGTGGTAACACAAACTACGCACAGAAGTTCCAGGAAAGAGTCACCATTACCAGGGACATGTCCACAAGCACAGCCTACATGGAGCTGAGCAGCCTGAGATCCGAGGACACGGCCGTGTATTACTGTGCGGCAGA,CAAATGCAGCTGGTGCAGTCTGGGCCT...GAGGTGAAGAAGCCTGGGACCTCAGTGAAGGTCTCCTGCAAGGCTTCTGGATTCACCTTT............ACTAGCTCTGCTGTGCAGTGGGTGCGACAGGCTCGTGGACAACGCCTTGAGTGGATAGGATGGATCGTCGTTGGC......AGTGGTAACACAAACTACGCACAGAAGTTCCAG...GAAAGAGTCACCATTACCAGGGACATGTCCACAAGCACAGCCTACATGGAGCTGAGCAGCCTGAGATCCGAGGACACGGCCGTGTATTACTGTGCGGCAGA,CACAGTG,TGAAAACCCACATCCTGAGAGTG,TCAGAAACG,,,,,,,,,,,,,,,GTTCCTCACTATGGACTGGATTTGGAGGATCCTCTTCTTGGTGGGAGCAGCGACAGGCAAGGAGATGCCAAGTCCCAGTGATGAGGAGGGGATTGAGTCCAGTCAAGGTGGCTTTCATCCACTCCTGTGTTCTCTCCACAGGTGCCCACTCCCAAATGCAGCTGGTGCAGTCTGGGCCTGAGGTGAAGAAGCCTGGGACCTCAGTGAAGGTCTCCTGCAAGGCTTCTGGATTCACCTTTACTAGCTCTGCTGTGCAGTGGGTGCGACAGGCTCGTGGACAACGCCTTGAGTGGATAGGATGGATCGTCGTTGGCAGTGGTAACACAAACTACGCACAGAAGTTCCAGGAAAGAGTCACCATTACCAGGGACATGTCCACAAGCACAGCCTACATGGAGCTGAGCAGCCTGAGATCCGAGGACACGGCCGTGTATTACTGTGCGGCAGACACAGTGTGAAAACCCACATCCTGAGAGTGTCAGAAACGCCAGGAAGGA
B-105.bam,B,105.bam,1,2,IGHV1-58,,IGHV1-58*02,IGHV1-58*02,100.0,CAAATGCAGCTGGTGCAGTCTGGGCCTGAGGTGAAGAAGCCTGGGACCTCAGTGAAGGTCTCCTGCAAGGCTTCTGGATTCACCTTTACTAGCTCTGCTATGCAGTGGGTGCGACAGGCTCGTGGACAACGCCTTGAGTGGATAGGATGGATCGTCGTTGGCAGTGGTAACACAAACTACGCACAGAAGTTCCAGGAAAGAGTCACCATTACCAGGGACATGTCCACAAGCACAGCCTACATGGAGCTGAGCAGCCTGAGATCCGAGGACACGGCCGTGTATTACTGTGCGGCAGA,False,ATGGACTGGATTTGGAGGATCCTCTTCTTGGTGGGAGCAGCGACAG,GCAAGGAGATGCCAAGTCCCAGTGATGAGGAGGGGATTGAGTCCAGTCAAGGTGGCTTTCATCCACTCCTGTGTTCTCTCCACAG,GTGCCCACTCC,CAAATGCAGCTGGTGCAGTCTGGGCCTGAGGTGAAGAAGCCTGGGACCTCAGTGAAGGTCTCCTGCAAGGCTTCTGGATTCACCTTTACTAGCTCTGCTATGCAGTGGGTGCGACAGGCTCGTGGACAACGCCTTGAGTGGATAGGATGGATCGTCGTTGGCAGTGGTAACACAAACTACGCACAGAAGTTCCAGGAAAGAGTCACCATTACCAGGGACATGTCCACAAGCACAGCCTACATGGAGCTGAGCAGCCTGAGATCCGAGGACACGGCCGTGTATTACTGTGCGGCAGA,CAAATGCAGCTGGTGCAGTCTGGGCCT...GAGGTGAAGAAGCCTGGGACCTCAGTGAAGGTCTCCTGCAAGGCTTCTGGATTCACCTTT............ACTAGCTCTGCTATGCAGTGGGTGCGACAGGCTCGTGGACAACGCCTTGAGTGGATAGGATGGATCGTCGTTGGC......AGTGGTAACACAAACTACGCACAGAAGTTCCAG...GAAAGAGTCACCATTACCAGGGACATGTCCACAAGCACAGCCTACATGGAGCTGAGCAGCCTGAGATCCGAGGACACGGCCGTGTATTACTGTGCGGCAGA,CACAGTG,TGAAAACCCACATCCTGAGAGTG,TCAGAAACG,,,,,,,,,,,,,,,GTTCCTCACTATGGACTGGATTTGGAGGATCCTCTTCTTGGTGGGAGCAGCGACAGGCAAGGAGATGCCAAGTCCCAGTGATGAGGAGGGGATTGAGTCCAGTCAAGGTGGCTTTCATCCACTCCTGTGTTCTCTCCACAGGTGCCCACTCCCAAATGCAGCTGGTGCAGTCTGGGCCTGAGGTGAAGAAGCCTGGGACCTCAGTGAAGGTCTCCTGCAAGGCTTCTGGATTCACCTTTACTAGCTCTGCTATGCAGTGGGTGCGACAGGCTCGTGGACAACGCCTTGAGTGGATAGGATGGATCGTCGTTGGCAGTGGTAACACAAACTACGCACAGAAGTTCCAGGAAAGAGTCACCATTACCAGGGACATGTCCACAAGCACAGCCTACATGGAGCTGAGCAGCCTGAGATCCGAGGACACGGCCGTGTATTACTGTGCGGCAGACACAGTGTGAAAACCCACATCCTGAGAGTGTCAGAAACGCCAGGAAGGA
B-105.bam,B,105.bam,1,2,IGHV3-66,,IGHV3-66*01,IGHV3-66*01,100.0,GAGGTGCAGCTGGTGGAGTCTGGGGGAGGCTTGGTCCAGCCTGGGGGGTCCCTGAGACTCTCCTGTGCAGCCTCTGGATTCACCGTCAGTAGCAACTACATGAGCTGGGTCCGCCAGGCTCCAGGGAAGGGGCTGGAGTGGGTCTCAGTTATTTATAGCGGTGGTAGCACATACTACGCAGACTCCGTGAAGGGCAGATTCACCATCTCCAGAGACAATTCCAAGAACACGCTGTATCTTCAAATGAACAGCCTGAGAGCCGAGGACACGGCTGTGTATTACTGTGCGAGAGA,False,ATGGAGTTTGGGCTGAGCTGGGTTTTCCTTGTTGCTATTTTAAAAG,GTGATTCATGGAGAACTAGAGATATCGAGTGTGAGTGAAGATGAGTGAGAGAAACAGTGGATATGTGTGGCAGTTTCTGACCAATGTCTCTGTGTTTGCAG,GTGTCCAGTGT,GAGGTGCAGCTGGTGGAGTCTGGGGGAGGCTTGGTCCAGCCTGGGGGGTCCCTGAGACTCTCCTGTGCAGCCTCTGGATTCACCGTCAGTAGCAACTACATGAGCTGGGTCCGCCAGGCTCCAGGGAAGGGGCTGGAGTGGGTCTCAGTTATTTATAGCGGTGGTAGCACATACTACGCAGACTCCGTGAAGGGCAGATTCACCATCTCCAGAGACAATTCCAAGAACACGCTGTATCTTCAAATGAACAGCCTGAGAGCCGAGGACACGGCTGTGTATTACTGTGCGAGAGA,GAGGTGCAGCTGGTGGAGTCTGGGGGA...GGCTTGGTCCAGCCTGGGGGGTCCCTGAGACTCTCCTGTGCAGCCTCTGGATTCACCGTC............AGTAGCAACTACATGAGCTGGGTCCGCCAGGCTCCAGGGAAGGGGCTGGAGTGGGTCTCAGTTATTTATAGCGGT.........GGTAGCACATACTACGCAGACTCCGTGAAG...GGCAGATTCACCATCTCCAGAGACAATTCCAAGAACACGCTGTATCTTCAAATGAACAGCCTGAGAGCCGAGGACACGGCTGTGTATTACTGTGCGAGAGA,CACAGTG,AGGGGAGGCCATTGTGCGCCCAG,ACACAAACC,,,,,,,,,,,,,,,AGGACTCGCCATGGAGTTTGGGCTGAGCTGGGTTTTCCTTGTTGCTATTTTAAAAGGTGATTCATGGAGAACTAGAGATATCGAGTGTGAGTGAAGATGAGTGAGAGAAACAGTGGATATGTGTGGCAGTTTCTGACCAATGTCTCTGTGTTTGCAGGTGTCCAGTGTGAGGTGCAGCTGGTGGAGTCTGGGGGAGGCTTGGTCCAGCCTGGGGGGTCCCTGAGACTCTCCTGTGCAGCCTCTGGATTCACCGTCAGTAGCAACTACATGAGCTGGGTCCGCCAGGCTCCAGGGAAGGGGCTGGAGTGGGTCTCAGTTATTTATAGCGGTGGTAGCACATACTACGCAGACTCCGTGAAGGGCAGATTCACCATCTCCAGAGACAATTCCAAGAACACGCTGTATCTTCAAATGAACAGCCTGAGAGCCGAGGACACGGCTGTGTATTACTGTGCGAGAGACACAGTGAGGGGAGGCCATTGTGCGCCCAGACACAAACCTCCCTGCAGG
B-105.bam,B,105.bam,1,1,IGHV3-66,,IGHV3-66*03,IGHV3-66*03,100.0,GAGGTGCAGCTGGTGGAGTCTGGAGGAGGCTTGATCCAGCCTGGGGGGTCCCTGAGACTCTCCTGTGCAGCCTCTGGGTTCACCGTCAGTAGCAACTACATGAGCTGGGTCCGCCAGGCTCCAGGGAAGGGGCTGGAGTGGGTCTCAGTTATTTATAGCTGTGGTAGCACATACTACGCAGACTCCGTGAAGGGCCGATTCACCATCTCCAGAGACAATTCCAAGAACACGCTGTATCTTCAAATGAACAGCCTGAGAGCTGAGGACACGGCTGTGTATTACTGTGCGAGAGA,False,ATGGAGTTTGGGCTGAGCTGGGTTTTCCTTGTTGCTATTTTAAAAG,GTGATTCATGGAGAACTAGAGATATTGAGTGTGAGTGAACACGAGTGAGAGAAACAGTGGATATGTGTGGCAGTTTCTAACCAATGTCTCTGTGTTTGCAG,GTGTCCAGTGT,GAGGTGCAGCTGGTGGAGTCTGGAGGAGGCTTGATCCAGCCTGGGGGGTCCCTGAGACTCTCCTGTGCAGCCTCTGGGTTCACCGTCAGTAGCAACTACATGAGCTGGGTCCGCCAGGCTCCAGGGAAGGGGCTGGAGTGGGTCTCAGTTATTTATAGCTGTGGTAGCACATACTACGCAGACTCCGTGAAGGGCCGATTCACCATCTCCAGAGACAATTCCAAGAACACGCTGTATCTTCAAATGAACAGCCTGAGAGCTGAGGACACGGCTGTGTATTACTGTGCGAGAGA,GAGGTGCAGCTGGTGGAGTCTGGAGGA...GGCTTGATCCAGCCTGGGGGGTCCCTGAGACTCTCCTGTGCAGCCTCTGGGTTCACCGTC............AGTAGCAACTACATGAGCTGGGTCCGCCAGGCTCCAGGGAAGGGGCTGGAGTGGGTCTCAGTTATTTATAGCTGT.........GGTAGCACATACTACGCAGACTCCGTGAAG...GGCCGATTCACCATCTCCAGAGACAATTCCAAGAACACGCTGTATCTTCAAATGAACAGCCTGAGAGCTGAGGACACGGCTGTGTATTACTGTGCGAGAGA,CACAGTG,AGGGGAGGCCATTGTGCGCCCAG,ACACAAACC,,,,,,,,,,,,,,,AGGACTCGCCATGGAGTTTGGGCTGAGCTGGGTTTTCCTTGTTGCTATTTTAAAAGGTGATTCATGGAGAACTAGAGATATTGAGTGTGAGTGAACACGAGTGAGAGAAACAGTGGATATGTGTGGCAGTTTCTAACCAATGTCTCTGTGTTTGCAGGTGTCCAGTGTGAGGTGCAGCTGGTGGAGTCTGGAGGAGGCTTGATCCAGCCTGGGGGGTCCCTGAGACTCTCCTGTGCAGCCTCTGGGTTCACCGTCAGTAGCAACTACATGAGCTGGGTCCGCCAGGCTCCAGGGAAGGGGCTGGAGTGGGTCTCAGTTATTTATAGCTGTGGTAGCACATACTACGCAGACTCCGTGAAGGGCCGATTCACCATCTCCAGAGACAATTCCAAGAACACGCTGTATCTTCAAATGAACAGCCTGAGAGCTGAGGACACGGCTGTGTATTACTGTGCGAGAGACACAGTGAGGGGAGGCCATTGTGCGCCCAGACACAAACCTCCCTGCAGG
B-105.bam,B,105.bam,1,1,IGHV3-66,,IGHV3-66*02_39cb,IGHV3-66*01,51.54,GAGGTGCAGCTGGTGGAGTCTGGGGGAGGCTTGGTCCAGCCTGGGGGGTCCCTGAGACTCTCCTGTGCAGCCTCTGGATTCACCGTCAGTAGCAACTACATGAGCTGGGTCCGCCAGGCTCCAGGGAAGGGGCTGGAGTGGGTCTCAGTTATTTATAGCGGTGGTAGCACATACTACGCAGACTCCGTGAAGGGCAGATTCACCATCTCCAGAGACAATTCCAAGAACACGCTGTATCTTCAAATGAACAGCCTGAGAGCCGAGGACACGGCTGTGTATTACTGTGCGAGAGA,False,TTTGGGCTGAGCTGGGTTTTCCTTGTTGCTATTTTAAGAGGTGATT,CATAGATAAATAGAGATGTTGAGTGGGAGTGGACATGAGTGAGAGAAACAGTGGATGTGTGTGGCAGTTTCTGACCTTGGTGTCTTTGTGTTTGCAGGTGT,CCAGTGTGAGG,TGCAGCTGGTGGAGTCTGGGGAAGGCTTGGTCCAGCCTGGGGGGTCCCTGAGACTCTCCTGTGCAGCCTCTGGATTCACCTTCAGTAGCT-CTGCTATGCACTGGGTCCGCCAGGCTCCAAGAAAGGGTTTGTAGTGGGTCTCAGTTATTAGTACAAGTGGTGATACCGTACTCTACACAGACTCTGTGAAGGGCCGATTCACCATCTCCAGAGACAATGCCCAGAATTCACTGTATCTGCAAATGAACAGCCTGAGAGCCGACGACATGGCTGTGTATTACTGTGTGAAAGA,TGCAGCTGGTGGAGTCTGGGGAAGGCT...TGGTCCAGCCTGGGGGGTCCCTGAGACTCTCCTGTGCAGCCTCTGGATTCACCTTCAGTA............GCTCTGCTATGCACTGGGTCCGCCAGGCTCCAAGAAAGGGTTTGTAGTGGGTCTCAGTTATTAGTACAAGTGGTG.........ATACCGTACTCTACACAGACTCTGTGAAGG...GCCGATTCACCATCTCCAGAGACAATGCCCAGAATTCACTGTATCTGCAAATGAACAGCCTGAGAGCCGACGACATGGCTGTGTATTACTGTGTGAAAGA,CGCAGTG,AGA--AGTC-AGTGTGAGCCCAG,ACACAAACC,,,,,,,,,,,,Heptamer does not match\nStop codon in V-REGION before 2nd cysteine,,,CACCATGGAGTTTGGGCTGAGCTGGGTTTTCCTTGTTGCTATTTTAAGAGGTGATTCATAGATAAATAGAGATGTTGAGTGGGAGTGGACATGAGTGAGAGAAACAGTGGATGTGTGTGGCAGTTTCTGACCTTGGTGTCTTTGTGTTTGCAGGTGTCCAGTGTGAGGTGCAGCTGGTGGAGTCTGGGGAAGGCTTGGTCCAGCCTGGGGGGTCCCTGAGACTCTCCTGTGCAGCCTCTGGATTCACCTTCAGTAGCT-CTGCTATGCACTGGGTCCGCCAGGCTCCAAGAAAGGGTTTGTAGTGGGTCTCAGTTATTAGTACAAGTGGTGATACCGTACTCTACACAGACTCTGTGAAGGGCCGATTCACCATCTCCAGAGACAATGCCCAGAATTCACTGTATCTGCAAATGAACAGCCTGAGAGCCGACGACATGGCTGTGTATTACTGTGTGAAAGACGCAGTGAGA--AGTC-AGTGTGAGCCCAGACACAAACCTCCCTGCAGG
B-105.bam,B,105.bam,1,1,IGHV1-69,,IGHV1-69*06,IGHV1-69*06,100.0,CAGGTGCAGCTGGTGCAGTCTGGGGCTGAGGTGAAGAAGCCTGGGTCCTCGGTGAAGGTCTCCTGCAAGGCTTCTGGAGGCACCTTCAGCAGCTATGCTATCAGCTGGGTGCGACAGGCCCCTGGACAAGGGCTTGAGTGGATGGGAGGGATCATCCCTATCTTTGGTACAGCAAACTACGCACAGAAGTTCCAGGGCAGAGTCACGATTACCGCGGACAAATCCACGAGCACAGCCTACATGGAGCTGAGCAGCCTGAGATCTGAGGACACGGCCGTGTATTACTGTGCGAGAGA,False,ATGGACTGGACCTGGAGGTTCCTCTTTGTGGTGGCAGCAGCTACAG,GTAAGGGGCTTCCTAGTCCTAAGGCTGAGGAAGGGATCCTGGTTTAGTTAAAGAGGATTTTATTCACCCCTGTGTCCTCTCCACAG,GTGTCCAGTCC,CAGGTGCAGCTGGTGCAGTCTGGGGCTGAGGTGAAGAAGCCTGGGTCCTCGGTGAAGGTCTCCTGCAAGGCTTCTGGAGGCACCTTCAGCAGCTATGCTATCAGCTGGGTGCGACAGGCCCCTGGACAAGGGCTTGAGTGGATGGGAGGGATCATCCCTATCTTTGGTACAGCAAACTACGCACAGAAGTTCCAGGGCAGAGTCACGATTACCGCGGACAAATCCACGAGCACAGCCTACATGGAGCTGAGCAGCCTGAGATCTGAGGACACGGCCGTGTATTACTGTGCGAGAGA,CAGGTGCAGCTGGTGCAGTCTGGGGCT...GAGGTGAAGAAGCCTGGGTCCTCGGTGAAGGTCTCCTGCAAGGCTTCTGGAGGCACCTTC............AGCAGCTATGCTATCAGCTGGGTGCGACAGGCCCCTGGACAAGGGCTTGAGTGGATGGGAGGGATCATCCCTATC......TTTGGTACAGCAAACTACGCACAGAAGTTCCAG...GGCAGAGTCACGATTACCGCGGACAAATCCACGAGCACAGCCTACATGGAGCTGAGCAGCCTGAGATCTGAGGACACGGCCGTGTATTACTGTGCGAGAGA,CACAGTG,TGAAAACCCACATCCTGAGAGTG,TCAGAAACC,,,,,,,,,,,,,,,GCTCATCACCATGGACTGGACCTGGAGGTTCCTCTTTGTGGTGGCAGCAGCTACAGGTAAGGGGCTTCCTAGTCCTAAGGCTGAGGAAGGGATCCTGGTTTAGTTAAAGAGGATTTTATTCACCCCTGTGTCCTCTCCACAGGTGTCCAGTCCCAGGTGCAGCTGGTGCAGTCTGGGGCTGAGGTGAAGAAGCCTGGGTCCTCGGTGAAGGTCTCCTGCAAGGCTTCTGGAGGCACCTTCAGCAGCTATGCTATCAGCTGGGTGCGACAGGCCCCTGGACAAGGGCTTGAGTGGATGGGAGGGATCATCCCTATCTTTGGTACAGCAAACTACGCACAGAAGTTCCAGGGCAGAGTCACGATTACCGCGGACAAATCCACGAGCACAGCCTACATGGAGCTGAGCAGCCTGAGATCTGAGGACACGGCCGTGTATTACTGTGCGAGAGACACAGTGTGAAAACCCACATCCTGAGAGTGTCAGAAACCCTGAGGGAGA
B-105.bam,B,105.bam,1,2,IGHV1-69,,IGHV1-69*04,IGHV1-69*04,100.0,CAGGTCCAGCTGGTGCAGTCTGGGGCTGAGGTGAAGAAGCCTGGGTCCTCGGTGAAGGTCTCCTGCAAGGCTTCTGGAGGCACCTTCAGCAGCTATGCTATCAGCTGGGTGCGACAGGCCCCTGGACAAGGGCTTGAGTGGATGGGAAGGATCATCCCTATCCTTGGTATAGCAAACTACGCACAGAAGTTCCAGGGCAGAGTCACGATTACCGCGGACAAATCCACGAGCACAGCCTACATGGAGCTGAGCAGCCTGAGATCTGAGGACACGGCCGTGTATTACTGTGCGAGAGA,False,ATGGACTGGACCTGGAGGTTCCTCTTTGTGGTGGCAGCAGCTACAG,GTAAGGGGCTTCCTAGTCCTAAGGCTGAGGAAGGGATCCTGGTTTAGTTAAAGAGGATTTTATTCACCCCTGTGTCCTCTCCACAG,GTGTCCAGTCC,CAGGTCCAGCTGGTGCAGTCTGGGGCTGAGGTGAAGAAGCCTGGGTCCTCGGTGAAGGTCTCCTGCAAGGCTTCTGGAGGCACCTTCAGCAGCTATGCTATCAGCTGGGTGCGACAGGCCCCTGGACAAGGGCTTGAGTGGATGGGAAGGATCATCCCTATCCTTGGTATAGCAAACTACGCACAGAAGTTCCAGGGCAGAGTCACGATTACCGCGGACAAATCCACGAGCACAGCCTACATGGAGCTGAGCAGCCTGAGATCTGAGGACACGGCCGTGTATTACTGTGCGAGAGA,CAGGTCCAGCTGGTGCAGTCTGGGGCT...GAGGTGAAGAAGCCTGGGTCCTCGGTGAAGGTCTCCTGCAAGGCTTCTGGAGGCACCTTC............AGCAGCTATGCTATCAGCTGGGTGCGACAGGCCCCTGGACAAGGGCTTGAGTGGATGGGAAGGATCATCCCTATC......CTTGGTATAGCAAACTACGCACAGAAGTTCCAG...GGCAGAGTCACGATTACCGCGGACAAATCCACGAGCACAGCCTACATGGAGCTGAGCAGCCTGAGATCTGAGGACACGGCCGTGTATTACTGTGCGAGAGA,CACAGTG,TGAAAACCCACATCCTGAGAGTG,TCAGAAACC,,,,,,,,,,,,,,,GCTCATCACCATGGACTGGACCTGGAGGTTCCTCTTTGTGGTGGCAGCAGCTACAGGTAAGGGGCTTCCTAGTCCTAAGGCTGAGGAAGGGATCCTGGTTTAGTTAAAGAGGATTTTATTCACCCCTGTGTCCTCTCCACAGGTGTCCAGTCCCAGGTCCAGCTGGTGCAGTCTGGGGCTGAGGTGAAGAAGCCTGGGTCCTCGGTGAAGGTCTCCTGCAAGGCTTCTGGAGGCACCTTCAGCAGCTATGCTATCAGCTGGGTGCGACAGGCCCCTGGACAAGGGCTTGAGTGGATGGGAAGGATCATCCCTATCCTTGGTATAGCAAACTACGCACAGAAGTTCCAGGGCAGAGTCACGATTACCGCGGACAAATCCACGAGCACAGCCTACATGGAGCTGAGCAGCCTGAGATCTGAGGACACGGCCGTGTATTACTGTGCGAGAGACACAGTGTGAAAACCCACATCCTGAGAGTGTCAGAAACCCTGAGGGAGA
B-105.bam,B,105.bam,1,0,IGHV2-70D,,IGHV2-70D*04,IGHV2-70D*04,100.0,CAGGTCACCTTGAAGGAGTCTGGTCCTGCGCTGGTGAAACCCACACAGACCCTCACACTGACCTGCACCTTCTCTGGGTTCTCACTCAGCACTAGTGGAATGCGTGTGAGCTGGATCCGTCAGCCCCCAGGGAAGGCCCTGGAGTGGCTTGCACGCATTGATTGGGATGATGATAAATTCTACAGCACATCTCTGAAGACCAGGCTCACCATCTCCAAGGACACCTCCAAAAACCAGGTGGTCCTTACAATGACCAACATGGACCCTGTGGACACAGCCACGTATTACTGTGCACGGATAC,False,ATGGACATACTTTGTTCCACGCTCCTGCTACTGACTGTCCCGTCCT,GTGAGTGCTGTGGTCAGGTAGTACTTCAGAAGCAAAAAATCTATTCTCTCCTTTGTGGGCTTCATCTTCTTATGTCTTCTCCACAG,GGGTCTTATCC,CAGGTCACCTTGAAGGAGTCTGGTCCTGCGCTGGTGAAACCCACACAGACCCTCACACTGACCTGCACCTTCTCTGGGTTCTCACTCAGCACTAGTGGAATGCGTGTGAGCTGGATCCGTCAGCCCCCAGGGAAGGCCCTGGAGTGGCTTGCACGCATTGATTGGGATGATGATAAATTCTACAGCACATCTCTGAAGACCAGGCTCACCATCTCCAAGGACACCTCCAAAAACCAGGTGGTCCTTACAATGACCAACATGGACCCTGTGGACACAGCCACGTATTACTGTGCACGGATAC,CAGGTCACCTTGAAGGAGTCTGGTCCT...GCGCTGGTGAAACCCACACAGACCCTCACACTGACCTGCACCTTCTCTGGGTTCTCACTCAGC......ACTAGTGGAATGCGTGTGAGCTGGATCCGTCAGCCCCCAGGGAAGGCCCTGGAGTGGCTTGCACGCATTGATTGGGAT.........GATGATAAATTCTACAGCACATCTCTGAAG...ACCAGGCTCACCATCTCCAAGGACACCTCCAAAAACCAGGTGGTCCTTACAATGACCAACATGGACCCTGTGGACACAGCCACGTATTACTGTGCACGGATAC,CACAGAG,ACACAGCCCAGGGCGCCTCCTGT,ACAAGAACC,,,,,,,,,,,,,,,GCTCTCCACCATGGACATACTTTGTTCCACGCTCCTGCTACTGACTGTCCCGTCCTGTGAGTGCTGTGGTCAGGTAGTACTTCAGAAGCAAAAAATCTATTCTCTCCTTTGTGGGCTTCATCTTCTTATGTCTTCTCCACAGGGGTCTTATCCCAGGTCACCTTGAAGGAGTCTGGTCCTGCGCTGGTGAAACCCACACAGACCCTCACACTGACCTGCACCTTCTCTGGGTTCTCACTCAGCACTAGTGGAATGCGTGTGAGCTGGATCCGTCAGCCCCCAGGGAAGGCCCTGGAGTGGCTTGCACGCATTGATTGGGATGATGATAAATTCTACAGCACATCTCTGAAGACCAGGCTCACCATCTCCAAGGACACCTCCAAAAACCAGGTGGTCCTTACAATGACCAACATGGACCCTGTGGACACAGCCACGTATTACTGTGCACGGATACCACAGAGACACAGCCCAGGGCGCCTCCTGTACAAGAACCCAGGCTGCTT
B-105.bam,B,105.bam,1,0,IGHV1-69-2,,IGHV1-69-2*01,IGHV1-69-2*01,100.0,GAGGTCCAGCTGGTACAGTCTGGGGCTGAGGTGAAGAAGCCTGGGGCTACAGTGAAAATCTCCTGCAAGGTTTCTGGATACACCTTCACCGACTACTACATGCACTGGGTGCAACAGGCCCCTGGAAAAGGGCTTGAGTGGATGGGACTTGTTGATCCTGAAGATGGTGAAACAATATACGCAGAGAAGTTCCAGGGCAGAGTCACCATAACCGCGGACACGTCTACAGACACAGCCTACATGGAGCTGAGCAGCCTGAGATCTGAGGACACGGCCGTGTATTACTGTGCAACAGA,False,TGGACTGCACCTGGAGGATCCTCCTCTTGGTGGCAGCAGCTACAGG,TAAGAGAATCCTTAGTTCCAGGGCTGATGAGGGGACTGGGTCCAGTTAAGTGGTGTCTCATCCACTCCTTTCTCTTCTCCACAG,GCACCCACGCC,GAGGTCCAGCTGGTACAGTCTGGGGCTGAGGTGAAGAAGCCTGGGGCTACAGTGAAAATCTCCTGCAAGGTTTCTGGATACACCTTCACCGACTACTACATGCACTGGGTGCAACAGGCCCCTGGAAAAGGGCTTGAGTGGATGGGACTTGTTGATCCTGAAGATGGTGAAACAATATACGCAGAGAAGTTCCAGGGCAGAGTCACCATAACCGCGGACACGTCTACAGACACAGCCTACATGGAGCTGAGCAGCCTGAGATCTGAGGACACGGCCGTGTATTACTGTGCAACAGA,GAGGTCCAGCTGGTACAGTCTGGGGCT...GAGGTGAAGAAGCCTGGGGCTACAGTGAAAATCTCCTGCAAGGTTTCTGGATACACCTTC............ACCGACTACTACATGCACTGGGTGCAACAGGCCCCTGGAAAAGGGCTTGAGTGGATGGGACTTGTTGATCCTGAA......GATGGTGAAACAATATACGCAGAGAAGTTCCAG...GGCAGAGTCACCATAACCGCGGACACGTCTACAGACACAGCCTACATGGAGCTGAGCAGCCTGAGATCTGAGGACACGGCCGTGTATTACTGTGCAACAGA,CACAGTG,TGAAAACCCACATGCTGAGAGT,GTCAGAAAC,,,,,,,,,,,,,,,CACCTCACCATGGACTGCACCTGGAGGATCCTCCTCTTGGTGGCAGCAGCTACAGGTAAGAGAATCCTTAGTTCCAGGGCTGATGAGGGGACTGGGTCCAGTTAAGTGGTGTCTCATCCACTCCTTTCTCTTCTCCACAGGCACCCACGCCGAGGTCCAGCTGGTACAGTCTGGGGCTGAGGTGAAGAAGCCTGGGGCTACAGTGAAAATCTCCTGCAAGGTTTCTGGATACACCTTCACCGACTACTACATGCACTGGGTGCAACAGGCCCCTGGAAAAGGGCTTGAGTGGATGGGACTTGTTGATCCTGAAGATGGTGAAACAATATACGCAGAGAAGTTCCAGGGCAGAGTCACCATAACCGCGGACACGTCTACAGACACAGCCTACATGGAGCTGAGCAGCCTGAGATCTGAGGACACGGCCGTGTATTACTGTGCAACAGACACAGTGTGAAAACCCACATGCTGAGAGTGTCAGAAACCCTGAGGAAG
B-105.bam,B,105.bam,1,1,IGHV1-69D,,IGHV1-69D*01,IGHV1-69D*01,100.0,CAGGTGCAGCTGGTGCAGTCTGGGGCTGAGGTGAAGAAGCCTGGGTCCTCGGTGAAGGTCTCCTGCAAGGCTTCTGGAGGCACCTTCAGCAGCTATGCTATCAGCTGGGTGCGACAGGCCCCTGGACAAGGGCTTGAGTGGATGGGAGGGATCATCCCTATCTTTGGTACAGCAAACTACGCACAGAAGTTCCAGGGCAGAGTCACGATTACCGCGGACGAATCCACGAGCACAGCCTACATGGAGCTGAGCAGCCTGAGATCTGAGGACACGGCCGTGTATTACTGTGCGAGAGA,False,ATGGACTGGACCTGGAGGTTCCTCTTTGTGGTGGCAGCAGCTACAG,GTAAGGGGCTTCCTAGTCCTAAGGCTGAGGAAGGGATCCTGGTTTAGTTAAAGAGGATTTTATTCACCCCTGTGTCCTCTCCACAG,GTGTCCAGTCC,CAGGTGCAGCTGGTGCAGTCTGGGGCTGAGGTGAAGAAGCCTGGGTCCTCGGTGAAGGTCTCCTGCAAGGCTTCTGGAGGCACCTTCAGCAGCTATGCTATCAGCTGGGTGCGACAGGCCCCTGGACAAGGGCTTGAGTGGATGGGAGGGATCATCCCTATCTTTGGTACAGCAAACTACGCACAGAAGTTCCAGGGCAGAGTCACGATTACCGCGGACGAATCCACGAGCACAGCCTACATGGAGCTGAGCAGCCTGAGATCTGAGGACACGGCCGTGTATTACTGTGCGAGAGA,CAGGTGCAGCTGGTGCAGTCTGGGGCT...GAGGTGAAGAAGCCTGGGTCCTCGGTGAAGGTCTCCTGCAAGGCTTCTGGAGGCACCTTC............AGCAGCTATGCTATCAGCTGGGTGCGACAGGCCCCTGGACAAGGGCTTGAGTGGATGGGAGGGATCATCCCTATC......TTTGGTACAGCAAACTACGCACAGAAGTTCCAG...GGCAGAGTCACGATTACCGCGGACGAATCCACGAGCACAGCCTACATGGAGCTGAGCAGCCTGAGATCTGAGGACACGGCCGTGTATTACTGTGCGAGAGA,CACAGTG,TGAAAACCCACATCCTGAGAGTG,TCAGAAACC,,,,,,,,,,,,,,,GCTCATCACCATGGACTGGACCTGGAGGTTCCTCTTTGTGGTGGCAGCAGCTACAGGTAAGGGGCTTCCTAGTCCTAAGGCTGAGGAAGGGATCCTGGTTTAGTTAAAGAGGATTTTATTCACCCCTGTGTCCTCTCCACAGGTGTCCAGTCCCAGGTGCAGCTGGTGCAGTCTGGGGCTGAGGTGAAGAAGCCTGGGTCCTCGGTGAAGGTCTCCTGCAAGGCTTCTGGAGGCACCTTCAGCAGCTATGCTATCAGCTGGGTGCGACAGGCCCCTGGACAAGGGCTTGAGTGGATGGGAGGGATCATCCCTATCTTTGGTACAGCAAACTACGCACAGAAGTTCCAGGGCAGAGTCACGATTACCGCGGACGAATCCACGAGCACAGCCTACATGGAGCTGAGCAGCCTGAGATCTGAGGACACGGCCGTGTATTACTGTGCGAGAGACACAGTGTGAAAACCCACATCCTGAGAGTGTCAGAAACCCTGAGGGAGA
B-105.bam,B,105.bam,1,2,IGHV1-69D,,IGHV1-69D*01_g6c_g163a_t184c_c191t_g244a,IGHV1-69D*01,98.31,CAGGTGCAGCTGGTGCAGTCTGGGGCTGAGGTGAAGAAGCCTGGGTCCTCGGTGAAGGTCTCCTGCAAGGCTTCTGGAGGCACCTTCAGCAGCTATGCTATCAGCTGGGTGCGACAGGCCCCTGGACAAGGGCTTGAGTGGATGGGAGGGATCATCCCTATCTTTGGTACAGCAAACTACGCACAGAAGTTCCAGGGCAGAGTCACGATTACCGCGGACGAATCCACGAGCACAGCCTACATGGAGCTGAGCAGCCTGAGATCTGAGGACACGGCCGTGTATTACTGTGCGAGAGA,False,ATGGACTGGACCTGGAGGTTCCTCTTTGTGGTGGCAGCAGCTACAG,GTAAGGGGCTTCCTAGTCCTAAGGCTGAGGAAGGGATCCTGGTTTAGTTAAAGAGGATTTTATTCACCCCTGTGTCCTCTCCACAG,GTGTCCAGTCC,CAGGTCCAGCTGGTGCAGTCTGGGGCTGAGGTGAAGAAGCCTGGGTCCTCGGTGAAGGTCTCCTGCAAGGCTTCTGGAGGCACCTTCAGCAGCTATGCTATCAGCTGGGTGCGACAGGCCCCTGGACAAGGGCTTGAGTGGATGGGAAGGATCATCCCTATCCTTGGTATAGCAAACTACGCACAGAAGTTCCAGGGCAGAGTCACGATTACCGCGGACAAATCCACGAGCACAGCCTACATGGAGCTGAGCAGCCTGAGATCTGAGGACACGGCCGTGTATTACTGTGCGAGAGA,CAGGTCCAGCTGGTGCAGTCTGGGGCT...GAGGTGAAGAAGCCTGGGTCCTCGGTGAAGGTCTCCTGCAAGGCTTCTGGAGGCACCTTC............AGCAGCTATGCTATCAGCTGGGTGCGACAGGCCCCTGGACAAGGGCTTGAGTGGATGGGAAGGATCATCCCTATC......CTTGGTATAGCAAACTACGCACAGAAGTTCCAG...GGCAGAGTCACGATTACCGCGGACAAATCCACGAGCACAGCCTACATGGAGCTGAGCAGCCTGAGATCTGAGGACACGGCCGTGTATTACTGTGCGAGAGA,CACAGTG,TGAAAACCCACATCCTGAGAGTG,TCAGAAACC,,,,,,,,,,,,,,,GCTCATCACCATGGACTGGACCTGGAGGTTCCTCTTTGTGGTGGCAGCAGCTACAGGTAAGGGGCTTCCTAGTCCTAAGGCTGAGGAAGGGATCCTGGTTTAGTTAAAGAGGATTTTATTCACCCCTGTGTCCTCTCCACAGGTGTCCAGTCCCAGGTCCAGCTGGTGCAGTCTGGGGCTGAGGTGAAGAAGCCTGGGTCCTCGGTGAAGGTCTCCTGCAAGGCTTCTGGAGGCACCTTCAGCAGCTATGCTATCAGCTGGGTGCGACAGGCCCCTGGACAAGGGCTTGAGTGGATGGGAAGGATCATCCCTATCCTTGGTATAGCAAACTACGCACAGAAGTTCCAGGGCAGAGTCACGATTACCGCGGACAAATCCACGAGCACAGCCTACATGGAGCTGAGCAGCCTGAGATCTGAGGACACGGCCGTGTATTACTGTGCGAGAGACACAGTGTGAAAACCCACATCCTGAGAGTGTCAGAAACCCTGAGGGAGA
B-105.bam,B,105.bam,1,1,IGHV2-70,,IGHV2-70*01,IGHV2-70*01,100.0,CAGGTCACCTTGAGGGAGTCTGGTCCTGCGCTGGTGAAACCCACACAGACCCTCACACTGACCTGCACCTTCTCTGGGTTCTCACTCAGCACTAGTGGAATGTGTGTGAGCTGGATCCGTCAGCCCCCAGGGAAGGCCCTGGAGTGGCTTGCACTCATTGATTGGGATGATGATAAATACTACAGCACATCTCTGAAGACCAGGCTCACCATCTCCAAGGACACCTCCAAAAACCAGGTGGTCCTTACAATGACCAACATGGACCCTGTGGACACAGCCACGTATTACTGTGCACGGATAC,False,ATGGACATACTTTGTTCCACGCTCCTGCTACTGACTGTCCCGTCCT,GTGAGTGCTGTGGTCAGGTAGTACTTCAGAAGCAAAAAATCTATTCTCTCCTTTGTGGGCTTCATCTTCTTATGTCTTCTCCACAG,GGGTCTTATCC,CAGGTCACCTTGAGGGAGTCTGGTCCTGCGCTGGTGAAACCCACACAGACCCTCACACTGACCTGCACCTTCTCTGGGTTCTCACTCAGCACTAGTGGAATGTGTGTGAGCTGGATCCGTCAGCCCCCAGGGAAGGCCCTGGAGTGGCTTGCACTCATTGATTGGGATGATGATAAATACTACAGCACATCTCTGAAGACCAGGCTCACCATCTCCAAGGACACCTCCAAAAACCAGGTGGTCCTTACAATGACCAACATGGACCCTGTGGACACAGCCACGTATTACTGTGCACGGATAC,CAGGTCACCTTGAGGGAGTCTGGTCCT...GCGCTGGTGAAACCCACACAGACCCTCACACTGACCTGCACCTTCTCTGGGTTCTCACTCAGC......ACTAGTGGAATGTGTGTGAGCTGGATCCGTCAGCCCCCAGGGAAGGCCCTGGAGTGGCTTGCACTCATTGATTGGGAT.........GATGATAAATACTACAGCACATCTCTGAAG...ACCAGGCTCACCATCTCCAAGGACACCTCCAAAAACCAGGTGGTCCTTACAATGACCAACATGGACCCTGTGGACACAGCCACGTATTACTGTGCACGGATAC,CACAGAG,ACACAGCCCAGGGCGCCTCCTGT,ACAAGAACC,,,,,,,,,,,,,,,GCTCTCCACCATGGACATACTTTGTTCCACGCTCCTGCTACTGACTGTCCCGTCCTGTGAGTGCTGTGGTCAGGTAGTACTTCAGAAGCAAAAAATCTATTCTCTCCTTTGTGGGCTTCATCTTCTTATGTCTTCTCCACAGGGGTCTTATCCCAGGTCACCTTGAGGGAGTCTGGTCCTGCGCTGGTGAAACCCACACAGACCCTCACACTGACCTGCACCTTCTCTGGGTTCTCACTCAGCACTAGTGGAATGTGTGTGAGCTGGATCCGTCAGCCCCCAGGGAAGGCCCTGGAGTGGCTTGCACTCATTGATTGGGATGATGATAAATACTACAGCACATCTCTGAAGACCAGGCTCACCATCTCCAAGGACACCTCCAAAAACCAGGTGGTCCTTACAATGACCAACATGGACCCTGTGGACACAGCCACGTATTACTGTGCACGGATACCACAGAGACACAGCCCAGGGCGCCTCCTGTACAAGAACCCAGGCTGCTT
B-105.bam,B,105.bam,1,2,IGHV2-70,,IGHV2-70*15,IGHV2-70*15,100.0,CAGGTCACCTTGAGGGAGTCTGGTCCTGCGCTGGTGAAACCCACACAGACCCTCACACTGACCTGCACCTTCTCTGGGTTCTCACTCAGCACTAGTGGAATGTGTGTGAGCTGGATCCGTCAGCCCCCAGGGAAGGCCCTGGAGTGGCTTGCACGCATTGATTGGGATGATGATAAATACTACAGCACATCTCTGAAGACCAGGCTCACCATCTCCAAGGACACCTCCAAAAACCAGGTGGTCCTTACAATGACCAACATGGACCCTGTGGACACAGCCACGTATTACTGTGCACGGATAC,False,ATGGACATACTTTGTTCCACGCTCCTGCTACTGACTGTCCCGTCCT,GTGAGTGCTGTGGTCAGGTAGTACTTCAGAAGCAAAAAATCTATTCTCTCCTTTGTGGGCTTCATCTTCTTATGTCTTCTCCACAG,GGGTCTTATCC,CAGGTCACCTTGAGGGAGTCTGGTCCTGCGCTGGTGAAACCCACACAGACCCTCACACTGACCTGCACCTTCTCTGGGTTCTCACTCAGCACTAGTGGAATGTGTGTGAGCTGGATCCGTCAGCCCCCAGGGAAGGCCCTGGAGTGGCTTGCACGCATTGATTGGGATGATGATAAATACTACAGCACATCTCTGAAGACCAGGCTCACCATCTCCAAGGACACCTCCAAAAACCAGGTGGTCCTTACAATGACCAACATGGACCCTGTGGACACAGCCACGTATTACTGTGCACGGATAC,CAGGTCACCTTGAGGGAGTCTGGTCCT...GCGCTGGTGAAACCCACACAGACCCTCACACTGACCTGCACCTTCTCTGGGTTCTCACTCAGC......ACTAGTGGAATGTGTGTGAGCTGGATCCGTCAGCCCCCAGGGAAGGCCCTGGAGTGGCTTGCACGCATTGATTGGGAT.........GATGATAAATACTACAGCACATCTCTGAAG...ACCAGGCTCACCATCTCCAAGGACACCTCCAAAAACCAGGTGGTCCTTACAATGACCAACATGGACCCTGTGGACACAGCCACGTATTACTGTGCACGGATAC,CACAGAG,ACACAGCCCAGGGCGCCTCCTGT,ACAAGAACC,,,,,,,,,,,,,,,GCTCCCCACCATGGACATACTTTGTTCCACGCTCCTGCTACTGACTGTCCCGTCCTGTGAGTGCTGTGGTCAGGTAGTACTTCAGAAGCAAAAAATCTATTCTCTCCTTTGTGGGCTTCATCTTCTTATGTCTTCTCCACAGGGGTCTTATCCCAGGTCACCTTGAGGGAGTCTGGTCCTGCGCTGGTGAAACCCACACAGACCCTCACACTGACCTGCACCTTCTCTGGGTTCTCACTCAGCACTAGTGGAATGTGTGTGAGCTGGATCCGTCAGCCCCCAGGGAAGGCCCTGGAGTGGCTTGCACGCATTGATTGGGATGATGATAAATACTACAGCACATCTCTGAAGACCAGGCTCACCATCTCCAAGGACACCTCCAAAAACCAGGTGGTCCTTACAATGACCAACATGGACCCTGTGGACACAGCCACGTATTACTGTGCACGGATACCACAGAGACACAGCCCAGGGCGCCTCCTGTACAAGAACCCAGGCTGCTT
B-105.bam,B,105.bam,1,1,IGHV3-73,,IGHV3-73*01,IGHV3-73*01,100.0,GAGGTGCAGCTGGTGGAGTCTGGGGGAGGCTTGGTCCAGCCTGGGGGGTCCCTGAAACTCTCCTGTGCAGCCTCTGGGTTCACCTTCAGTGGCTCTGCTATGCACTGGGTCCGCCAGGCTTCCGGGAAAGGGCTGGAGTGGGTTGGCCGTATTAGAAGCAAAGCTAACAGTTACGCGACAGCATATGCTGCGTCGGTGAAAGGCAGGTTCACCATCTCCAGAGATGATTCAAAGAACACGGCGTATCTGCAAATGAACAGCCTGAAAACCGAGGACACGGCCGTGTATTACTGTACTAGACA,False,ATGGAGTTTGGGCTGAGCTGGGTTTTCCTTGTTGCTATTTTAAAAG,GTGATTCATGGGGAACTAGAGATACTGAGTGTGAGTGGACATGAGTGAGAGAAACAGTGGACGTGTGTGGCACTTTCTGACCAGGGTGTCTCTGTGTTTGCAG,GTGTCCAGTGT,GAGGTGCAGCTGGTGGAGTCTGGGGGAGGCTTGGTCCAGCCTGGGGGGTCCCTGAAACTCTCCTGTGCAGCCTCTGGGTTCACCTTCAGTGGCTCTGCTATGCACTGGGTCCGCCAGGCTTCCGGGAAAGGGCTGGAGTGGGTTGGCCGTATTAGAAGCAAAGCTAACAGTTACGCGACAGCATATGCTGCGTCGGTGAAAGGCAGGTTCACCATCTCCAGAGATGATTCAAAGAACACGGCGTATCTGCAAATGAACAGCCTGAAAACCGAGGACACGGCCGTGTATTACTGTACTAGACA,GAGGTGCAGCTGGTGGAGTCTGGGGGA...GGCTTGGTCCAGCCTGGGGGGTCCCTGAAACTCTCCTGTGCAGCCTCTGGGTTCACCTTC............AGTGGCTCTGCTATGCACTGGGTCCGCCAGGCTTCCGGGAAAGGGCTGGAGTGGGTTGGCCGTATTAGAAGCAAAGCTAACAGTTACGCGACAGCATATGCTGCGTCGGTGAAA...GGCAGGTTCACCATCTCCAGAGATGATTCAAAGAACACGGCGTATCTGCAAATGAACAGCCTGAAAACCGAGGACACGGCCGTGTATTACTGTACTAGACA,CACAGTG,AGGGGAGGTCAGTGTGAGCCCGG,ACACAAACC,,,,,,,,,,,,,,,GAGACTCACCATGGAGTTTGGGCTGAGCTGGGTTTTCCTTGTTGCTATTTTAAAAGGTGATTCATGGGGAACTAGAGATACTGAGTGTGAGTGGACATGAGTGAGAGAAACAGTGGACGTGTGTGGCACTTTCTGACCAGGGTGTCTCTGTGTTTGCAGGTGTCCAGTGTGAGGTGCAGCTGGTGGAGTCTGGGGGAGGCTTGGTCCAGCCTGGGGGGTCCCTGAAACTCTCCTGTGCAGCCTCTGGGTTCACCTTCAGTGGCTCTGCTATGCACTGGGTCCGCCAGGCTTCCGGGAAAGGGCTGGAGTGGGTTGGCCGTATTAGAAGCAAAGCTAACAGTTACGCGACAGCATATGCTGCGTCGGTGAAAGGCAGGTTCACCATCTCCAGAGATGATTCAAAGAACACGGCGTATCTGCAAATGAACAGCCTGAAAACCGAGGACACGGCCGTGTATTACTGTACTAGACACACAGTGAGGGGAGGTCAGTGTGAGCCCGGACACAAACCTCCCTGCAGG
B-105.bam,B,105.bam,1,2,IGHV3-73,,IGHV3-73*01_3a30,IGHV3-73*01,79.28,GAGGTGCAGCTGGTGGAGTCTGGGGGAGGCTTGGTCCAGCCTGGGGGGTCCCTGAAACTCTCCTGTGCAGCCTCTGGGTTCACCTTCAGTGGCTCTGCTATGCACTGGGTCCGCCAGGCTTCCGGGAAAGGGCTGGAGTGGGTTGGCCGTATTAGAAGCAAAGCTAACAGTTACGCGACAGCATATGCTGCGTCGGTGAAAGGCAGGTTCACCATCTCCAGAGATGATTCAAAGAACACGGCGTATCTGCAAATGAACAGCCTGAAAACCGAGGACACGGCCGTGTATTACTGTACTAGACA,False,GGAGTTTGGGCTGAGCTGGGTTTTCCTTGTTGCTATTTTAAA-GGT,GATTCATGGGGAACTAAGGGATACTGAGTGTGAGTGGACATGAGTGAGAGAAACAGTGGACGTGTGTGGCACTTTCTGACCAGGGTGTCTCTGTGTTTGCAGG,TGTCCAGTGTG,AGGTGCAGCTGGTGGAGTCTGGGGGAGGCTTGGTCCAGCCTGGGGGGGTCCCTGAAACTCTCCTGTGCAGCCTCTGGGTTCACCTTCAGTGGCTCTGCTATGCACTGGGTCCGCCAGGCTTCCGGGAAAGGGCTGGAGTGGGTTGGCCGTATTAGAAGCAAAGCTAACAGTTACGCGACAGCATATGCTGCGTCGGTGAAAGGCAGGTTCACCATCTCCAGAGATGATTCAAAGAACACGGCGTATCTGCAAATGAACAGCCTAGAAAACCGAGGACACGGCCGTGTATTACTGTACTAGACAC,AGGTGCAGCTGGTGGAGTCTGGGGGAG...GCTTGGTCCAGCCTGGGGGGGTCCCTGAAACTCTCCTGTGCAGCCTCTGGGTTCACCTTC............AGTGGCTCTGCTATGCACTGGGTCCGCCAGGCTTCCGGGAAAGGGCTGGAGTGGGTTGGCCGTATTAGAAGCAAAGCTAACAGTTACGCGACAGCATATGCTGCGTCGGTGAAA...GGCAGGTTCACCATCTCCAGAGATGATTCAAAGAACACGGCGTATCTGCAAATGAACAGCCTAGAAAACCGAGGACACGGCCGTGTATTACTGTACTAGACAC,ACAAGTG,AGGGGAGGTCAGTGTGAGCCCGG,ACACAAACC,,,,,,,,,,,,Heptamer does not match\nexon_2 position does not match genomic co-ordinates,,,CTCACCATGGAGTTTGGGCTGAGCTGGGTTTTCCTTGTTGCTATTTTAAA-GGTGATTCATGGGGAACTAAGGGATACTGAGTGTGAGTGGACATGAGTGAGAGAAACAGTGGACGTGTGTGGCACTTTCTGACCAGGGTGTCTCTGTGTTTGCAGGTGTCCAGTGTGAGGTGCAGCTGGTGGAGTCTGGGGGAGGCTTGGTCCAGCCTGGGGGGGTCCCTGAAACTCTCCTGTGCAGCCTCTGGGTTCACCTTCAGTGGCTCTGCTATGCACTGGGTCCGCCAGGCTTCCGGGAAAGGGCTGGAGTGGGTTGGCCGTATTAGAAGCAAAGCTAACAGTTACGCGACAGCATATGCTGCGTCGGTGAAAGGCAGGTTCACCATCTCCAGAGATGATTCAAAGAACACGGCGTATCTGCAAATGAACAGCCTAGAAAACCGAGGACACGGCCGTGTATTACTGTACTAGACACACAAGTGAGGGGAGGTCAGTGTGAGCCCGGACACAAACCTCCCTGCAGG
B-105.bam,B,105.bam,1,0,IGHV3-74,,IGHV3-74*01_g79a,IGHV3-74*01,99.66,GAGGTGCAGCTGGTGGAGTCCGGGGGAGGCTTAGTTCAGCCTGGGGGGTCCCTGAGACTCTCCTGTGCAGCCTCTGGATTCACCTTCAGTAGCTACTGGATGCACTGGGTCCGCCAAGCTCCAGGGAAGGGGCTGGTGTGGGTCTCACGTATTAATAGTGATGGGAGTAGCACAAGCTACGCGGACTCCGTGAAGGGCCGATTCACCATCTCCAGAGACAACGCCAAGAACACGCTGTATCTGCAAATGAACAGTCTGAGAGCCGAGGACACGGCTGTGTATTACTGTGCAAGAGA,False,ATGGAGTTTGGGCTGAGCTGGGTTTTCCTTGTTGCTATTTTAAAAG,GTGATTCATGGAGAACTGGAGATATGGAGTGTGAATGGACATGAGTGAGATAAGCAGTGGATGTGTGTGGCAGTTTCTGACCAGGGTGTCTCTGTGTTTGCAG,GTGTCCAGTGT,GAGGTGCAGCTGGTGGAGTCCGGGGGAGGCTTAGTTCAGCCTGGGGGGTCCCTGAGACTCTCCTGTGCAGCCTCTAGATTCACCTTCAGTAGCTACTGGATGCACTGGGTCCGCCAAGCTCCAGGGAAGGGGCTGGTGTGGGTCTCACGTATTAATAGTGATGGGAGTAGCACAAGCTACGCGGACTCCGTGAAGGGCCGATTCACCATCTCCAGAGACAACGCCAAGAACACGCTGTATCTGCAAATGAACAGTCTGAGAGCCGAGGACACGGCTGTGTATTACTGTGCAAGAGA,GAGGTGCAGCTGGTGGAGTCCGGGGGA...GGCTTAGTTCAGCCTGGGGGGTCCCTGAGACTCTCCTGTGCAGCCTCTAGATTCACCTTC............AGTAGCTACTGGATGCACTGGGTCCGCCAAGCTCCAGGGAAGGGGCTGGTGTGGGTCTCACGTATTAATAGTGAT......GGGAGTAGCACAAGCTACGCGGACTCCGTGAAG...GGCCGATTCACCATCTCCAGAGACAACGCCAAGAACACGCTGTATCTGCAAATGAACAGTCTGAGAGCCGAGGACACGGCTGTGTATTACTGTGCAAGAGA,CACAGTG,AGGGGAAGTCAATGTGAGCCCAG,ACACAAACC,,,,,,,,,,,,,,,AGAACTCACCATGGAGTTTGGGCTGAGCTGGGTTTTCCTTGTTGCTATTTTAAAAGGTGATTCATGGAGAACTGGAGATATGGAGTGTGAATGGACATGAGTGAGATAAGCAGTGGATGTGTGTGGCAGTTTCTGACCAGGGTGTCTCTGTGTTTGCAGGTGTCCAGTGTGAGGTGCAGCTGGTGGAGTCCGGGGGAGGCTTAGTTCAGCCTGGGGGGTCCCTGAGACTCTCCTGTGCAGCCTCTAGATTCACCTTCAGTAGCTACTGGATGCACTGGGTCCGCCAAGCTCCAGGGAAGGGGCTGGTGTGGGTCTCACGTATTAATAGTGATGGGAGTAGCACAAGCTACGCGGACTCCGTGAAGGGCCGATTCACCATCTCCAGAGACAACGCCAAGAACACGCTGTATCTGCAAATGAACAGTCTGAGAGCCGAGGACACGGCTGTGTATTACTGTGCAAGAGACACAGTGAGGGGAAGTCAATGTGAGCCCAGACACAAACCTCGCTGCAGG
B-105.bam,B,105.bam,1,1,IGHV7-81,,IGHV7-81*01,IGHV7-81*01,100.0,CAGGTGCAGCTGGTGCAGTCTGGCCATGAGGTGAAGCAGCCTGGGGCCTCAGTGAAGGTCTCCTGCAAGGCTTCTGGTTACAGTTTCACCACCTATGGTATGAATTGGGTGCCACAGGCCCCTGGACAAGGGCTTGAGTGGATGGGATGGTTCAACACCTACACTGGGAACCCAACATATGCCCAGGGCTTCACAGGACGGTTTGTCTTCTCCATGGACACCTCTGCCAGCACAGCATACCTGCAGATCAGCAGCCTAAAGGCTGAGGACATGGCCATGTATTACTGTGCGAGATA,False,ATGGACTGGACCTGGAGCATCCTCTTCTTGGTGGCAGCAGCAACAG,GTAAGGGGCTCCCCAGTCTCGGGGTTGAGGCAGAAACCAGGCCACTCAAGTGAGGCTTTACCCACCCCTGTGTCCTCTCCACAG,GTACCTACTCC,CAGGTGCAGCTGGTGCAGTCTGGCCATGAGGTGAAGCAGCCTGGGGCCTCAGTGAAGGTCTCCTGCAAGGCTTCTGGTTACAGTTTCACCACCTATGGTATGAATTGGGTGCCACAGGCCCCTGGACAAGGGCTTGAGTGGATGGGATGGTTCAACACCTACACTGGGAACCCAACATATGCCCAGGGCTTCACAGGACGGTTTGTCTTCTCCATGGACACCTCTGCCAGCACAGCATACCTGCAGATCAGCAGCCTAAAGGCTGAGGACATGGCCATGTATTACTGTGCGAGATA,CAGGTGCAGCTGGTGCAGTCTGGCCAT...GAGGTGAAGCAGCCTGGGGCCTCAGTGAAGGTCTCCTGCAAGGCTTCTGGTTACAGTTTC............ACCACCTATGGTATGAATTGGGTGCCACAGGCCCCTGGACAAGGGCTTGAGTGGATGGGATGGTTCAACACCTAC......ACTGGGAACCCAACATATGCCCAGGGCTTCACA...GGACGGTTTGTCTTCTCCATGGACACCTCTGCCAGCACAGCATACCTGCAGATCAGCAGCCTAAAGGCTGAGGACATGGCCATGTATTACTGTGCGAGATA,CACCATG,TGGAAACCCACATCCTGAGAGTG,TCAGAAATC,,,,,,,,,,,,,,,GCTCCTCACCATGGACTGGACCTGGAGCATCCTCTTCTTGGTGGCAGCAGCAACAGGTAAGGGGCTCCCCAGTCTCGGGGTTGAGGCAGAAACCAGGCCACTCAAGTGAGGCTTTACCCACCCCTGTGTCCTCTCCACAGGTACCTACTCCCAGGTGCAGCTGGTGCAGTCTGGCCATGAGGTGAAGCAGCCTGGGGCCTCAGTGAAGGTCTCCTGCAAGGCTTCTGGTTACAGTTTCACCACCTATGGTATGAATTGGGTGCCACAGGCCCCTGGACAAGGGCTTGAGTGGATGGGATGGTTCAACACCTACACTGGGAACCCAACATATGCCCAGGGCTTCACAGGACGGTTTGTCTTCTCCATGGACACCTCTGCCAGCACAGCATACCTGCAGATCAGCAGCCTAAAGGCTGAGGACATGGCCATGTATTACTGTGCGAGATACACCATGTGGAAACCCACATCCTGAGAGTGTCAGAAATCCTGATGTGGG
B-105.bam,B,105.bam,1,0,IGHV1-8,,IGHV1-8*01,IGHV1-8*01,100.0,CAGGTGCAGCTGGTGCAGTCTGGGGCTGAGGTGAAGAAGCCTGGGGCCTCAGTGAAGGTCTCCTGCAAGGCTTCTGGATACACCTTCACCAGTTATGATATCAACTGGGTGCGACAGGCCACTGGACAAGGGCTTGAGTGGATGGGATGGATGAACCCTAACAGTGGTAACACAGGCTATGCACAGAAGTTCCAGGGCAGAGTCACCATGACCAGGAACACCTCCATAAGCACAGCCTACATGGAGCTGAGCAGCCTGAGATCTGAGGACACGGCCGTGTATTACTGTGCGAGAGG,False,TGGACTGGACCTGGAGGATCCTCTTCTTGGTGGCAGCAGCTACAAG,TAAGGGGCTTCCTAGTCTCAAAGCTGAGGAACGGATCCTGGTTCAGTCAAAGAGGATTTTATTCTCTCCTGTGTTCTCTCCACAG,GTGCCCACTCC,CAGGTGCAGCTGGTGCAGTCTGGGGCTGAGGTGAAGAAGCCTGGGGCCTCAGTGAAGGTCTCCTGCAAGGCTTCTGGATACACCTTCACCAGTTATGATATCAACTGGGTGCGACAGGCCACTGGACAAGGGCTTGAGTGGATGGGATGGATGAACCCTAACAGTGGTAACACAGGCTATGCACAGAAGTTCCAGGGCAGAGTCACCATGACCAGGAACACCTCCATAAGCACAGCCTACATGGAGCTGAGCAGCCTGAGATCTGAGGACACGGCCGTGTATTACTGTGCGAGAGG,CAGGTGCAGCTGGTGCAGTCTGGGGCT...GAGGTGAAGAAGCCTGGGGCCTCAGTGAAGGTCTCCTGCAAGGCTTCTGGATACACCTTC............ACCAGTTATGATATCAACTGGGTGCGACAGGCCACTGGACAAGGGCTTGAGTGGATGGGATGGATGAACCCTAAC......AGTGGTAACACAGGCTATGCACAGAAGTTCCAG...GGCAGAGTCACCATGACCAGGAACACCTCCATAAGCACAGCCTACATGGAGCTGAGCAGCCTGAGATCTGAGGACACGGCCGTGTATTACTGTGCGAGAGG,CACAGTG,TGAAAAACCACATCCTCAGAGA,GTCAGAAAC,,,,,,,,,,,,,,,CTCCTCACCATGGACTGGACCTGGAGGATCCTCTTCTTGGTGGCAGCAGCTACAAGTAAGGGGCTTCCTAGTCTCAAAGCTGAGGAACGGATCCTGGTTCAGTCAAAGAGGATTTTATTCTCTCCTGTGTTCTCTCCACAGGTGCCCACTCCCAGGTGCAGCTGGTGCAGTCTGGGGCTGAGGTGAAGAAGCCTGGGGCCTCAGTGAAGGTCTCCTGCAAGGCTTCTGGATACACCTTCACCAGTTATGATATCAACTGGGTGCGACAGGCCACTGGACAAGGGCTTGAGTGGATGGGATGGATGAACCCTAACAGTGGTAACACAGGCTATGCACAGAAGTTCCAGGGCAGAGTCACCATGACCAGGAACACCTCCATAAGCACAGCCTACATGGAGCTGAGCAGCCTGAGATCTGAGGACACGGCCGTGTATTACTGTGCGAGAGGCACAGTGTGAAAAACCACATCCTCAGAGAGTCAGAAACCCTAGGGGAG
B-105.bam,B,105.bam,1,0,IGHV3-9,,IGHV3-9*01,IGHV3-9*01,100.0,GAAGTGCAGCTGGTGGAGTCTGGGGGAGGCTTGGTACAGCCTGGCAGGTCCCTGAGACTCTCCTGTGCAGCCTCTGGATTCACCTTTGATGATTATGCCATGCACTGGGTCCGGCAAGCTCCAGGGAAGGGCCTGGAGTGGGTCTCAGGTATTAGTTGGAATAGTGGTAGCATAGGCTATGCGGACTCTGTGAAGGGCCGATTCACCATCTCCAGAGACAACGCCAAGAACTCCCTGTATCTGCAAATGAACAGTCTGAGAGCTGAGGACACGGCCTTGTATTACTGTGCAAAAGATA,False,TGGAGTTGGGACTGAGCTGGATTTTCCTTTTGGCTATTTTAAAAGG,TGATTCATGGAGAAATAGAGAGATTGAGTGTGAGTGGACATGAGTGGATTTGTGTGGCAGTTTCTGACCTTGGTGTCTCTGTGTTTGCAG,GTGTCCAGTGT,GAAGTGCAGCTGGTGGAGTCTGGGGGAGGCTTGGTACAGCCTGGCAGGTCCCTGAGACTCTCCTGTGCAGCCTCTGGATTCACCTTTGATGATTATGCCATGCACTGGGTCCGGCAAGCTCCAGGGAAGGGCCTGGAGTGGGTCTCAGGTATTAGTTGGAATAGTGGTAGCATAGGCTATGCGGACTCTGTGAAGGGCCGATTCACCATCTCCAGAGACAACGCCAAGAACTCCCTGTATCTGCAAATGAACAGTCTGAGAGCTGAGGACACGGCCTTGTATTACTGTGCAAAAGATA,GAAGTGCAGCTGGTGGAGTCTGGGGGA...GGCTTGGTACAGCCTGGCAGGTCCCTGAGACTCTCCTGTGCAGCCTCTGGATTCACCTTT............GATGATTATGCCATGCACTGGGTCCGGCAAGCTCCAGGGAAGGGCCTGGAGTGGGTCTCAGGTATTAGTTGGAAT......AGTGGTAGCATAGGCTATGCGGACTCTGTGAAG...GGCCGATTCACCATCTCCAGAGACAACGCCAAGAACTCCCTGTATCTGCAAATGAACAGTCTGAGAGCTGAGGACACGGCCTTGTATTACTGTGCAAAAGATA,CACAGTG,AGGGGAAGTCAGCGAGAGCCCA,GACAAAAAC,,,,,,,,,,,,,,,GGACTCACCATGGAGTTGGGACTGAGCTGGATTTTCCTTTTGGCTATTTTAAAAGGTGATTCATGGAGAAATAGAGAGATTGAGTGTGAGTGGACATGAGTGGATTTGTGTGGCAGTTTCTGACCTTGGTGTCTCTGTGTTTGCAGGTGTCCAGTGTGAAGTGCAGCTGGTGGAGTCTGGGGGAGGCTTGGTACAGCCTGGCAGGTCCCTGAGACTCTCCTGTGCAGCCTCTGGATTCACCTTTGATGATTATGCCATGCACTGGGTCCGGCAAGCTCCAGGGAAGGGCCTGGAGTGGGTCTCAGGTATTAGTTGGAATAGTGGTAGCATAGGCTATGCGGACTCTGTGAAGGGCCGATTCACCATCTCCAGAGACAACGCCAAGAACTCCCTGTATCTGCAAATGAACAGTCTGAGAGCTGAGGACACGGCCTTGTATTACTGTGCAAAAGATACACAGTGAGGGGAAGTCAGCGAGAGCCCAGACAAAAACCTCCTGCAGG
B-105.bam,B,105.bam,1,0,IGHD2-8,,IGHD2-8*02,IGHD2-8*02,0.0,AGGATATTGTACTGGTGGTGTATGCTATACC,,,,,,,,,,ATTCTTTGT,GGGGGCTCGTGT,CACTGTG,AGGATATTGTACTGGTGGTGTATGCTATACC,CACAGTG,ACACAGCCC-AT,TCCCAAAGC,,,,,5-prime Nonamer does not match,,,GGACAGGAGGATTCTTTGTGGGGGCTCGTGTCACTGTGAGGATATTGTACTGGTGGTGTATGCTATACCCACAGTGACACAGCCC-ATTCCCAAAGCCCTACTGCAA
