sample_name,project,subject,sample,haplotype,genotyper_gene,genotyper_allele,vdjbase_allele,closest_imgt_allele,imgt_allele_match,closest_imgt_seq,ref_extension,L-PART1,V-INTRON,L-PART2,V-REGION,V-REGION-GAPPED,V-REGION-CIGAR,V-HEPTAMER,V-SPACER,V-NONAMER,D-5_NONAMER,D-5_SPACER,D-5_HEPTAMER,D-REGION,D-REGION-CIGAR,D-3_HEPTAMER,D-3_SPACER,D-3_NONAMER,J-NONAMER,J-SPACER,J-HEPTAMER,J-REGION,J-REGION-CIGAR,notes,exon_reads,exon_min_score,gene_sequence
W-34.bam,W,34.bam,1,2,IGHV6-1,,IGHV6-1*01,IGHV6-1*01,100.0,CAGGTACAGCTGCAGCAGTCAGGTCCAGGACTGGTGAAGCCCTCGCAGACCCTCTCACTCACCTGTGCCATCTCCGGGGACAGTGTCTCTAGCAACAGTGCTGCTTGGAACTGGATCAGGCAGTCCCCATCGAGAGGCCTTGAGTGGCTGGGAAGGACATACTACAGGTCCAAGTGGTATAATGATTATGCAGTATCTGTGAAAAGTCGAATAACCATCAACCCAGACACATCCAAGAACCAGTTCTCCCTGCAGCTGAACTCTGTGACTCCCGAGGACACGGCTGTGTATTACTGTGCAAGAGA,False,ATGTCTGTCTCCTTCCTCATCTTCCTGCCCGTGCTGGGCCTCCCATGGG,GTCAGTGTCAGGGAGATGCCGTATTCACAGCAGCATTCACAGACTGAGGGGTGTTTCACTTTGCTGTTTCCTTTTGTCTCCAG,GTGTCCTGTCA,CAGGTACAGCTGCAGCAGTCAGGTCCAGGACTGGTGAAGCCCTCGCAGACCCTCTCACTCACCTGTGCCATCTCCGGGGACAGTGTCTCTAGCAACAGTGCTGCTTGGAACTGGATCAGGCAGTCCCCATCGAGAGGCCTTGAGTGGCTGGGAAGGACATACTACAGGTCCAAGTGGTATAATGATTATGCAGTATCTGTGAAAAGTCGAATAACCATCAACCCAGACACATCCAAGAACCAGTTCTCCCTGCAGCTGAACTCTGTGACTCCCGAGGACACGGCTGTGTATTACTGTGCAAGAGA,CAGGTACAGCTGCAGCAGTCAGGTCCA...GGACTGGTGAAGCCCTCGCAGACCCTCTCACTCACCTGTGCCATCTCCGGGGACAGTGTCTCT......AGCAACAGTGCTGCTTGGAACTGGATCAGGCAGTCCCCATCGAGAGGCCTTGAGTGGCTGGGAAGGACATACTACAGGTCC...AAGTGGTATAATGATTATGCAGTATCTGTGAAA...AGTCGAATAACCATCAACCCAGACACATCCAAGAACCAGTTCTCCCTGCAGCTGAACTCTGTGACTCCCGAGGACACGGCTGTGTATTACTGTGCAAGAGA,305M,CACAGTG,AGGGGAAGTCAGTGTGAGCCCAG,ACACAAACC,,,,,,,,,,,,,,,,,GCTCCAGACAATGTCTGTCTCCTTCCTCATCTTCCTGCCCGTGCTGGGCCTCCCATGGGGTCAGTGTCAGGGAGATGCCGTATTCACAGCAGCATTCACAGACTGAGGGGTGTTTCACTTTGCTGTTTCCTTTTGTCTCCAGGTGTCCTGTCACAGGTACAGCTGCAGCAGTCAGGTCCAGGACTGGTGAAGCCCTCGCAGACCCTCTCACTCACCTGTGCCATCTCCGGGGACAGTGTCTCTAGCAACAGTGCTGCTTGGAACTGGATCAGGCAGTCCCCATCGAGAGGCCTTGAGTGGCTGGGAAGGACATACTACAGGTCCAAGTGGTATAATGATTATGCAGTATCTGTGAAAAGTCGAATAACCATCAACCCAGACACATCCAAGAACCAGTTCTCCCTGCAGCTGAACTCTGTGACTCCCGAGGACACGGCTGTGTATTACTGTGCAAGAGACACAGTGAGGGGAAGTCAGTGTGAGCCCAGACACAAACCTCCCTGCAGG
W-34.bam,W,34.bam,1,1,IGHV6-1,,IGHV6-1*01,IGHV6-1*01,100.0,CAGGTACAGCTGCAGCAGTCAGGTCCAGGACTGGTGAAGCCCTCGCAGACCCTCTCACTCACCTGTGCCATCTCCGGGGACAGTGTCTCTAGCAACAGTGCTGCTTGGAACTGGATCAGGCAGTCCCCATCGAGAGGCCTTGAGTGGCTGGGAAGGACATACTACAGGTCCAAGTGGTATAATGATTATGCAGTATCTGTGAAAAGTCGAATAACCATCAACCCAGACACATCCAAGAACCAGTTCTCCCTGCAGCTGAACTCTGTGACTCCCGAGGACACGGCTGTGTATTACTGTGCAAGAGA,False,ATGTCTGTCTCCTTCCTCATCTTCCTGCCCGTGCTGGGCCTCCCATGGG,GTCAGTGTCAGGGAGATGCCGTATTCACAGCAGCATTCACAGACTGAGGGGTGTTTCACTTTGCTGTTTCCTTTTGTCTCCAG,GTGTCCTGTCA,CAGGTACAGCTGCAGCAGTCAGGTCCAGGACTGGTGAAGCCCTCGCAGACCCTCTCACTCACCTGTGCCATCTCCGGGGACAGTGTCTCTAGCAACAGTGCTGCTTGGAACTGGATCAGGCAGTCCCCATCGAGAGGCCTTGAGTGGCTGGGAAGGACATACTACAGGTCCAAGTGGTATAATGATTATGCAGTATCTGTGAAAAGTCGAATAACCATCAACCCAGACACATCCAAGAACCAGTTCTCCCTGCAGCTGAACTCTGTGACTCCCGAGGACACGGCTGTGTATTACTGTGCAAGAGA,CAGGTACAGCTGCAGCAGTCAGGTCCA...GGACTGGTGAAGCCCTCGCAGACCCTCTCACTCACCTGTGCCATCTCCGGGGACAGTGTCTCT......AGCAACAGTGCTGCTTGGAACTGGATCAGGCAGTCCCCATCGAGAGGCCTTGAGTGGCTGGGAAGGACATACTACAGGTCC...AAGTGGTATAATGATTATGCAGTATCTGTGAAA...AGTCGAATAACCATCAACCCAGACACATCCAAGAACCAGTTCTCCCTGCAGCTGAACTCTGTGACTCCCGAGGACACGGCTGTGTATTACTGTGCAAGAGA,305M,CACAGTG,AGGGGAAGTCAGTGTGAGCCCAG,ACACAAACC,,,,,,,,,,,,,,,,,GCTCCAGACAATGTCTGTCTCCTTCCTCATCTTCCTGCCCGTGCTGGGCCTCCCATGGGGTCAGTGTCAGGGAGATGCCGTATTCACAGCAGCATTCACAGACTGAGGGGTGTTTCACTTTGCTGTTTCCTTTTGTCTCCAGGTGTCCTGTCACAGGTACAGCTGCAGCAGTCAGGTCCAGGACTGGTGAAGCCCTCGCAGACCCTCTCACTCACCTGTGCCATCTCCGGGGACAGTGTCTCTAGCAACAGTGCTGCTTGGAACTGGATCAGGCAGTCCCCATCGAGAGGCCTTGAGTGGCTGGGAAGGACATACTACAGGTCCAAGTGGTATAATGATTATGCAGTATCTGTGAAAAGTCGAATAACCATCAACCCAGACACATCCAAGAACCAGTTCTCCCTGCAGCTGAACTCTGTGACTCCCGAGGACACGGCTGTGTATTACTGTGCAAGAGACACAGTGAGGGGAAGTCAGTGTGAGCCCAGACACAAACCTCCCTGCAGG
W-34.bam,W,34.bam,1,2,IGHV1-2,,IGHV1-2*06,IGHV1-2*06,100.0,CAGGTGCAGCTGGTGCAGTCTGGGGCTGAGGTGAAGAAGCCTGGGGCCTCAGTGAAGGTCTCCTGCAAGGCTTCTGGATACACCTTCACCGGCTACTATATGCACTGGGTGCGACAGGCCCCTGGACAAGGGCTTGAGTGGATGGGACGGATCAACCCTAACAGTGGTGGCACAAACTATGCACAGAAGTTTCAGGGCAGGGTCACCATGACCAGGGACACGTCCATCAGCACAGCCTACATGGAGCTGAGCAGGCTGAGATCTGACGACACGGCCGTGTATTACTGTGCGAGAGA,False,ATGGACTGGACCTGGAGGATCCTCTTCTTGGTGGCAGCAGCCACAG,GTAAGAGGCTCCCTAGTCCCAGTGATGAGAAAGAGATTGAGTCCAGTCCAGGGAGATCTCATCCACTTCTGTGTTCTCTCCACAG,GAGCCCACTCC,CAGGTGCAGCTGGTGCAGTCTGGGGCTGAGGTGAAGAAGCCTGGGGCCTCAGTGAAGGTCTCCTGCAAGGCTTCTGGATACACCTTCACCGGCTACTATATGCACTGGGTGCGACAGGCCCCTGGACAAGGGCTTGAGTGGATGGGACGGATCAACCCTAACAGTGGTGGCACAAACTATGCACAGAAGTTTCAGGGCAGGGTCACCATGACCAGGGACACGTCCATCAGCACAGCCTACATGGAGCTGAGCAGGCTGAGATCTGACGACACGGCCGTGTATTACTGTGCGAGAGA,CAGGTGCAGCTGGTGCAGTCTGGGGCT...GAGGTGAAGAAGCCTGGGGCCTCAGTGAAGGTCTCCTGCAAGGCTTCTGGATACACCTTC............ACCGGCTACTATATGCACTGGGTGCGACAGGCCCCTGGACAAGGGCTTGAGTGGATGGGACGGATCAACCCTAAC......AGTGGTGGCACAAACTATGCACAGAAGTTTCAG...GGCAGGGTCACCATGACCAGGGACACGTCCATCAGCACAGCCTACATGGAGCTGAGCAGGCTGAGATCTGACGACACGGCCGTGTATTACTGTGCGAGAGA,296M,CACAGTG,TGAAAACCCACATCCTGAGGGTG,TCAGAAACC,,,,,,,,,,,,,,,,,GTTCCTCACCATGGACTGGACCTGGAGGATCCTCTTCTTGGTGGCAGCAGCCACAGGTAAGAGGCTCCCTAGTCCCAGTGATGAGAAAGAGATTGAGTCCAGTCCAGGGAGATCTCATCCACTTCTGTGTTCTCTCCACAGGAGCCCACTCCCAGGTGCAGCTGGTGCAGTCTGGGGCTGAGGTGAAGAAGCCTGGGGCCTCAGTGAAGGTCTCCTGCAAGGCTTCTGGATACACCTTCACCGGCTACTATATGCACTGGGTGCGACAGGCCCCTGGACAAGGGCTTGAGTGGATGGGACGGATCAACCCTAACAGTGGTGGCACAAACTATGCACAGAAGTTTCAGGGCAGGGTCACCATGACCAGGGACACGTCCATCAGCACAGCCTACATGGAGCTGAGCAGGCTGAGATCTGACGACACGGCCGTGTATTACTGTGCGAGAGACACAGTGTGAAAACCCACATCCTGAGGGTGTCAGAAACCCCAGGGAGGA
W-34.bam,W,34.bam,1,1,IGHV1-2,,IGHV1-2*02,IGHV1-2*02,100.0,CAGGTGCAGCTGGTGCAGTCTGGGGCTGAGGTGAAGAAGCCTGGGGCCTCAGTGAAGGTCTCCTGCAAGGCTTCTGGATACACCTTCACCGGCTACTATATGCACTGGGTGCGACAGGCCCCTGGACAAGGGCTTGAGTGGATGGGATGGATCAACCCTAACAGTGGTGGCACAAACTATGCACAGAAGTTTCAGGGCAGGGTCACCATGACCAGGGACACGTCCATCAGCACAGCCTACATGGAGCTGAGCAGGCTGAGATCTGACGACACGGCCGTGTATTACTGTGCGAGAGA,False,ATGGACTGGACCTGGAGGATCCTCTTCTTGGTGGCAGCAGCCACAG,GTAAGAGGCTCCCTAGTCCCAGTGATGAGAAAGAGATTGAGTCCAGTCCAGGGAGATCTCATCCACTTCTGTGTTCTCTCCACAG,GAGCCCACTCC,CAGGTGCAGCTGGTGCAGTCTGGGGCTGAGGTGAAGAAGCCTGGGGCCTCAGTGAAGGTCTCCTGCAAGGCTTCTGGATACACCTTCACCGGCTACTATATGCACTGGGTGCGACAGGCCCCTGGACAAGGGCTTGAGTGGATGGGATGGATCAACCCTAACAGTGGTGGCACAAACTATGCACAGAAGTTTCAGGGCAGGGTCACCATGACCAGGGACACGTCCATCAGCACAGCCTACATGGAGCTGAGCAGGCTGAGATCTGACGACACGGCCGTGTATTACTGTGCGAGAGA,CAGGTGCAGCTGGTGCAGTCTGGGGCT...GAGGTGAAGAAGCCTGGGGCCTCAGTGAAGGTCTCCTGCAAGGCTTCTGGATACACCTTC............ACCGGCTACTATATGCACTGGGTGCGACAGGCCCCTGGACAAGGGCTTGAGTGGATGGGATGGATCAACCCTAAC......AGTGGTGGCACAAACTATGCACAGAAGTTTCAG...GGCAGGGTCACCATGACCAGGGACACGTCCATCAGCACAGCCTACATGGAGCTGAGCAGGCTGAGATCTGACGACACGGCCGTGTATTACTGTGCGAGAGA,296M,CACAGTG,TGAAAACCCACATCCTGAGGATG,TCAGAAACC,,,,,,,,,,,,,,,,,GTTCCTCACCATGGACTGGACCTGGAGGATCCTCTTCTTGGTGGCAGCAGCCACAGGTAAGAGGCTCCCTAGTCCCAGTGATGAGAAAGAGATTGAGTCCAGTCCAGGGAGATCTCATCCACTTCTGTGTTCTCTCCACAGGAGCCCACTCCCAGGTGCAGCTGGTGCAGTCTGGGGCTGAGGTGAAGAAGCCTGGGGCCTCAGTGAAGGTCTCCTGCAAGGCTTCTGGATACACCTTCACCGGCTACTATATGCACTGGGTGCGACAGGCCCCTGGACAAGGGCTTGAGTGGATGGGATGGATCAACCCTAACAGTGGTGGCACAAACTATGCACAGAAGTTTCAGGGCAGGGTCACCATGACCAGGGACACGTCCATCAGCACAGCCTACATGGAGCTGAGCAGGCTGAGATCTGACGACACGGCCGTGTATTACTGTGCGAGAGACACAGTGTGAAAACCCACATCCTGAGGATGTCAGAAACCCCAGGGAGGA
W-34.bam,W,34.bam,1,2,IGHV1-3,,IGHV1-3*01,IGHV1-3*01,100.0,CAGGTCCAGCTTGTGCAGTCTGGGGCTGAGGTGAAGAAGCCTGGGGCCTCAGTGAAGGTTTCCTGCAAGGCTTCTGGATACACCTTCACTAGCTATGCTATGCATTGGGTGCGCCAGGCCCCCGGACAAAGGCTTGAGTGGATGGGATGGATCAACGCTGGCAATGGTAACACAAAATATTCACAGAAGTTCCAGGGCAGAGTCACCATTACCAGGGACACATCCGCGAGCACAGCCTACATGGAGCTGAGCAGCCTGAGATCTGAAGACACGGCTGTGTATTACTGTGCGAGAGA,False,ATGGACTGGACCTGGAGGATCCTCTTTTTGGTGGCAGCAGCCACAG,GTAAGGGGCTGCCAAATCCCAGTGAGGAGGAAGGGATCGAGGCCAGTCAAGGGGAATTCCATCCACTCCTGTGTCTTCTCTACAG,GTGCCCACTCC,CAGGTCCAGCTTGTGCAGTCTGGGGCTGAGGTGAAGAAGCCTGGGGCCTCAGTGAAGGTTTCCTGCAAGGCTTCTGGATACACCTTCACTAGCTATGCTATGCATTGGGTGCGCCAGGCCCCCGGACAAAGGCTTGAGTGGATGGGATGGATCAACGCTGGCAATGGTAACACAAAATATTCACAGAAGTTCCAGGGCAGAGTCACCATTACCAGGGACACATCCGCGAGCACAGCCTACATGGAGCTGAGCAGCCTGAGATCTGAAGACACGGCTGTGTATTACTGTGCGAGAGA,CAGGTCCAGCTTGTGCAGTCTGGGGCT...GAGGTGAAGAAGCCTGGGGCCTCAGTGAAGGTTTCCTGCAAGGCTTCTGGATACACCTTC............ACTAGCTATGCTATGCATTGGGTGCGCCAGGCCCCCGGACAAAGGCTTGAGTGGATGGGATGGATCAACGCTGGC......AATGGTAACACAAAATATTCACAGAAGTTCCAG...GGCAGAGTCACCATTACCAGGGACACATCCGCGAGCACAGCCTACATGGAGCTGAGCAGCCTGAGATCTGAAGACACGGCTGTGTATTACTGTGCGAGAGA,296M,CACAGTG,TGAAAACCCACATCCTGAGAGTG,TCAGAAACC,,,,,,,,,,,,,,,,,ACTCCTTACCATGGACTGGACCTGGAGGATCCTCTTTTTGGTGGCAGCAGCCACAGGTAAGGGGCTGCCAAATCCCAGTGAGGAGGAAGGGATCGAGGCCAGTCAAGGGGAATTCCATCCACTCCTGTGTCTTCTCTACAGGTGCCCACTCCCAGGTCCAGCTTGTGCAGTCTGGGGCTGAGGTGAAGAAGCCTGGGGCCTCAGTGAAGGTTTCCTGCAAGGCTTCTGGATACACCTTCACTAGCTATGCTATGCATTGGGTGCGCCAGGCCCCCGGACAAAGGCTTGAGTGGATGGGATGGATCAACGCTGGCAATGGTAACACAAAATATTCACAGAAGTTCCAGGGCAGAGTCACCATTACCAGGGACACATCCGCGAGCACAGCCTACATGGAGCTGAGCAGCCTGAGATCTGAAGACACGGCTGTGTATTACTGTGCGAGAGACACAGTGTGAAAACCCACATCCTGAGAGTGTCAGAAACCCCAGGGGGGA
W-34.bam,W,34.bam,1,1,IGHV1-3,,IGHV1-3*01_g172a,IGHV1-3*01,99.66,CAGGTCCAGCTTGTGCAGTCTGGGGCTGAGGTGAAGAAGCCTGGGGCCTCAGTGAAGGTTTCCTGCAAGGCTTCTGGATACACCTTCACTAGCTATGCTATGCATTGGGTGCGCCAGGCCCCCGGACAAAGGCTTGAGTGGATGGGATGGATCAACGCTGGCAATGGTAACACAAAATATTCACAGAAGTTCCAGGGCAGAGTCACCATTACCAGGGACACATCCGCGAGCACAGCCTACATGGAGCTGAGCAGCCTGAGATCTGAAGACACGGCTGTGTATTACTGTGCGAGAGA,False,ATGGACTGGACCTGGAGGATCCTCTTTTTGGTGGCAGCAGCCACAG,GTAAGGGGCTGCCAAATCCCAGTGAGGAGGAAGGGATCGAGGCCAGTCAAGGGGAATTCCATCCACTCCTGTGTCTTCTCTACAG,GTGCCCACTCC,CAGGTCCAGCTTGTGCAGTCTGGGGCTGAGGTGAAGAAGCCTGGGGCCTCAGTGAAGGTTTCCTGCAAGGCTTCTGGATACACCTTCACTAGCTATGCTATGCATTGGGTGCGCCAGGCCCCCGGACAAAGGCTTGAGTGGATGGGATGGATCAACACTGGCAATGGTAACACAAAATATTCACAGAAGTTCCAGGGCAGAGTCACCATTACCAGGGACACATCCGCGAGCACAGCCTACATGGAGCTGAGCAGCCTGAGATCTGAAGACACGGCTGTGTATTACTGTGCGAGAGA,CAGGTCCAGCTTGTGCAGTCTGGGGCT...GAGGTGAAGAAGCCTGGGGCCTCAGTGAAGGTTTCCTGCAAGGCTTCTGGATACACCTTC............ACTAGCTATGCTATGCATTGGGTGCGCCAGGCCCCCGGACAAAGGCTTGAGTGGATGGGATGGATCAACACTGGC......AATGGTAACACAAAATATTCACAGAAGTTCCAG...GGCAGAGTCACCATTACCAGGGACACATCCGCGAGCACAGCCTACATGGAGCTGAGCAGCCTGAGATCTGAAGACACGGCTGTGTATTACTGTGCGAGAGA,296M,CACAGTG,TGAAAACCCACATCCTGAGAGTG,TCAGAAACC,,,,,,,,,,,,,,,,,ACTCCTCACCATGGACTGGACCTGGAGGATCCTCTTTTTGGTGGCAGCAGCCACAGGTAAGGGGCTGCCAAATCCCAGTGAGGAGGAAGGGATCGAGGCCAGTCAAGGGGAATTCCATCCACTCCTGTGTCTTCTCTACAGGTGCCCACTCCCAGGTCCAGCTTGTGCAGTCTGGGGCTGAGGTGAAGAAGCCTGGGGCCTCAGTGAAGGTTTCCTGCAAGGCTTCTGGATACACCTTCACTAGCTATGCTATGCATTGGGTGCGCCAGGCCCCCGGACAAAGGCTTGAGTGGATGGGATGGATCAACACTGGCAATGGTAACACAAAATATTCACAGAAGTTCCAGGGCAGAGTCACCATTACCAGGGACACATCCGCGAGCACAGCCTACATGGAGCTGAGCAGCCTGAGATCTGAAGACACGGCTGTGTATTACTGTGCGAGAGACACAGTGTGAAAACCCACATCCTGAGAGTGTCAGAAACCCCAGGGGGGA
W-34.bam,W,34.bam,1,1,IGHV4-4,,IGHV4-4*01_g308a,IGHV4-4*01,99.66,CAGGTGCAGCTGCAGGAGTCGGGCCCAGGACTGGTGAAGCCTCCGGGGACCCTGTCCCTCACCTGCGCTGTCTCTGGTGGCTCCATCAGCAGTAGTAACTGGTGGAGTTGGGTCCGCCAGCCCCCAGGGAAGGGGCTGGAGTGGATTGGGGAAATCTATCATAGTGGGAGCACCAACTACAACCCGTCCCTCAAGAGTCGAGTCACCATATCAGTAGACAAGTCCAAGAACCAGTTCTCCCTGAAGCTGAGCTCTGTGACCGCCGCGGACACGGCCGTGTATTGCTGTGCGAGAGA,False,ATGAAACACCTGTGGTTCTTCCTCCTCCTGGTGGCAGCTCCCAGAT,GTGAGTGTCTCAAGGCTGCAGACATGGGGGTATGGGAGGTGCCTCTGATCCCAGGGCTCACTGTGGGTCTCTCTGTTCACAG,GGGTCCTGTCT,CAGGTGCAGCTGCAGGAGTCGGGCCCAGGACTGGTGAAGCCTCCGGGGACCCTGTCCCTCACCTGCGCTGTCTCTGGTGGCTCCATCAGCAGTAGTAACTGGTGGAGTTGGGTCCGCCAGCCCCCAGGGAAGGGGCTGGAGTGGATTGGGGAAATCTATCATAGTGGGAGCACCAACTACAACCCGTCCCTCAAGAGTCGAGTCACCATATCAGTAGACAAGTCCAAGAACCAGTTCTCCCTGAAGCTGAGCTCTGTGACCGCCGCGGACACGGCCGTGTATTACTGTGCGAGAGA,CAGGTGCAGCTGCAGGAGTCGGGCCCA...GGACTGGTGAAGCCTCCGGGGACCCTGTCCCTCACCTGCGCTGTCTCTGGTGGCTCCATCAGC.........AGTAGTAACTGGTGGAGTTGGGTCCGCCAGCCCCCAGGGAAGGGGCTGGAGTGGATTGGGGAAATCTATCATAGT.........GGGAGCACCAACTACAACCCGTCCCTCAAG...AGTCGAGTCACCATATCAGTAGACAAGTCCAAGAACCAGTTCTCCCTGAAGCTGAGCTCTGTGACCGCCGCGGACACGGCCGTGTATTACTGTGCGAGAGA,296M,CACAGTG,AGGGGAGGTGAGTGTGAGCCCAG,ACACAAACC,,,,,,,,,,,,,,,,,GCACAAGAACATGAAACACCTGTGGTTCTTCCTCCTCCTGGTGGCAGCTCCCAGATGTGAGTGTCTCAAGGCTGCAGACATGGGGGTATGGGAGGTGCCTCTGATCCCAGGGCTCACTGTGGGTCTCTCTGTTCACAGGGGTCCTGTCTCAGGTGCAGCTGCAGGAGTCGGGCCCAGGACTGGTGAAGCCTCCGGGGACCCTGTCCCTCACCTGCGCTGTCTCTGGTGGCTCCATCAGCAGTAGTAACTGGTGGAGTTGGGTCCGCCAGCCCCCAGGGAAGGGGCTGGAGTGGATTGGGGAAATCTATCATAGTGGGAGCACCAACTACAACCCGTCCCTCAAGAGTCGAGTCACCATATCAGTAGACAAGTCCAAGAACCAGTTCTCCCTGAAGCTGAGCTCTGTGACCGCCGCGGACACGGCCGTGTATTACTGTGCGAGAGACACAGTGAGGGGAGGTGAGTGTGAGCCCAGACACAAACCTCCCTGCAGG
W-34.bam,W,34.bam,1,1,IGHV7-4-1,,IGHV7-4-1*02,IGHV7-4-1*02,100.0,CAGGTGCAGCTGGTGCAATCTGGGTCTGAGTTGAAGAAGCCTGGGGCCTCAGTGAAGGTTTCCTGCAAGGCTTCTGGATACACCTTCACTAGCTATGCTATGAATTGGGTGCGACAGGCCCCTGGACAAGGGCTTGAGTGGATGGGATGGATCAACACCAACACTGGGAACCCAACGTATGCCCAGGGCTTCACAGGACGGTTTGTCTTCTCCTTGGACACCTCTGTCAGCACGGCATATCTGCAGATCAGCAGCCTAAAGGCTGAGGACACTGCCGTGTATTACTGTGCGAGAGA,False,ATGGACTGGACCTGGAGGATCCTCTTCTTGGTGGCAGCAGCAACAG,GTAAGGGGCTCCCCAGTCACTGGGCTGAGGGAGAAACCAGCACAGTCAAGTGAGACTTCATGCACTCCCATCTCCTCTCCACAG,GTGCCCACTCC,CAGGTGCAGCTGGTGCAATCTGGGTCTGAGTTGAAGAAGCCTGGGGCCTCAGTGAAGGTTTCCTGCAAGGCTTCTGGATACACCTTCACTAGCTATGCTATGAATTGGGTGCGACAGGCCCCTGGACAAGGGCTTGAGTGGATGGGATGGATCAACACCAACACTGGGAACCCAACGTATGCCCAGGGCTTCACAGGACGGTTTGTCTTCTCCTTGGACACCTCTGTCAGCACGGCATATCTGCAGATCAGCAGCCTAAAGGCTGAGGACACTGCCGTGTATTACTGTGCGAGAGA,CAGGTGCAGCTGGTGCAATCTGGGTCT...GAGTTGAAGAAGCCTGGGGCCTCAGTGAAGGTTTCCTGCAAGGCTTCTGGATACACCTTC............ACTAGCTATGCTATGAATTGGGTGCGACAGGCCCCTGGACAAGGGCTTGAGTGGATGGGATGGATCAACACCAAC......ACTGGGAACCCAACGTATGCCCAGGGCTTCACA...GGACGGTTTGTCTTCTCCTTGGACACCTCTGTCAGCACGGCATATCTGCAGATCAGCAGCCTAAAGGCTGAGGACACTGCCGTGTATTACTGTGCGAGAGA,296M,CACAGTG,TGGAAACCCACATCCTGAGAGTG,TCAAAAACC,,,,,,,,,,,,,,,,,GCTCCACACCATGGACTGGACCTGGAGGATCCTCTTCTTGGTGGCAGCAGCAACAGGTAAGGGGCTCCCCAGTCACTGGGCTGAGGGAGAAACCAGCACAGTCAAGTGAGACTTCATGCACTCCCATCTCCTCTCCACAGGTGCCCACTCCCAGGTGCAGCTGGTGCAATCTGGGTCTGAGTTGAAGAAGCCTGGGGCCTCAGTGAAGGTTTCCTGCAAGGCTTCTGGATACACCTTCACTAGCTATGCTATGAATTGGGTGCGACAGGCCCCTGGACAAGGGCTTGAGTGGATGGGATGGATCAACACCAACACTGGGAACCCAACGTATGCCCAGGGCTTCACAGGACGGTTTGTCTTCTCCTTGGACACCTCTGTCAGCACGGCATATCTGCAGATCAGCAGCCTAAAGGCTGAGGACACTGCCGTGTATTACTGTGCGAGAGACACAGTGTGGAAACCCACATCCTGAGAGTGTCAAAAACCCTGTGGGAGG
W-34.bam,W,34.bam,1,2,IGHV7-4-1,,IGHV7-4-1*02,IGHV7-4-1*02,100.0,CAGGTGCAGCTGGTGCAATCTGGGTCTGAGTTGAAGAAGCCTGGGGCCTCAGTGAAGGTTTCCTGCAAGGCTTCTGGATACACCTTCACTAGCTATGCTATGAATTGGGTGCGACAGGCCCCTGGACAAGGGCTTGAGTGGATGGGATGGATCAACACCAACACTGGGAACCCAACGTATGCCCAGGGCTTCACAGGACGGTTTGTCTTCTCCTTGGACACCTCTGTCAGCACGGCATATCTGCAGATCAGCAGCCTAAAGGCTGAGGACACTGCCGTGTATTACTGTGCGAGAGA,False,ATGGACTGGACCTGGAGGATCCTCTTCTTGGTGGCAGCAGCAACAG,GTAAGGGGCTCCCCAGTCACTGGGCTGAGGGAGAAACCAGCACAGTCAAGTGAGACTTCATGCACTCCCATCTCCTCTCCACAG,GTGCCCACTCC,CAGGTGCAGCTGGTGCAATCTGGGTCTGAGTTGAAGAAGCCTGGGGCCTCAGTGAAGGTTTCCTGCAAGGCTTCTGGATACACCTTCACTAGCTATGCTATGAATTGGGTGCGACAGGCCCCTGGACAAGGGCTTGAGTGGATGGGATGGATCAACACCAACACTGGGAACCCAACGTATGCCCAGGGCTTCACAGGACGGTTTGTCTTCTCCTTGGACACCTCTGTCAGCACGGCATATCTGCAGATCAGCAGCCTAAAGGCTGAGGACACTGCCGTGTATTACTGTGCGAGAGA,CAGGTGCAGCTGGTGCAATCTGGGTCT...GAGTTGAAGAAGCCTGGGGCCTCAGTGAAGGTTTCCTGCAAGGCTTCTGGATACACCTTC............ACTAGCTATGCTATGAATTGGGTGCGACAGGCCCCTGGACAAGGGCTTGAGTGGATGGGATGGATCAACACCAAC......ACTGGGAACCCAACGTATGCCCAGGGCTTCACA...GGACGGTTTGTCTTCTCCTTGGACACCTCTGTCAGCACGGCATATCTGCAGATCAGCAGCCTAAAGGCTGAGGACACTGCCGTGTATTACTGTGCGAGAGA,296M,CACAGTG,TGGAAACCCACATCCTGAGAGTG,TCAAAAACC,,,,,,,,,,,,,,,,,GCTCCACACCATGGACTGGACCTGGAGGATCCTCTTCTTGGTGGCAGCAGCAACAGGTAAGGGGCTCCCCAGTCACTGGGCTGAGGGAGAAACCAGCACAGTCAAGTGAGACTTCATGCACTCCCATCTCCTCTCCACAGGTGCCCACTCCCAGGTGCAGCTGGTGCAATCTGGGTCTGAGTTGAAGAAGCCTGGGGCCTCAGTGAAGGTTTCCTGCAAGGCTTCTGGATACACCTTCACTAGCTATGCTATGAATTGGGTGCGACAGGCCCCTGGACAAGGGCTTGAGTGGATGGGATGGATCAACACCAACACTGGGAACCCAACGTATGCCCAGGGCTTCACAGGACGGTTTGTCTTCTCCTTGGACACCTCTGTCAGCACGGCATATCTGCAGATCAGCAGCCTAAAGGCTGAGGACACTGCCGTGTATTACTGTGCGAGAGACACAGTGTGGAAACCCACATCCTGAGAGTGTCAAAAACCCTGTGGGAGG
W-34.bam,W,34.bam,1,1,IGHV2-5,,IGHV2-5*01,IGHV2-5*01,100.0,CAGATCACCTTGAAGGAGTCTGGTCCTACGCTGGTGAAACCCACACAGACCCTCACGCTGACCTGCACCTTCTCTGGGTTCTCACTCAGCACTAGTGGAGTGGGTGTGGGCTGGATCCGTCAGCCCCCAGGAAAGGCCCTGGAGTGGCTTGCACTCATTTATTGGAATGATGATAAGCGCTACAGCCCATCTCTGAAGAGCAGGCTCACCATCACCAAGGACACCTCCAAAAACCAGGTGGTCCTTACAATGACCAACATGGACCCTGTGGACACAGCCACATATTACTGTGCACACAGAC,False,ATGGACACACTTTGCTCCACGCTCCTGCTGCTGACCATCCCTTCAT,GTGAGTGCTGTGGTCAGGGACTCCTTCACGGGTGAAACATCAGTTTTCTTGTTTGTGGGCTTCATCTTCTTATGCTTTCTCCACAG,GGGTCTTGTCC,CAGATCACCTTGAAGGAGTCTGGTCCTACGCTGGTGAAACCCACACAGACCCTCACGCTGACCTGCACCTTCTCTGGGTTCTCACTCAGCACTAGTGGAGTGGGTGTGGGCTGGATCCGTCAGCCCCCAGGAAAGGCCCTGGAGTGGCTTGCACTCATTTATTGGAATGATGATAAGCGCTACAGCCCATCTCTGAAGAGCAGGCTCACCATCACCAAGGACACCTCCAAAAACCAGGTGGTCCTTACAATGACCAACATGGACCCTGTGGACACAGCCACATATTACTGTGCACACAGAC,CAGATCACCTTGAAGGAGTCTGGTCCT...ACGCTGGTGAAACCCACACAGACCCTCACGCTGACCTGCACCTTCTCTGGGTTCTCACTCAGC......ACTAGTGGAGTGGGTGTGGGCTGGATCCGTCAGCCCCCAGGAAAGGCCCTGGAGTGGCTTGCACTCATTTATTGGAAT.........GATGATAAGCGCTACAGCCCATCTCTGAAG...AGCAGGCTCACCATCACCAAGGACACCTCCAAAAACCAGGTGGTCCTTACAATGACCAACATGGACCCTGTGGACACAGCCACATATTACTGTGCACACAGAC,301M,CACAAAG,ACACAGCCCAGGGCACCTCCTGT,ACAAAAACC,,,,,,,,,,,,,,,,,GTGCCCCACCATGGACACACTTTGCTCCACGCTCCTGCTGCTGACCATCCCTTCATGTGAGTGCTGTGGTCAGGGACTCCTTCACGGGTGAAACATCAGTTTTCTTGTTTGTGGGCTTCATCTTCTTATGCTTTCTCCACAGGGGTCTTGTCCCAGATCACCTTGAAGGAGTCTGGTCCTACGCTGGTGAAACCCACACAGACCCTCACGCTGACCTGCACCTTCTCTGGGTTCTCACTCAGCACTAGTGGAGTGGGTGTGGGCTGGATCCGTCAGCCCCCAGGAAAGGCCCTGGAGTGGCTTGCACTCATTTATTGGAATGATGATAAGCGCTACAGCCCATCTCTGAAGAGCAGGCTCACCATCACCAAGGACACCTCCAAAAACCAGGTGGTCCTTACAATGACCAACATGGACCCTGTGGACACAGCCACATATTACTGTGCACACAGACCACAAAGACACAGCCCAGGGCACCTCCTGTACAAAAACCCAGGCTGCTT
W-34.bam,W,34.bam,1,2,IGHV2-5,,IGHV2-5*01,IGHV2-5*01,100.0,CAGATCACCTTGAAGGAGTCTGGTCCTACGCTGGTGAAACCCACACAGACCCTCACGCTGACCTGCACCTTCTCTGGGTTCTCACTCAGCACTAGTGGAGTGGGTGTGGGCTGGATCCGTCAGCCCCCAGGAAAGGCCCTGGAGTGGCTTGCACTCATTTATTGGAATGATGATAAGCGCTACAGCCCATCTCTGAAGAGCAGGCTCACCATCACCAAGGACACCTCCAAAAACCAGGTGGTCCTTACAATGACCAACATGGACCCTGTGGACACAGCCACATATTACTGTGCACACAGAC,False,ATGGACACACTTTGCTCCACGCTCCTGCTGCTGACCATCCCTTCAT,GTGAGTGCTGTGGTCAGGGACTCCTTCACGGGTGAAACATCAGTTTTCTTGTTTGTGGGCTTCATCTTCTTATGCTTTCTCCACAG,GGGTCTTGTCC,CAGATCACCTTGAAGGAGTCTGGTCCTACGCTGGTGAAACCCACACAGACCCTCACGCTGACCTGCACCTTCTCTGGGTTCTCACTCAGCACTAGTGGAGTGGGTGTGGGCTGGATCCGTCAGCCCCCAGGAAAGGCCCTGGAGTGGCTTGCACTCATTTATTGGAATGATGATAAGCGCTACAGCCCATCTCTGAAGAGCAGGCTCACCATCACCAAGGACACCTCCAAAAACCAGGTGGTCCTTACAATGACCAACATGGACCCTGTGGACACAGCCACATATTACTGTGCACACAGAC,CAGATCACCTTGAAGGAGTCTGGTCCT...ACGCTGGTGAAACCCACACAGACCCTCACGCTGACCTGCACCTTCTCTGGGTTCTCACTCAGC......ACTAGTGGAGTGGGTGTGGGCTGGATCCGTCAGCCCCCAGGAAAGGCCCTGGAGTGGCTTGCACTCATTTATTGGAAT.........GATGATAAGCGCTACAGCCCATCTCTGAAG...AGCAGGCTCACCATCACCAAGGACACCTCCAAAAACCAGGTGGTCCTTACAATGACCAACATGGACCCTGTGGACACAGCCACATATTACTGTGCACACAGAC,301M,CACAAAG,ACACAGCCCAGGGCACCTCCTGT,ACAAAAACC,,,,,,,,,,,,,,,,,GTGCCCCACCATGGACACACTTTGCTCCACGCTCCTGCTGCTGACCATCCCTTCATGTGAGTGCTGTGGTCAGGGACTCCTTCACGGGTGAAACATCAGTTTTCTTGTTTGTGGGCTTCATCTTCTTATGCTTTCTCCACAGGGGTCTTGTCCCAGATCACCTTGAAGGAGTCTGGTCCTACGCTGGTGAAACCCACACAGACCCTCACGCTGACCTGCACCTTCTCTGGGTTCTCACTCAGCACTAGTGGAGTGGGTGTGGGCTGGATCCGTCAGCCCCCAGGAAAGGCCCTGGAGTGGCTTGCACTCATTTATTGGAATGATGATAAGCGCTACAGCCCATCTCTGAAGAGCAGGCTCACCATCACCAAGGACACCTCCAAAAACCAGGTGGTCCTTACAATGACCAACATGGACCCTGTGGACACAGCCACATATTACTGTGCACACAGACCACAAAGACACAGCCCAGGGCACCTCCTGTACAAAAACCCAGGCTGCTT
W-34.bam,W,34.bam,1,1,IGHV3-7,,IGHV3-7*01,IGHV3-7*01,100.0,GAGGTGCAGCTGGTGGAGTCTGGGGGAGGCTTGGTCCAGCCTGGGGGGTCCCTGAGACTCTCCTGTGCAGCCTCTGGATTCACCTTTAGTAGCTATTGGATGAGCTGGGTCCGCCAGGCTCCAGGGAAGGGGCTGGAGTGGGTGGCCAACATAAAGCAAGATGGAAGTGAGAAATACTATGTGGACTCTGTGAAGGGCCGATTCACCATCTCCAGAGACAACGCCAAGAACTCACTGTATCTGCAAATGAACAGCCTGAGAGCCGAGGACACGGCTGTGTATTACTGTGCGAGAGA,False,ATGGAATTGGGGCTGAGCTGGGTTTTCCTTGTTGCTATTTTAGAAG,GTGATTCATGGAAAACTAGGAAGATTGAGTGTGTGTGGATATGAGTGTGAGAAACAGTGGATTTGTGTGGCAGTTTCTGACCTTGGTGTCTCTTTGTTTGCAG,GTGTCCAGTGT,GAGGTGCAGCTGGTGGAGTCTGGGGGAGGCTTGGTCCAGCCTGGGGGGTCCCTGAGACTCTCCTGTGCAGCCTCTGGATTCACCTTTAGTAGCTATTGGATGAGCTGGGTCCGCCAGGCTCCAGGGAAGGGGCTGGAGTGGGTGGCCAACATAAAGCAAGATGGAAGTGAGAAATACTATGTGGACTCTGTGAAGGGCCGATTCACCATCTCCAGAGACAACGCCAAGAACTCACTGTATCTGCAAATGAACAGCCTGAGAGCCGAGGACACGGCTGTGTATTACTGTGCGAGAGA,GAGGTGCAGCTGGTGGAGTCTGGGGGA...GGCTTGGTCCAGCCTGGGGGGTCCCTGAGACTCTCCTGTGCAGCCTCTGGATTCACCTTT............AGTAGCTATTGGATGAGCTGGGTCCGCCAGGCTCCAGGGAAGGGGCTGGAGTGGGTGGCCAACATAAAGCAAGAT......GGAAGTGAGAAATACTATGTGGACTCTGTGAAG...GGCCGATTCACCATCTCCAGAGACAACGCCAAGAACTCACTGTATCTGCAAATGAACAGCCTGAGAGCCGAGGACACGGCTGTGTATTACTGTGCGAGAGA,296M,CACAGTG,AGGGGAAGTCAGTGTGAGCCCAG,ACACAAACC,,,,,,,,,,,,,,,,,AGGACTCACCATGGAATTGGGGCTGAGCTGGGTTTTCCTTGTTGCTATTTTAGAAGGTGATTCATGGAAAACTAGGAAGATTGAGTGTGTGTGGATATGAGTGTGAGAAACAGTGGATTTGTGTGGCAGTTTCTGACCTTGGTGTCTCTTTGTTTGCAGGTGTCCAGTGTGAGGTGCAGCTGGTGGAGTCTGGGGGAGGCTTGGTCCAGCCTGGGGGGTCCCTGAGACTCTCCTGTGCAGCCTCTGGATTCACCTTTAGTAGCTATTGGATGAGCTGGGTCCGCCAGGCTCCAGGGAAGGGGCTGGAGTGGGTGGCCAACATAAAGCAAGATGGAAGTGAGAAATACTATGTGGACTCTGTGAAGGGCCGATTCACCATCTCCAGAGACAACGCCAAGAACTCACTGTATCTGCAAATGAACAGCCTGAGAGCCGAGGACACGGCTGTGTATTACTGTGCGAGAGACACAGTGAGGGGAAGTCAGTGTGAGCCCAGACACAAACCTCCCTGCAGG
W-34.bam,W,34.bam,1,2,IGHV3-7,,IGHV3-7*01,IGHV3-7*01,100.0,GAGGTGCAGCTGGTGGAGTCTGGGGGAGGCTTGGTCCAGCCTGGGGGGTCCCTGAGACTCTCCTGTGCAGCCTCTGGATTCACCTTTAGTAGCTATTGGATGAGCTGGGTCCGCCAGGCTCCAGGGAAGGGGCTGGAGTGGGTGGCCAACATAAAGCAAGATGGAAGTGAGAAATACTATGTGGACTCTGTGAAGGGCCGATTCACCATCTCCAGAGACAACGCCAAGAACTCACTGTATCTGCAAATGAACAGCCTGAGAGCCGAGGACACGGCTGTGTATTACTGTGCGAGAGA,False,ATGGAGTTGGGGCTGAGCTGGGTTTTCCTTGTTGCTATTTTAGAAG,GTGATTCATGGAAAACTAGGAAGATTGAGTGTGTGTGGATATGAGTGTGAGAAACAGTGGATTTGTGTGGCAGTTTCTGACCTTGGTGTCTCTTTGTTTGCAG,GTGTCCAGTGT,GAGGTGCAGCTGGTGGAGTCTGGGGGAGGCTTGGTCCAGCCTGGGGGGTCCCTGAGACTCTCCTGTGCAGCCTCTGGATTCACCTTTAGTAGCTATTGGATGAGCTGGGTCCGCCAGGCTCCAGGGAAGGGGCTGGAGTGGGTGGCCAACATAAAGCAAGATGGAAGTGAGAAATACTATGTGGACTCTGTGAAGGGCCGATTCACCATCTCCAGAGACAACGCCAAGAACTCACTGTATCTGCAAATGAACAGCCTGAGAGCCGAGGACACGGCTGTGTATTACTGTGCGAGAGA,GAGGTGCAGCTGGTGGAGTCTGGGGGA...GGCTTGGTCCAGCCTGGGGGGTCCCTGAGACTCTCCTGTGCAGCCTCTGGATTCACCTTT............AGTAGCTATTGGATGAGCTGGGTCCGCCAGGCTCCAGGGAAGGGGCTGGAGTGGGTGGCCAACATAAAGCAAGAT......GGAAGTGAGAAATACTATGTGGACTCTGTGAAG...GGCCGATTCACCATCTCCAGAGACAACGCCAAGAACTCACTGTATCTGCAAATGAACAGCCTGAGAGCCGAGGACACGGCTGTGTATTACTGTGCGAGAGA,296M,CACAGTG,AGGGGAAGTCAGTGTGAGCCCAG,ACACAAACC,,,,,,,,,,,,,,,,,AGGACTCACCATGGAGTTGGGGCTGAGCTGGGTTTTCCTTGTTGCTATTTTAGAAGGTGATTCATGGAAAACTAGGAAGATTGAGTGTGTGTGGATATGAGTGTGAGAAACAGTGGATTTGTGTGGCAGTTTCTGACCTTGGTGTCTCTTTGTTTGCAGGTGTCCAGTGTGAGGTGCAGCTGGTGGAGTCTGGGGGAGGCTTGGTCCAGCCTGGGGGGTCCCTGAGACTCTCCTGTGCAGCCTCTGGATTCACCTTTAGTAGCTATTGGATGAGCTGGGTCCGCCAGGCTCCAGGGAAGGGGCTGGAGTGGGTGGCCAACATAAAGCAAGATGGAAGTGAGAAATACTATGTGGACTCTGTGAAGGGCCGATTCACCATCTCCAGAGACAACGCCAAGAACTCACTGTATCTGCAAATGAACAGCCTGAGAGCCGAGGACACGGCTGTGTATTACTGTGCGAGAGACACAGTGAGGGGAAGTCAGTGTGAGCCCAGACACAAACCTCCCTGCAGG
W-34.bam,W,34.bam,1,1,IGHV3-11,,IGHV3-11*04,IGHV3-11*04,100.0,CAGGTGCAGCTGGTGGAGTCTGGGGGAGGCTTGGTCAAGCCTGGAGGGTCCCTGAGACTCTCCTGTGCAGCCTCTGGATTCACCTTCAGTGACTACTACATGAGCTGGATCCGCCAGGCTCCAGGGAAGGGGCTGGAGTGGGTTTCATACATTAGTAGTAGTGGTAGTACCATATACTACGCAGACTCTGTGAAGGGCCGATTCACCATCTCCAGGGACAACGCCAAGAACTCACTGTATCTGCAAATGAACAGCCTGAGAGCCGAGGACACGGCTGTGTATTACTGTGCGAGAGA,False,ATGGAGTTTGGGCTGAGCTGGGTTTTCCTTGTTGCTATTATAAAAG,GTGATTTATGGAGAACTAGAGACATTGAGTGGACGTGAGTGAGATAAGCAGTGAATATATGTGGCAGTTTCTGACCAGGTTGTCTCTGTGTTTGCAG,GTGTCCAGTGT,CAGGTGCAGCTGGTGGAGTCTGGGGGAGGCTTGGTCAAGCCTGGAGGGTCCCTGAGACTCTCCTGTGCAGCCTCTGGATTCACCTTCAGTGACTACTACATGAGCTGGATCCGCCAGGCTCCAGGGAAGGGGCTGGAGTGGGTTTCATACATTAGTAGTAGTGGTAGTACCATATACTACGCAGACTCTGTGAAGGGCCGATTCACCATCTCCAGGGACAACGCCAAGAACTCACTGTATCTGCAAATGAACAGCCTGAGAGCCGAGGACACGGCTGTGTATTACTGTGCGAGAGA,CAGGTGCAGCTGGTGGAGTCTGGGGGA...GGCTTGGTCAAGCCTGGAGGGTCCCTGAGACTCTCCTGTGCAGCCTCTGGATTCACCTTC............AGTGACTACTACATGAGCTGGATCCGCCAGGCTCCAGGGAAGGGGCTGGAGTGGGTTTCATACATTAGTAGTAGT......GGTAGTACCATATACTACGCAGACTCTGTGAAG...GGCCGATTCACCATCTCCAGGGACAACGCCAAGAACTCACTGTATCTGCAAATGAACAGCCTGAGAGCCGAGGACACGGCTGTGTATTACTGTGCGAGAGA,296M,CACAGTG,AGGGGAGGTCAGTGTGAGCCCAG,ACACAAACC,,,,,,,,,,,,,,,,,AGGACTCACCATGGAGTTTGGGCTGAGCTGGGTTTTCCTTGTTGCTATTATAAAAGGTGATTTATGGAGAACTAGAGACATTGAGTGGACGTGAGTGAGATAAGCAGTGAATATATGTGGCAGTTTCTGACCAGGTTGTCTCTGTGTTTGCAGGTGTCCAGTGTCAGGTGCAGCTGGTGGAGTCTGGGGGAGGCTTGGTCAAGCCTGGAGGGTCCCTGAGACTCTCCTGTGCAGCCTCTGGATTCACCTTCAGTGACTACTACATGAGCTGGATCCGCCAGGCTCCAGGGAAGGGGCTGGAGTGGGTTTCATACATTAGTAGTAGTGGTAGTACCATATACTACGCAGACTCTGTGAAGGGCCGATTCACCATCTCCAGGGACAACGCCAAGAACTCACTGTATCTGCAAATGAACAGCCTGAGAGCCGAGGACACGGCTGTGTATTACTGTGCGAGAGACACAGTGAGGGGAGGTCAGTGTGAGCCCAGACACAAACCTCCCTGCAGG
W-34.bam,W,34.bam,1,2,IGHV3-11,,IGHV3-11*04,IGHV3-11*04,100.0,CAGGTGCAGCTGGTGGAGTCTGGGGGAGGCTTGGTCAAGCCTGGAGGGTCCCTGAGACTCTCCTGTGCAGCCTCTGGATTCACCTTCAGTGACTACTACATGAGCTGGATCCGCCAGGCTCCAGGGAAGGGGCTGGAGTGGGTTTCATACATTAGTAGTAGTGGTAGTACCATATACTACGCAGACTCTGTGAAGGGCCGATTCACCATCTCCAGGGACAACGCCAAGAACTCACTGTATCTGCAAATGAACAGCCTGAGAGCCGAGGACACGGCTGTGTATTACTGTGCGAGAGA,False,ATGGAGTTTGGGCTGAGCTGGGTTTTCCTTGTTGCTATTATAAAAG,GTGATTTATGGAGAACTAGAGACATTGAGTGGACGTGAGTGAGATAAGCAGTGAATATATGTGGCAGTTTCTGACCAGGTTGTCTCTGTGTTTGCAG,GTGTCCAGTGT,CAGGTGCAGCTGGTGGAGTCTGGGGGAGGCTTGGTCAAGCCTGGAGGGTCCCTGAGACTCTCCTGTGCAGCCTCTGGATTCACCTTCAGTGACTACTACATGAGCTGGATCCGCCAGGCTCCAGGGAAGGGGCTGGAGTGGGTTTCATACATTAGTAGTAGTGGTAGTACCATATACTACGCAGACTCTGTGAAGGGCCGATTCACCATCTCCAGGGACAACGCCAAGAACTCACTGTATCTGCAAATGAACAGCCTGAGAGCCGAGGACACGGCTGTGTATTACTGTGCGAGAGA,CAGGTGCAGCTGGTGGAGTCTGGGGGA...GGCTTGGTCAAGCCTGGAGGGTCCCTGAGACTCTCCTGTGCAGCCTCTGGATTCACCTTC............AGTGACTACTACATGAGCTGGATCCGCCAGGCTCCAGGGAAGGGGCTGGAGTGGGTTTCATACATTAGTAGTAGT......GGTAGTACCATATACTACGCAGACTCTGTGAAG...GGCCGATTCACCATCTCCAGGGACAACGCCAAGAACTCACTGTATCTGCAAATGAACAGCCTGAGAGCCGAGGACACGGCTGTGTATTACTGTGCGAGAGA,296M,CACAGTG,AGGGGAGGTCAGTGTGAGCCCAG,ACACAAACC,,,,,,,,,,,,,,,,,AGGACTCACCATGGAGTTTGGGCTGAGCTGGGTTTTCCTTGTTGCTATTATAAAAGGTGATTTATGGAGAACTAGAGACATTGAGTGGACGTGAGTGAGATAAGCAGTGAATATATGTGGCAGTTTCTGACCAGGTTGTCTCTGTGTTTGCAGGTGTCCAGTGTCAGGTGCAGCTGGTGGAGTCTGGGGGAGGCTTGGTCAAGCCTGGAGGGTCCCTGAGACTCTCCTGTGCAGCCTCTGGATTCACCTTCAGTGACTACTACATGAGCTGGATCCGCCAGGCTCCAGGGAAGGGGCTGGAGTGGGTTTCATACATTAGTAGTAGTGGTAGTACCATATACTACGCAGACTCTGTGAAGGGCCGATTCACCATCTCCAGGGACAACGCCAAGAACTCACTGTATCTGCAAATGAACAGCCTGAGAGCCGAGGACACGGCTGTGTATTACTGTGCGAGAGACACAGTGAGGGGAGGTCAGTGTGAGCCCAGACACAAACCTCCCTGCAGG
W-34.bam,W,34.bam,1,1,IGHV3-13,,IGHV3-13*01_c77g_g224a,IGHV3-13*01,99.32,GAGGTGCAGCTGGTGGAGTCTGGGGGAGGCTTGGTACAGCCTGGGGGGTCCCTGAGACTCTCCTGTGCAGCCTCTGGATTCACCTTCAGTAGCTACGACATGCACTGGGTCCGCCAAGCTACAGGAAAAGGTCTGGAGTGGGTCTCAGCTATTGGTACTGCTGGTGACACATACTATCCAGGCTCCGTGAAGGGCCGATTCACCATCTCCAGAGAAAATGCCAAGAACTCCTTGTATCTTCAAATGAACAGCCTGAGAGCCGGGGACACGGCTGTGTATTACTGTGCAAGAGA,False,ATGGAGTTGGGGCTGAGCTGGGTTTTCCTTGTTGCTATATTAGAAG,GTGATTCATGGAGAACTAGAGATATTGAGTGTGAATGGGCATGAATGAGAGAAACAGTGGGTATGTGTGGCAATTTCTGACTTTTGTGTCTCTGTGTTTGCAG,GTGTCCAGTGT,GAGGTGCAGCTGGTGGAGTCTGGGGGAGGCTTGGTACAGCCTGGGGGGTCCCTGAGACTCTCCTGTGCAGCCTGTGGATTCACCTTCAGTAGCTACGACATGCACTGGGTCCGCCAAGCTACAGGAAAAGGTCTGGAGTGGGTCTCAGCTATTGGTACTGCTGGTGACACATACTATCCAGGCTCCGTGAAGGGCCAATTCACCATCTCCAGAGAAAATGCCAAGAACTCCTTGTATCTTCAAATGAACAGCCTGAGAGCCGGGGACACGGCTGTGTATTACTGTGCAAGAGA,GAGGTGCAGCTGGTGGAGTCTGGGGGA...GGCTTGGTACAGCCTGGGGGGTCCCTGAGACTCTCCTGTGCAGCCTGTGGATTCACCTTC............AGTAGCTACGACATGCACTGGGTCCGCCAAGCTACAGGAAAAGGTCTGGAGTGGGTCTCAGCTATTGGTACTGCT.........GGTGACACATACTATCCAGGCTCCGTGAAG...GGCCAATTCACCATCTCCAGAGAAAATGCCAAGAACTCCTTGTATCTTCAAATGAACAGCCTGAGAGCCGGGGACACGGCTGTGTATTACTGTGCAAGAGA,293M,CACAGTG,AGGGGAAGTCAGTATGAGCCCAG,ACACAAACC,,,,,,,,,,,,,,,,,AGGACTCACCATGGAGTTGGGGCTGAGCTGGGTTTTCCTTGTTGCTATATTAGAAGGTGATTCATGGAGAACTAGAGATATTGAGTGTGAATGGGCATGAATGAGAGAAACAGTGGGTATGTGTGGCAATTTCTGACTTTTGTGTCTCTGTGTTTGCAGGTGTCCAGTGTGAGGTGCAGCTGGTGGAGTCTGGGGGAGGCTTGGTACAGCCTGGGGGGTCCCTGAGACTCTCCTGTGCAGCCTGTGGATTCACCTTCAGTAGCTACGACATGCACTGGGTCCGCCAAGCTACAGGAAAAGGTCTGGAGTGGGTCTCAGCTATTGGTACTGCTGGTGACACATACTATCCAGGCTCCGTGAAGGGCCAATTCACCATCTCCAGAGAAAATGCCAAGAACTCCTTGTATCTTCAAATGAACAGCCTGAGAGCCGGGGACACGGCTGTGTATTACTGTGCAAGAGACACAGTGAGGGGAAGTCAGTATGAGCCCAGACACAAACCTCCCTGCAGA
W-34.bam,W,34.bam,1,2,IGHV3-13,,IGHV3-13*01_c77g_g224a,IGHV3-13*01,99.32,GAGGTGCAGCTGGTGGAGTCTGGGGGAGGCTTGGTACAGCCTGGGGGGTCCCTGAGACTCTCCTGTGCAGCCTCTGGATTCACCTTCAGTAGCTACGACATGCACTGGGTCCGCCAAGCTACAGGAAAAGGTCTGGAGTGGGTCTCAGCTATTGGTACTGCTGGTGACACATACTATCCAGGCTCCGTGAAGGGCCGATTCACCATCTCCAGAGAAAATGCCAAGAACTCCTTGTATCTTCAAATGAACAGCCTGAGAGCCGGGGACACGGCTGTGTATTACTGTGCAAGAGA,False,ATGGAGTTGGGGCTGAGCTGGGTTTTCCTTGTTGCTATATTAGAAG,GTGATTCATGGAGAACTAGAGATATTGAGTGTGAATGGGCATGAATGAGAGAAACAGTGGGTATGTGTGGCAATTTCTGACTTTTGTGTCTCTGTGTTTGCAG,GTGTCCAGTGT,GAGGTGCAGCTGGTGGAGTCTGGGGGAGGCTTGGTACAGCCTGGGGGGTCCCTGAGACTCTCCTGTGCAGCCTGTGGATTCACCTTCAGTAGCTACGACATGCACTGGGTCCGCCAAGCTACAGGAAAAGGTCTGGAGTGGGTCTCAGCTATTGGTACTGCTGGTGACACATACTATCCAGGCTCCGTGAAGGGCCAATTCACCATCTCCAGAGAAAATGCCAAGAACTCCTTGTATCTTCAAATGAACAGCCTGAGAGCCGGGGACACGGCTGTGTATTACTGTGCAAGAGA,GAGGTGCAGCTGGTGGAGTCTGGGGGA...GGCTTGGTACAGCCTGGGGGGTCCCTGAGACTCTCCTGTGCAGCCTGTGGATTCACCTTC............AGTAGCTACGACATGCACTGGGTCCGCCAAGCTACAGGAAAAGGTCTGGAGTGGGTCTCAGCTATTGGTACTGCT.........GGTGACACATACTATCCAGGCTCCGTGAAG...GGCCAATTCACCATCTCCAGAGAAAATGCCAAGAACTCCTTGTATCTTCAAATGAACAGCCTGAGAGCCGGGGACACGGCTGTGTATTACTGTGCAAGAGA,293M,CACAGTG,AGGGGAAGTCAGTATGAGCCCAG,ACACAAACC,,,,,,,,,,,,,,,,,AGGACTCACCATGGAGTTGGGGCTGAGCTGGGTTTTCCTTGTTGCTATATTAGAAGGTGATTCATGGAGAACTAGAGATATTGAGTGTGAATGGGCATGAATGAGAGAAACAGTGGGTATGTGTGGCAATTTCTGACTTTTGTGTCTCTGTGTTTGCAGGTGTCCAGTGTGAGGTGCAGCTGGTGGAGTCTGGGGGAGGCTTGGTACAGCCTGGGGGGTCCCTGAGACTCTCCTGTGCAGCCTGTGGATTCACCTTCAGTAGCTACGACATGCACTGGGTCCGCCAAGCTACAGGAAAAGGTCTGGAGTGGGTCTCAGCTATTGGTACTGCTGGTGACACATACTATCCAGGCTCCGTGAAGGGCCAATTCACCATCTCCAGAGAAAATGCCAAGAACTCCTTGTATCTTCAAATGAACAGCCTGAGAGCCGGGGACACGGCTGTGTATTACTGTGCAAGAGACACAGTGAGGGGAAGTCAGTATGAGCCCAGACACAAACCTCCCTGCAGA
W-34.bam,W,34.bam,1,2,IGHV3-15,,IGHV3-15*01,IGHV3-15*01,100.0,GAGGTGCAGCTGGTGGAGTCTGGGGGAGGCTTGGTAAAGCCTGGGGGGTCCCTTAGACTCTCCTGTGCAGCCTCTGGATTCACTTTCAGTAACGCCTGGATGAGCTGGGTCCGCCAGGCTCCAGGGAAGGGGCTGGAGTGGGTTGGCCGTATTAAAAGCAAAACTGATGGTGGGACAACAGACTACGCTGCACCCGTGAAAGGCAGATTCACCATCTCAAGAGATGATTCAAAAAACACGCTGTATCTGCAAATGAACAGCCTGAAAACCGAGGACACAGCCGTGTATTACTGTACCACAGA,False,ATGGAGTTTGGGCTGAGCTGGATTTTCCTTGCTGCTATTTTAAAAG,GTGATTTATGGAGAACTAGAGAGATTAAGTGTGAGTGGACGTGAGTGAGAGAAACAGTGGATATGTGTGGCAGTTTCTGATCTTAGTGTCTCTGTGTTTGCAG,GTGTCCAGTGT,GAGGTGCAGCTGGTGGAGTCTGGGGGAGGCTTGGTAAAGCCTGGGGGGTCCCTTAGACTCTCCTGTGCAGCCTCTGGATTCACTTTCAGTAACGCCTGGATGAGCTGGGTCCGCCAGGCTCCAGGGAAGGGGCTGGAGTGGGTTGGCCGTATTAAAAGCAAAACTGATGGTGGGACAACAGACTACGCTGCACCCGTGAAAGGCAGATTCACCATCTCAAGAGATGATTCAAAAAACACGCTGTATCTGCAAATGAACAGCCTGAAAACCGAGGACACAGCCGTGTATTACTGTACCACAGA,GAGGTGCAGCTGGTGGAGTCTGGGGGA...GGCTTGGTAAAGCCTGGGGGGTCCCTTAGACTCTCCTGTGCAGCCTCTGGATTCACTTTC............AGTAACGCCTGGATGAGCTGGGTCCGCCAGGCTCCAGGGAAGGGGCTGGAGTGGGTTGGCCGTATTAAAAGCAAAACTGATGGTGGGACAACAGACTACGCTGCACCCGTGAAA...GGCAGATTCACCATCTCAAGAGATGATTCAAAAAACACGCTGTATCTGCAAATGAACAGCCTGAAAACCGAGGACACAGCCGTGTATTACTGTACCACAGA,302M,CACAGTG,AGGGGAGGTCAGTGTGAGCCCGG,ACACAAACC,,,,,,,,,,,,,,,,,AGGACTCACCATGGAGTTTGGGCTGAGCTGGATTTTCCTTGCTGCTATTTTAAAAGGTGATTTATGGAGAACTAGAGAGATTAAGTGTGAGTGGACGTGAGTGAGAGAAACAGTGGATATGTGTGGCAGTTTCTGATCTTAGTGTCTCTGTGTTTGCAGGTGTCCAGTGTGAGGTGCAGCTGGTGGAGTCTGGGGGAGGCTTGGTAAAGCCTGGGGGGTCCCTTAGACTCTCCTGTGCAGCCTCTGGATTCACTTTCAGTAACGCCTGGATGAGCTGGGTCCGCCAGGCTCCAGGGAAGGGGCTGGAGTGGGTTGGCCGTATTAAAAGCAAAACTGATGGTGGGACAACAGACTACGCTGCACCCGTGAAAGGCAGATTCACCATCTCAAGAGATGATTCAAAAAACACGCTGTATCTGCAAATGAACAGCCTGAAAACCGAGGACACAGCCGTGTATTACTGTACCACAGACACAGTGAGGGGAGGTCAGTGTGAGCCCGGACACAAACCTCCCTGCAGG
W-34.bam,W,34.bam,1,1,IGHV3-15,,IGHV3-15*01,IGHV3-15*01,100.0,GAGGTGCAGCTGGTGGAGTCTGGGGGAGGCTTGGTAAAGCCTGGGGGGTCCCTTAGACTCTCCTGTGCAGCCTCTGGATTCACTTTCAGTAACGCCTGGATGAGCTGGGTCCGCCAGGCTCCAGGGAAGGGGCTGGAGTGGGTTGGCCGTATTAAAAGCAAAACTGATGGTGGGACAACAGACTACGCTGCACCCGTGAAAGGCAGATTCACCATCTCAAGAGATGATTCAAAAAACACGCTGTATCTGCAAATGAACAGCCTGAAAACCGAGGACACAGCCGTGTATTACTGTACCACAGA,False,ATGGAGTTTGGGCTGAGCTGGATTTTCCTTGCTGCTATTTTAAAAG,GTGATTTATGGAGAACTAGAGAGATTAAGTGTGAGTGGACGTGAGTGAGAGAAACAGTGGATATGTGTGGCAGTTTCTGATCTTAGTGTCTCTGTGTTTGCAG,GTGTCCAGTGT,GAGGTGCAGCTGGTGGAGTCTGGGGGAGGCTTGGTAAAGCCTGGGGGGTCCCTTAGACTCTCCTGTGCAGCCTCTGGATTCACTTTCAGTAACGCCTGGATGAGCTGGGTCCGCCAGGCTCCAGGGAAGGGGCTGGAGTGGGTTGGCCGTATTAAAAGCAAAACTGATGGTGGGACAACAGACTACGCTGCACCCGTGAAAGGCAGATTCACCATCTCAAGAGATGATTCAAAAAACACGCTGTATCTGCAAATGAACAGCCTGAAAACCGAGGACACAGCCGTGTATTACTGTACCACAGA,GAGGTGCAGCTGGTGGAGTCTGGGGGA...GGCTTGGTAAAGCCTGGGGGGTCCCTTAGACTCTCCTGTGCAGCCTCTGGATTCACTTTC............AGTAACGCCTGGATGAGCTGGGTCCGCCAGGCTCCAGGGAAGGGGCTGGAGTGGGTTGGCCGTATTAAAAGCAAAACTGATGGTGGGACAACAGACTACGCTGCACCCGTGAAA...GGCAGATTCACCATCTCAAGAGATGATTCAAAAAACACGCTGTATCTGCAAATGAACAGCCTGAAAACCGAGGACACAGCCGTGTATTACTGTACCACAGA,302M,CACAGTG,AGGGGAGGTCAGTGTGAGCCCGG,ACACAAACC,,,,,,,,,,,,,,,,,AGGACTCACCATGGAGTTTGGGCTGAGCTGGATTTTCCTTGCTGCTATTTTAAAAGGTGATTTATGGAGAACTAGAGAGATTAAGTGTGAGTGGACGTGAGTGAGAGAAACAGTGGATATGTGTGGCAGTTTCTGATCTTAGTGTCTCTGTGTTTGCAGGTGTCCAGTGTGAGGTGCAGCTGGTGGAGTCTGGGGGAGGCTTGGTAAAGCCTGGGGGGTCCCTTAGACTCTCCTGTGCAGCCTCTGGATTCACTTTCAGTAACGCCTGGATGAGCTGGGTCCGCCAGGCTCCAGGGAAGGGGCTGGAGTGGGTTGGCCGTATTAAAAGCAAAACTGATGGTGGGACAACAGACTACGCTGCACCCGTGAAAGGCAGATTCACCATCTCAAGAGATGATTCAAAAAACACGCTGTATCTGCAAATGAACAGCCTGAAAACCGAGGACACAGCCGTGTATTACTGTACCACAGACACAGTGAGGGGAGGTCAGTGTGAGCCCGGACACAAACCTCCCTGCAGG
W-34.bam,W,34.bam,1,2,IGHV3-16,,IGHV3-16*02_g59t_g151a,IGHV3-16*02,99.32,GAGGTGCAGCTGGTGGAGTCTGGGGGAGGCTTGGTACAGCCTGGGGGGTCCCTGAGACTCTCCTGTGCAGCCTCTGGATTCACCTTCAGTAACAGTGACATGAACTGGGCCCGCAAGGCTCCAGGAAAGGGGCTGGAGTGGGTATCGGGTGTTAGTTGGAATGGCAGTAGGACGCACTATGTGGACTCCGTGAAGCGCCGATTCATCATCTCCAGAGACAATTCCAGGAACTCCCTGTATCTGCAAAAGAACAGACGGAGAGCCGAGGACATGGCTGTGTATTACTGTGTGAGAAA,False,ATGGAATTTGGGCTGAGCTGGGTTTTTCTTGCTGGTATTTTAAAAG,GTGATTCATGGAGAACTAAGGATATTGAGTGAGTGGACATGAGTGAGAGAAACAGTGGATATGTGTGGCAGTTTCTGACCAGGGTGTCTCTGTGTTTGCAG,GTGTCCAGTGT,GAGGTGCAGCTGGTGGAGTCTGGGGGAGGCTTGGTACAGCCTGGGGGGTCCCTGATACTCTCCTGTGCAGCCTCTGGATTCACCTTCAGTAACAGTGACATGAACTGGGCCCGCAAGGCTCCAGGAAAGGGGCTGAAGTGGGTATCGGGTGTTAGTTGGAATGGCAGTAGGACGCACTATGTGGACTCCGTGAAGCGCCGATTCATCATCTCCAGAGACAATTCCAGGAACTCCCTGTATCTGCAAAAGAACAGACGGAGAGCCGAGGACATGGCTGTGTATTACTGTGTGAGAAA,GAGGTGCAGCTGGTGGAGTCTGGGGGA...GGCTTGGTACAGCCTGGGGGGTCCCTGATACTCTCCTGTGCAGCCTCTGGATTCACCTTC............AGTAACAGTGACATGAACTGGGCCCGCAAGGCTCCAGGAAAGGGGCTGAAGTGGGTATCGGGTGTTAGTTGGAAT......GGCAGTAGGACGCACTATGTGGACTCCGTGAAG...CGCCGATTCATCATCTCCAGAGACAATTCCAGGAACTCCCTGTATCTGCAAAAGAACAGACGGAGAGCCGAGGACATGGCTGTGTATTACTGTGTGAGAAA,296M,TCCTGTG,AGGGGACACAAGTGCGAGCCCAG,ACACAAACC,,,,,,,,,,,,,,,,,ACAAATTACCATGGAATTTGGGCTGAGCTGGGTTTTTCTTGCTGGTATTTTAAAAGGTGATTCATGGAGAACTAAGGATATTGAGTGAGTGGACATGAGTGAGAGAAACAGTGGATATGTGTGGCAGTTTCTGACCAGGGTGTCTCTGTGTTTGCAGGTGTCCAGTGTGAGGTGCAGCTGGTGGAGTCTGGGGGAGGCTTGGTACAGCCTGGGGGGTCCCTGATACTCTCCTGTGCAGCCTCTGGATTCACCTTCAGTAACAGTGACATGAACTGGGCCCGCAAGGCTCCAGGAAAGGGGCTGAAGTGGGTATCGGGTGTTAGTTGGAATGGCAGTAGGACGCACTATGTGGACTCCGTGAAGCGCCGATTCATCATCTCCAGAGACAATTCCAGGAACTCCCTGTATCTGCAAAAGAACAGACGGAGAGCCGAGGACATGGCTGTGTATTACTGTGTGAGAAATCCTGTGAGGGGACACAAGTGCGAGCCCAGACACAAACCTCCTGCAGGA
W-34.bam,W,34.bam,1,1,IGHV3-16,,IGHV3-16*02_g59t_g151a,IGHV3-16*02,99.32,GAGGTGCAGCTGGTGGAGTCTGGGGGAGGCTTGGTACAGCCTGGGGGGTCCCTGAGACTCTCCTGTGCAGCCTCTGGATTCACCTTCAGTAACAGTGACATGAACTGGGCCCGCAAGGCTCCAGGAAAGGGGCTGGAGTGGGTATCGGGTGTTAGTTGGAATGGCAGTAGGACGCACTATGTGGACTCCGTGAAGCGCCGATTCATCATCTCCAGAGACAATTCCAGGAACTCCCTGTATCTGCAAAAGAACAGACGGAGAGCCGAGGACATGGCTGTGTATTACTGTGTGAGAAA,False,ATGGAATTTGGGCTGAGCTGGGTTTTTCTTGCTGGTATTTTAAAAG,GTGATTCATGGAGAACTAAGGATATTGAGTGAGTGGACATGAGTGAGAGAAACAGTGGATATGTGTGGCAGTTTCTGACCAGGGTGTCTCTGTGTTTGCAG,GTGTCCAGTGT,GAGGTGCAGCTGGTGGAGTCTGGGGGAGGCTTGGTACAGCCTGGGGGGTCCCTGATACTCTCCTGTGCAGCCTCTGGATTCACCTTCAGTAACAGTGACATGAACTGGGCCCGCAAGGCTCCAGGAAAGGGGCTGAAGTGGGTATCGGGTGTTAGTTGGAATGGCAGTAGGACGCACTATGTGGACTCCGTGAAGCGCCGATTCATCATCTCCAGAGACAATTCCAGGAACTCCCTGTATCTGCAAAAGAACAGACGGAGAGCCGAGGACATGGCTGTGTATTACTGTGTGAGAAA,GAGGTGCAGCTGGTGGAGTCTGGGGGA...GGCTTGGTACAGCCTGGGGGGTCCCTGATACTCTCCTGTGCAGCCTCTGGATTCACCTTC............AGTAACAGTGACATGAACTGGGCCCGCAAGGCTCCAGGAAAGGGGCTGAAGTGGGTATCGGGTGTTAGTTGGAAT......GGCAGTAGGACGCACTATGTGGACTCCGTGAAG...CGCCGATTCATCATCTCCAGAGACAATTCCAGGAACTCCCTGTATCTGCAAAAGAACAGACGGAGAGCCGAGGACATGGCTGTGTATTACTGTGTGAGAAA,296M,TCCTGTG,AGGGGACACAAGTGCGAGCCCAG,ACACAAACC,,,,,,,,,,,,,,,,,ACAAATTACCATGGAATTTGGGCTGAGCTGGGTTTTTCTTGCTGGTATTTTAAAAGGTGATTCATGGAGAACTAAGGATATTGAGTGAGTGGACATGAGTGAGAGAAACAGTGGATATGTGTGGCAGTTTCTGACCAGGGTGTCTCTGTGTTTGCAGGTGTCCAGTGTGAGGTGCAGCTGGTGGAGTCTGGGGGAGGCTTGGTACAGCCTGGGGGGTCCCTGATACTCTCCTGTGCAGCCTCTGGATTCACCTTCAGTAACAGTGACATGAACTGGGCCCGCAAGGCTCCAGGAAAGGGGCTGAAGTGGGTATCGGGTGTTAGTTGGAATGGCAGTAGGACGCACTATGTGGACTCCGTGAAGCGCCGATTCATCATCTCCAGAGACAATTCCAGGAACTCCCTGTATCTGCAAAAGAACAGACGGAGAGCCGAGGACATGGCTGTGTATTACTGTGTGAGAAATCCTGTGAGGGGACACAAGTGCGAGCCCAGACACAAACCTCCTGCAGGA
W-34.bam,W,34.bam,1,1,IGHV1-18,,IGHV1-18*01,IGHV1-18*01,100.0,CAGGTTCAGCTGGTGCAGTCTGGAGCTGAGGTGAAGAAGCCTGGGGCCTCAGTGAAGGTCTCCTGCAAGGCTTCTGGTTACACCTTTACCAGCTATGGTATCAGCTGGGTGCGACAGGCCCCTGGACAAGGGCTTGAGTGGATGGGATGGATCAGCGCTTACAATGGTAACACAAACTATGCACAGAAGCTCCAGGGCAGAGTCACCATGACCACAGACACATCCACGAGCACAGCCTACATGGAGCTGAGGAGCCTGAGATCTGACGACACGGCCGTGTATTACTGTGCGAGAGA,False,ATGGACTGGACCTGGAGCATCCTTTTCTTGGTGGCAGCAGCAACAG,GTAACGGACTCCCCAGTCCCAGGGCTGAGAGAGAAACCAGGCCAGTCATGTGAGACTTCACCCACTCCTGTGTCCTCTCCACAG,GTGCCCACTCC,CAGGTTCAGCTGGTGCAGTCTGGAGCTGAGGTGAAGAAGCCTGGGGCCTCAGTGAAGGTCTCCTGCAAGGCTTCTGGTTACACCTTTACCAGCTATGGTATCAGCTGGGTGCGACAGGCCCCTGGACAAGGGCTTGAGTGGATGGGATGGATCAGCGCTTACAATGGTAACACAAACTATGCACAGAAGCTCCAGGGCAGAGTCACCATGACCACAGACACATCCACGAGCACAGCCTACATGGAGCTGAGGAGCCTGAGATCTGACGACACGGCCGTGTATTACTGTGCGAGAGA,CAGGTTCAGCTGGTGCAGTCTGGAGCT...GAGGTGAAGAAGCCTGGGGCCTCAGTGAAGGTCTCCTGCAAGGCTTCTGGTTACACCTTT............ACCAGCTATGGTATCAGCTGGGTGCGACAGGCCCCTGGACAAGGGCTTGAGTGGATGGGATGGATCAGCGCTTAC......AATGGTAACACAAACTATGCACAGAAGCTCCAG...GGCAGAGTCACCATGACCACAGACACATCCACGAGCACAGCCTACATGGAGCTGAGGAGCCTGAGATCTGACGACACGGCCGTGTATTACTGTGCGAGAGA,296M,CACAGTG,TGAAAACCCACATCCTGAGGGTT,TCAGAAACC,,,,,,,,,,,,,,,,,GCTCCTCACCATGGACTGGACCTGGAGCATCCTTTTCTTGGTGGCAGCAGCAACAGGTAACGGACTCCCCAGTCCCAGGGCTGAGAGAGAAACCAGGCCAGTCATGTGAGACTTCACCCACTCCTGTGTCCTCTCCACAGGTGCCCACTCCCAGGTTCAGCTGGTGCAGTCTGGAGCTGAGGTGAAGAAGCCTGGGGCCTCAGTGAAGGTCTCCTGCAAGGCTTCTGGTTACACCTTTACCAGCTATGGTATCAGCTGGGTGCGACAGGCCCCTGGACAAGGGCTTGAGTGGATGGGATGGATCAGCGCTTACAATGGTAACACAAACTATGCACAGAAGCTCCAGGGCAGAGTCACCATGACCACAGACACATCCACGAGCACAGCCTACATGGAGCTGAGGAGCCTGAGATCTGACGACACGGCCGTGTATTACTGTGCGAGAGACACAGTGTGAAAACCCACATCCTGAGGGTTTCAGAAACCCCAGGGAGGA
W-34.bam,W,34.bam,1,2,IGHV1-18,,IGHV1-18*01,IGHV1-18*01,100.0,CAGGTTCAGCTGGTGCAGTCTGGAGCTGAGGTGAAGAAGCCTGGGGCCTCAGTGAAGGTCTCCTGCAAGGCTTCTGGTTACACCTTTACCAGCTATGGTATCAGCTGGGTGCGACAGGCCCCTGGACAAGGGCTTGAGTGGATGGGATGGATCAGCGCTTACAATGGTAACACAAACTATGCACAGAAGCTCCAGGGCAGAGTCACCATGACCACAGACACATCCACGAGCACAGCCTACATGGAGCTGAGGAGCCTGAGATCTGACGACACGGCCGTGTATTACTGTGCGAGAGA,False,ATGGACTGGACCTGGAGCATCCTTTTCTTGGTGGCAGCAGCAACAG,GTAACGGACTCCCCAGTCCCAGGGCTGAGAGAGAAACCAGGCCAGTCATGTGAGACTTCACCCACTCCTGTGTCCTCTCCACAG,GTGCCCACTCC,CAGGTTCAGCTGGTGCAGTCTGGAGCTGAGGTGAAGAAGCCTGGGGCCTCAGTGAAGGTCTCCTGCAAGGCTTCTGGTTACACCTTTACCAGCTATGGTATCAGCTGGGTGCGACAGGCCCCTGGACAAGGGCTTGAGTGGATGGGATGGATCAGCGCTTACAATGGTAACACAAACTATGCACAGAAGCTCCAGGGCAGAGTCACCATGACCACAGACACATCCACGAGCACAGCCTACATGGAGCTGAGGAGCCTGAGATCTGACGACACGGCCGTGTATTACTGTGCGAGAGA,CAGGTTCAGCTGGTGCAGTCTGGAGCT...GAGGTGAAGAAGCCTGGGGCCTCAGTGAAGGTCTCCTGCAAGGCTTCTGGTTACACCTTT............ACCAGCTATGGTATCAGCTGGGTGCGACAGGCCCCTGGACAAGGGCTTGAGTGGATGGGATGGATCAGCGCTTAC......AATGGTAACACAAACTATGCACAGAAGCTCCAG...GGCAGAGTCACCATGACCACAGACACATCCACGAGCACAGCCTACATGGAGCTGAGGAGCCTGAGATCTGACGACACGGCCGTGTATTACTGTGCGAGAGA,296M,CACAGTG,TGAAAACCCACATCCTGAGGGTT,TCAGAAACC,,,,,,,,,,,,,,,,,GCTCCTCACCATGGACTGGACCTGGAGCATCCTTTTCTTGGTGGCAGCAGCAACAGGTAACGGACTCCCCAGTCCCAGGGCTGAGAGAGAAACCAGGCCAGTCATGTGAGACTTCACCCACTCCTGTGTCCTCTCCACAGGTGCCCACTCCCAGGTTCAGCTGGTGCAGTCTGGAGCTGAGGTGAAGAAGCCTGGGGCCTCAGTGAAGGTCTCCTGCAAGGCTTCTGGTTACACCTTTACCAGCTATGGTATCAGCTGGGTGCGACAGGCCCCTGGACAAGGGCTTGAGTGGATGGGATGGATCAGCGCTTACAATGGTAACACAAACTATGCACAGAAGCTCCAGGGCAGAGTCACCATGACCACAGACACATCCACGAGCACAGCCTACATGGAGCTGAGGAGCCTGAGATCTGACGACACGGCCGTGTATTACTGTGCGAGAGACACAGTGTGAAAACCCACATCCTGAGGGTTTCAGAAACCCCAGGGAGGA
W-34.bam,W,34.bam,1,1,IGHV3-20,,IGHV3-20*04,IGHV3-20*04,100.0,GAGGTGCAGCTGGTGGAGTCTGGGGGAGGTGTGGTACGGCCTGGGGGGTCCCTGAGACTCTCCTGTGCAGCCTCTGGATTCACCTTTGATGATTATGGCATGAGCTGGGTCCGCCAAGCTCCAGGGAAGGGGCTGGAGTGGGTCTCTGGTATTAATTGGAATGGTGGTAGCACAGGTTATGCAGACTCTGTGAAGGGCCGATTCACCATCTCCAGAGACAACGCCAAGAACTCCCTGTATCTGCAAATGAACAGTCTGAGAGCCGAGGACACGGCCTTGTATTACTGTGCGAGAGA,False,ATGGAGTTTGGGCTGAGCTGGGTTTTCCTTGTTGCTATTTTAAAAG,GTGATTCATGGATCAATAGAGATGTTGAGTGTGAGTGAACACGAGTGAGAGAAACAGTGGATTTGTGTGGCAGTTTCTGACCAGGGTGTCTCTGTGTTTGCAG,GTGTCCAGTGT,GAGGTGCAGCTGGTGGAGTCTGGGGGAGGTGTGGTACGGCCTGGGGGGTCCCTGAGACTCTCCTGTGCAGCCTCTGGATTCACCTTTGATGATTATGGCATGAGCTGGGTCCGCCAAGCTCCAGGGAAGGGGCTGGAGTGGGTCTCTGGTATTAATTGGAATGGTGGTAGCACAGGTTATGCAGACTCTGTGAAGGGCCGATTCACCATCTCCAGAGACAACGCCAAGAACTCCCTGTATCTGCAAATGAACAGTCTGAGAGCCGAGGACACGGCCTTGTATTACTGTGCGAGAGA,GAGGTGCAGCTGGTGGAGTCTGGGGGA...GGTGTGGTACGGCCTGGGGGGTCCCTGAGACTCTCCTGTGCAGCCTCTGGATTCACCTTT............GATGATTATGGCATGAGCTGGGTCCGCCAAGCTCCAGGGAAGGGGCTGGAGTGGGTCTCTGGTATTAATTGGAAT......GGTGGTAGCACAGGTTATGCAGACTCTGTGAAG...GGCCGATTCACCATCTCCAGAGACAACGCCAAGAACTCCCTGTATCTGCAAATGAACAGTCTGAGAGCCGAGGACACGGCCTTGTATTACTGTGCGAGAGA,296M,CACAGTG,AGGGGAAGCCAGTGAGAGCCCAG,ACACAAACG,,,,,,,,,,,,,,,,,AGGACTCGCCATGGAGTTTGGGCTGAGCTGGGTTTTCCTTGTTGCTATTTTAAAAGGTGATTCATGGATCAATAGAGATGTTGAGTGTGAGTGAACACGAGTGAGAGAAACAGTGGATTTGTGTGGCAGTTTCTGACCAGGGTGTCTCTGTGTTTGCAGGTGTCCAGTGTGAGGTGCAGCTGGTGGAGTCTGGGGGAGGTGTGGTACGGCCTGGGGGGTCCCTGAGACTCTCCTGTGCAGCCTCTGGATTCACCTTTGATGATTATGGCATGAGCTGGGTCCGCCAAGCTCCAGGGAAGGGGCTGGAGTGGGTCTCTGGTATTAATTGGAATGGTGGTAGCACAGGTTATGCAGACTCTGTGAAGGGCCGATTCACCATCTCCAGAGACAACGCCAAGAACTCCCTGTATCTGCAAATGAACAGTCTGAGAGCCGAGGACACGGCCTTGTATTACTGTGCGAGAGACACAGTGAGGGGAAGCCAGTGAGAGCCCAGACACAAACGTCCCTGCAGG
W-34.bam,W,34.bam,1,2,IGHV3-20,,IGHV3-20*01,IGHV3-20*01,100.0,GAGGTGCAGCTGGTGGAGTCTGGGGGAGGTGTGGTACGGCCTGGGGGGTCCCTGAGACTCTCCTGTGCAGCCTCTGGATTCACCTTTGATGATTATGGCATGAGCTGGGTCCGCCAAGCTCCAGGGAAGGGGCTGGAGTGGGTCTCTGGTATTAATTGGAATGGTGGTAGCACAGGTTATGCAGACTCTGTGAAGGGCCGATTCACCATCTCCAGAGACAACGCCAAGAACTCCCTGTATCTGCAAATGAACAGTCTGAGAGCCGAGGACACGGCCTTGTATCACTGTGCGAGAGA,False,ATGGAGTTTGGGCTGAGCTGGGTTTTCCTTGTTGCTATTTTAAAAG,GTGATTCATGGATCAATAGAGATGTTGAGTGTGAGTGAACACGAGTGAGAGAAACAGTGGATTTGTGTGGCAGTTTCTGACCAGGGTGTCTCTGTGTTTGCAG,GTGTCCAGTGT,GAGGTGCAGCTGGTGGAGTCTGGGGGAGGTGTGGTACGGCCTGGGGGGTCCCTGAGACTCTCCTGTGCAGCCTCTGGATTCACCTTTGATGATTATGGCATGAGCTGGGTCCGCCAAGCTCCAGGGAAGGGGCTGGAGTGGGTCTCTGGTATTAATTGGAATGGTGGTAGCACAGGTTATGCAGACTCTGTGAAGGGCCGATTCACCATCTCCAGAGACAACGCCAAGAACTCCCTGTATCTGCAAATGAACAGTCTGAGAGCCGAGGACACGGCCTTGTATCACTGTGCGAGAGA,GAGGTGCAGCTGGTGGAGTCTGGGGGA...GGTGTGGTACGGCCTGGGGGGTCCCTGAGACTCTCCTGTGCAGCCTCTGGATTCACCTTT............GATGATTATGGCATGAGCTGGGTCCGCCAAGCTCCAGGGAAGGGGCTGGAGTGGGTCTCTGGTATTAATTGGAAT......GGTGGTAGCACAGGTTATGCAGACTCTGTGAAG...GGCCGATTCACCATCTCCAGAGACAACGCCAAGAACTCCCTGTATCTGCAAATGAACAGTCTGAGAGCCGAGGACACGGCCTTGTATCACTGTGCGAGAGA,296M,CACAGTG,AGGGGAAGCCAGTGAGAGCCCAG,ACACAAACG,,,,,,,,,,,,,,,,,AGGACTCGCCATGGAGTTTGGGCTGAGCTGGGTTTTCCTTGTTGCTATTTTAAAAGGTGATTCATGGATCAATAGAGATGTTGAGTGTGAGTGAACACGAGTGAGAGAAACAGTGGATTTGTGTGGCAGTTTCTGACCAGGGTGTCTCTGTGTTTGCAGGTGTCCAGTGTGAGGTGCAGCTGGTGGAGTCTGGGGGAGGTGTGGTACGGCCTGGGGGGTCCCTGAGACTCTCCTGTGCAGCCTCTGGATTCACCTTTGATGATTATGGCATGAGCTGGGTCCGCCAAGCTCCAGGGAAGGGGCTGGAGTGGGTCTCTGGTATTAATTGGAATGGTGGTAGCACAGGTTATGCAGACTCTGTGAAGGGCCGATTCACCATCTCCAGAGACAACGCCAAGAACTCCCTGTATCTGCAAATGAACAGTCTGAGAGCCGAGGACACGGCCTTGTATCACTGTGCGAGAGACACAGTGAGGGGAAGCCAGTGAGAGCCCAGACACAAACGTCCCTGCAGG
W-34.bam,W,34.bam,1,1,IGHV3-21,,IGHV3-21*01,IGHV3-21*01,100.0,GAGGTGCAGCTGGTGGAGTCTGGGGGAGGCCTGGTCAAGCCTGGGGGGTCCCTGAGACTCTCCTGTGCAGCCTCTGGATTCACCTTCAGTAGCTATAGCATGAACTGGGTCCGCCAGGCTCCAGGGAAGGGGCTGGAGTGGGTCTCATCCATTAGTAGTAGTAGTAGTTACATATACTACGCAGACTCAGTGAAGGGCCGATTCACCATCTCCAGAGACAACGCCAAGAACTCACTGTATCTGCAAATGAACAGCCTGAGAGCCGAGGACACGGCTGTGTATTACTGTGCGAGAGA,False,ATGGAACTGGGGCTCCGCTGGGTTTTCCTTGTTGCTATTTTAGAAG,GTGAATCATGGAAAAGTAGAGAGATTTAGTGTGTGTGGATATGAGTGAGAGAAACGGTGGATGTGTGTGACAGTTTCTGACCAATGTCTCTCTGTTTGCAG,GTGTCCAGTGT,GAGGTGCAGCTGGTGGAGTCTGGGGGAGGCCTGGTCAAGCCTGGGGGGTCCCTGAGACTCTCCTGTGCAGCCTCTGGATTCACCTTCAGTAGCTATAGCATGAACTGGGTCCGCCAGGCTCCAGGGAAGGGGCTGGAGTGGGTCTCATCCATTAGTAGTAGTAGTAGTTACATATACTACGCAGACTCAGTGAAGGGCCGATTCACCATCTCCAGAGACAACGCCAAGAACTCACTGTATCTGCAAATGAACAGCCTGAGAGCCGAGGACACGGCTGTGTATTACTGTGCGAGAGA,GAGGTGCAGCTGGTGGAGTCTGGGGGA...GGCCTGGTCAAGCCTGGGGGGTCCCTGAGACTCTCCTGTGCAGCCTCTGGATTCACCTTC............AGTAGCTATAGCATGAACTGGGTCCGCCAGGCTCCAGGGAAGGGGCTGGAGTGGGTCTCATCCATTAGTAGTAGT......AGTAGTTACATATACTACGCAGACTCAGTGAAG...GGCCGATTCACCATCTCCAGAGACAACGCCAAGAACTCACTGTATCTGCAAATGAACAGCCTGAGAGCCGAGGACACGGCTGTGTATTACTGTGCGAGAGA,296M,CACAGTG,AGGGGAAGTCAGTGTGAGCCCAG,ACACAAACC,,,,,,,,,,,,,,,,,AGGATTCACCATGGAACTGGGGCTCCGCTGGGTTTTCCTTGTTGCTATTTTAGAAGGTGAATCATGGAAAAGTAGAGAGATTTAGTGTGTGTGGATATGAGTGAGAGAAACGGTGGATGTGTGTGACAGTTTCTGACCAATGTCTCTCTGTTTGCAGGTGTCCAGTGTGAGGTGCAGCTGGTGGAGTCTGGGGGAGGCCTGGTCAAGCCTGGGGGGTCCCTGAGACTCTCCTGTGCAGCCTCTGGATTCACCTTCAGTAGCTATAGCATGAACTGGGTCCGCCAGGCTCCAGGGAAGGGGCTGGAGTGGGTCTCATCCATTAGTAGTAGTAGTAGTTACATATACTACGCAGACTCAGTGAAGGGCCGATTCACCATCTCCAGAGACAACGCCAAGAACTCACTGTATCTGCAAATGAACAGCCTGAGAGCCGAGGACACGGCTGTGTATTACTGTGCGAGAGACACAGTGAGGGGAAGTCAGTGTGAGCCCAGACACAAACCTCCCTGCAGG
W-34.bam,W,34.bam,1,2,IGHV3-21,,IGHV3-21*01,IGHV3-21*01,100.0,GAGGTGCAGCTGGTGGAGTCTGGGGGAGGCCTGGTCAAGCCTGGGGGGTCCCTGAGACTCTCCTGTGCAGCCTCTGGATTCACCTTCAGTAGCTATAGCATGAACTGGGTCCGCCAGGCTCCAGGGAAGGGGCTGGAGTGGGTCTCATCCATTAGTAGTAGTAGTAGTTACATATACTACGCAGACTCAGTGAAGGGCCGATTCACCATCTCCAGAGACAACGCCAAGAACTCACTGTATCTGCAAATGAACAGCCTGAGAGCCGAGGACACGGCTGTGTATTACTGTGCGAGAGA,False,ATGGAACTGGGGCTCCGCTGGGTTTTCCTTGTTGCTATTTTAGAAG,GTGAATCATGGAAAAGTAGAGAGATTTAGTGTGTGTGGATATGAGTGAGAGAAACGGTGGATGTGTGTGACAGTTTCTGACCAATGTCTCTCTGTTTGCAG,GTGTCCAGTGT,GAGGTGCAGCTGGTGGAGTCTGGGGGAGGCCTGGTCAAGCCTGGGGGGTCCCTGAGACTCTCCTGTGCAGCCTCTGGATTCACCTTCAGTAGCTATAGCATGAACTGGGTCCGCCAGGCTCCAGGGAAGGGGCTGGAGTGGGTCTCATCCATTAGTAGTAGTAGTAGTTACATATACTACGCAGACTCAGTGAAGGGCCGATTCACCATCTCCAGAGACAACGCCAAGAACTCACTGTATCTGCAAATGAACAGCCTGAGAGCCGAGGACACGGCTGTGTATTACTGTGCGAGAGA,GAGGTGCAGCTGGTGGAGTCTGGGGGA...GGCCTGGTCAAGCCTGGGGGGTCCCTGAGACTCTCCTGTGCAGCCTCTGGATTCACCTTC............AGTAGCTATAGCATGAACTGGGTCCGCCAGGCTCCAGGGAAGGGGCTGGAGTGGGTCTCATCCATTAGTAGTAGT......AGTAGTTACATATACTACGCAGACTCAGTGAAG...GGCCGATTCACCATCTCCAGAGACAACGCCAAGAACTCACTGTATCTGCAAATGAACAGCCTGAGAGCCGAGGACACGGCTGTGTATTACTGTGCGAGAGA,296M,CACAGTG,AGGGGAAGTCAGTGTGAGCCCAG,ACACAAACC,,,,,,,,,,,,,,,,,AGGATTCACCATGGAACTGGGGCTCCGCTGGGTTTTCCTTGTTGCTATTTTAGAAGGTGAATCATGGAAAAGTAGAGAGATTTAGTGTGTGTGGATATGAGTGAGAGAAACGGTGGATGTGTGTGACAGTTTCTGACCAATGTCTCTCTGTTTGCAGGTGTCCAGTGTGAGGTGCAGCTGGTGGAGTCTGGGGGAGGCCTGGTCAAGCCTGGGGGGTCCCTGAGACTCTCCTGTGCAGCCTCTGGATTCACCTTCAGTAGCTATAGCATGAACTGGGTCCGCCAGGCTCCAGGGAAGGGGCTGGAGTGGGTCTCATCCATTAGTAGTAGTAGTAGTTACATATACTACGCAGACTCAGTGAAGGGCCGATTCACCATCTCCAGAGACAACGCCAAGAACTCACTGTATCTGCAAATGAACAGCCTGAGAGCCGAGGACACGGCTGTGTATTACTGTGCGAGAGACACAGTGAGGGGAAGTCAGTGTGAGCCCAGACACAAACCTCCCTGCAGG
W-34.bam,W,34.bam,1,2,IGHV3-23,,IGHV3-23*01,IGHV3-23*01,100.0,GAGGTGCAGCTGTTGGAGTCTGGGGGAGGCTTGGTACAGCCTGGGGGGTCCCTGAGACTCTCCTGTGCAGCCTCTGGATTCACCTTTAGCAGCTATGCCATGAGCTGGGTCCGCCAGGCTCCAGGGAAGGGGCTGGAGTGGGTCTCAGCTATTAGTGGTAGTGGTGGTAGCACATACTACGCAGACTCCGTGAAGGGCCGGTTCACCATCTCCAGAGACAATTCCAAGAACACGCTGTATCTGCAAATGAACAGCCTGAGAGCCGAGGACACGGCCGTATATTACTGTGCGAAAGA,False,ATGGAGTTTGGGCTGAGCTGGCTTTTTCTTGTGGCTATTTTAAAAG,GTAATTCATGGAGAAATAGAAAAATTGAGTGTGAATGGATAAGAGTGAGAGAAACAGTGGATACGTGTGGCAGTTTCTGACCAGGGTTTCTTTTTGTTTGCAG,GTGTCCAGTGT,GAGGTGCAGCTGTTGGAGTCTGGGGGAGGCTTGGTACAGCCTGGGGGGTCCCTGAGACTCTCCTGTGCAGCCTCTGGATTCACCTTTAGCAGCTATGCCATGAGCTGGGTCCGCCAGGCTCCAGGGAAGGGGCTGGAGTGGGTCTCAGCTATTAGTGGTAGTGGTGGTAGCACATACTACGCAGACTCCGTGAAGGGCCGGTTCACCATCTCCAGAGACAATTCCAAGAACACGCTGTATCTGCAAATGAACAGCCTGAGAGCCGAGGACACGGCCGTATATTACTGTGCGAAAGA,GAGGTGCAGCTGTTGGAGTCTGGGGGA...GGCTTGGTACAGCCTGGGGGGTCCCTGAGACTCTCCTGTGCAGCCTCTGGATTCACCTTT............AGCAGCTATGCCATGAGCTGGGTCCGCCAGGCTCCAGGGAAGGGGCTGGAGTGGGTCTCAGCTATTAGTGGTAGT......GGTGGTAGCACATACTACGCAGACTCCGTGAAG...GGCCGGTTCACCATCTCCAGAGACAATTCCAAGAACACGCTGTATCTGCAAATGAACAGCCTGAGAGCCGAGGACACGGCCGTATATTACTGTGCGAAAGA,296M,CACAGTG,AGGGGAAGTCATTGTGAGCCCAG,ACACAAACC,,,,,,,,,,,,,,,,,AGAACTCACCATGGAGTTTGGGCTGAGCTGGCTTTTTCTTGTGGCTATTTTAAAAGGTAATTCATGGAGAAATAGAAAAATTGAGTGTGAATGGATAAGAGTGAGAGAAACAGTGGATACGTGTGGCAGTTTCTGACCAGGGTTTCTTTTTGTTTGCAGGTGTCCAGTGTGAGGTGCAGCTGTTGGAGTCTGGGGGAGGCTTGGTACAGCCTGGGGGGTCCCTGAGACTCTCCTGTGCAGCCTCTGGATTCACCTTTAGCAGCTATGCCATGAGCTGGGTCCGCCAGGCTCCAGGGAAGGGGCTGGAGTGGGTCTCAGCTATTAGTGGTAGTGGTGGTAGCACATACTACGCAGACTCCGTGAAGGGCCGGTTCACCATCTCCAGAGACAATTCCAAGAACACGCTGTATCTGCAAATGAACAGCCTGAGAGCCGAGGACACGGCCGTATATTACTGTGCGAAAGACACAGTGAGGGGAAGTCATTGTGAGCCCAGACACAAACCTCCCTGCAGG
W-34.bam,W,34.bam,1,1,IGHV3-23D,,IGHV3-23D*01,IGHV3-23D*01,100.0,GAGGTGCAGCTGTTGGAGTCTGGGGGAGGCTTGGTACAGCCTGGGGGGTCCCTGAGACTCTCCTGTGCAGCCTCTGGATTCACCTTTAGCAGCTATGCCATGAGCTGGGTCCGCCAGGCTCCAGGGAAGGGGCTGGAGTGGGTCTCAGCTATTAGTGGTAGTGGTGGTAGCACATACTACGCAGACTCCGTGAAGGGCCGGTTCACCATCTCCAGAGACAATTCCAAGAACACGCTGTATCTGCAAATGAACAGCCTGAGAGCCGAGGACACGGCCGTATATTACTGTGCGAAAGA,False,ATGGAGTTTGGGCTGAGCTGGCTTTTTCTTGTGGCTATTTTAAAAG,GTAATTCATGGAGAAATAGAAAAATTGAGTGTGAATGGATAAGAGTGAGAGAAACAGTGGATACGTGTGGCAGTTTCTGACCAGGGTTTCTTTTTGTTTGCAG,GTGTCCAGTGT,GAGGTGCAGCTGTTGGAGTCTGGGGGAGGCTTGGTACAGCCTGGGGGGTCCCTGAGACTCTCCTGTGCAGCCTCTGGATTCACCTTTAGCAGCTATGCCATGAGCTGGGTCCGCCAGGCTCCAGGGAAGGGGCTGGAGTGGGTCTCAGCTATTAGTGGTAGTGGTGGTAGCACATACTACGCAGACTCCGTGAAGGGCCGGTTCACCATCTCCAGAGACAATTCCAAGAACACGCTGTATCTGCAAATGAACAGCCTGAGAGCCGAGGACACGGCCGTATATTACTGTGCGAAAGA,GAGGTGCAGCTGTTGGAGTCTGGGGGA...GGCTTGGTACAGCCTGGGGGGTCCCTGAGACTCTCCTGTGCAGCCTCTGGATTCACCTTT............AGCAGCTATGCCATGAGCTGGGTCCGCCAGGCTCCAGGGAAGGGGCTGGAGTGGGTCTCAGCTATTAGTGGTAGT......GGTGGTAGCACATACTACGCAGACTCCGTGAAG...GGCCGGTTCACCATCTCCAGAGACAATTCCAAGAACACGCTGTATCTGCAAATGAACAGCCTGAGAGCCGAGGACACGGCCGTATATTACTGTGCGAAAGA,296M,CACAGTG,AGGGGAAGTCATTGTGAGCCCAG,ACACAAACC,,,,,,,,,,,,,,,,,AGAACTCACCATGGAGTTTGGGCTGAGCTGGCTTTTTCTTGTGGCTATTTTAAAAGGTAATTCATGGAGAAATAGAAAAATTGAGTGTGAATGGATAAGAGTGAGAGAAACAGTGGATACGTGTGGCAGTTTCTGACCAGGGTTTCTTTTTGTTTGCAGGTGTCCAGTGTGAGGTGCAGCTGTTGGAGTCTGGGGGAGGCTTGGTACAGCCTGGGGGGTCCCTGAGACTCTCCTGTGCAGCCTCTGGATTCACCTTTAGCAGCTATGCCATGAGCTGGGTCCGCCAGGCTCCAGGGAAGGGGCTGGAGTGGGTCTCAGCTATTAGTGGTAGTGGTGGTAGCACATACTACGCAGACTCCGTGAAGGGCCGGTTCACCATCTCCAGAGACAATTCCAAGAACACGCTGTATCTGCAAATGAACAGCCTGAGAGCCGAGGACACGGCCGTATATTACTGTGCGAAAGACACAGTGAGGGGAAGTCATTGTGAGCCCAGACACAAACCTCCCTGCAGG
W-34.bam,W,34.bam,1,1,IGHV1-24,,IGHV1-24*01,IGHV1-24*01,100.0,CAGGTCCAGCTGGTACAGTCTGGGGCTGAGGTGAAGAAGCCTGGGGCCTCAGTGAAGGTCTCCTGCAAGGTTTCCGGATACACCCTCACTGAATTATCCATGCACTGGGTGCGACAGGCTCCTGGAAAAGGGCTTGAGTGGATGGGAGGTTTTGATCCTGAAGATGGTGAAACAATCTACGCACAGAAGTTCCAGGGCAGAGTCACCATGACCGAGGACACATCTACAGACACAGCCTACATGGAGCTGAGCAGCCTGAGATCTGAGGACACGGCCGTGTATTACTGTGCAACAGA,False,ATGGACTGCACCTGGAGGATCCTCTTCTTGGTGGCAGCAGCTACAG,GCAAGAGAATCCTGAGTTCCAGGGCTGATGAGGGGACTGGGTCCAGTTAAGTGGTGTCTCATCCACTCCTCTGTCCTCTCCACAG,GCACCCACGCC,CAGGTCCAGCTGGTACAGTCTGGGGCTGAGGTGAAGAAGCCTGGGGCCTCAGTGAAGGTCTCCTGCAAGGTTTCCGGATACACCCTCACTGAATTATCCATGCACTGGGTGCGACAGGCTCCTGGAAAAGGGCTTGAGTGGATGGGAGGTTTTGATCCTGAAGATGGTGAAACAATCTACGCACAGAAGTTCCAGGGCAGAGTCACCATGACCGAGGACACATCTACAGACACAGCCTACATGGAGCTGAGCAGCCTGAGATCTGAGGACACGGCCGTGTATTACTGTGCAACAGA,CAGGTCCAGCTGGTACAGTCTGGGGCT...GAGGTGAAGAAGCCTGGGGCCTCAGTGAAGGTCTCCTGCAAGGTTTCCGGATACACCCTC............ACTGAATTATCCATGCACTGGGTGCGACAGGCTCCTGGAAAAGGGCTTGAGTGGATGGGAGGTTTTGATCCTGAA......GATGGTGAAACAATCTACGCACAGAAGTTCCAG...GGCAGAGTCACCATGACCGAGGACACATCTACAGACACAGCCTACATGGAGCTGAGCAGCCTGAGATCTGAGGACACGGCCGTGTATTACTGTGCAACAGA,296M,CACAGTG,TGAAAACCCACATCCTGAGAGCG,TCAGAAACC,,,,,,,,,,,,,,,,,GCACCTCACCATGGACTGCACCTGGAGGATCCTCTTCTTGGTGGCAGCAGCTACAGGCAAGAGAATCCTGAGTTCCAGGGCTGATGAGGGGACTGGGTCCAGTTAAGTGGTGTCTCATCCACTCCTCTGTCCTCTCCACAGGCACCCACGCCCAGGTCCAGCTGGTACAGTCTGGGGCTGAGGTGAAGAAGCCTGGGGCCTCAGTGAAGGTCTCCTGCAAGGTTTCCGGATACACCCTCACTGAATTATCCATGCACTGGGTGCGACAGGCTCCTGGAAAAGGGCTTGAGTGGATGGGAGGTTTTGATCCTGAAGATGGTGAAACAATCTACGCACAGAAGTTCCAGGGCAGAGTCACCATGACCGAGGACACATCTACAGACACAGCCTACATGGAGCTGAGCAGCCTGAGATCTGAGGACACGGCCGTGTATTACTGTGCAACAGACACAGTGTGAAAACCCACATCCTGAGAGCGTCAGAAACCCTGAGGAATG
W-34.bam,W,34.bam,1,2,IGHV1-24,,IGHV1-24*01,IGHV1-24*01,100.0,CAGGTCCAGCTGGTACAGTCTGGGGCTGAGGTGAAGAAGCCTGGGGCCTCAGTGAAGGTCTCCTGCAAGGTTTCCGGATACACCCTCACTGAATTATCCATGCACTGGGTGCGACAGGCTCCTGGAAAAGGGCTTGAGTGGATGGGAGGTTTTGATCCTGAAGATGGTGAAACAATCTACGCACAGAAGTTCCAGGGCAGAGTCACCATGACCGAGGACACATCTACAGACACAGCCTACATGGAGCTGAGCAGCCTGAGATCTGAGGACACGGCCGTGTATTACTGTGCAACAGA,False,ATGGACTGCACCTGGAGGATCCTCTTCTTGGTGGCAGCAGCTACAG,GCAAGAGAATCCTGAGTTCCAGGGCTGATGAGGGGACTGGGTCCAGTTAAGTGGTGTCTCATCCACTCCTCTGTCCTCTCCACAG,GCACCCACGCC,CAGGTCCAGCTGGTACAGTCTGGGGCTGAGGTGAAGAAGCCTGGGGCCTCAGTGAAGGTCTCCTGCAAGGTTTCCGGATACACCCTCACTGAATTATCCATGCACTGGGTGCGACAGGCTCCTGGAAAAGGGCTTGAGTGGATGGGAGGTTTTGATCCTGAAGATGGTGAAACAATCTACGCACAGAAGTTCCAGGGCAGAGTCACCATGACCGAGGACACATCTACAGACACAGCCTACATGGAGCTGAGCAGCCTGAGATCTGAGGACACGGCCGTGTATTACTGTGCAACAGA,CAGGTCCAGCTGGTACAGTCTGGGGCT...GAGGTGAAGAAGCCTGGGGCCTCAGTGAAGGTCTCCTGCAAGGTTTCCGGATACACCCTC............ACTGAATTATCCATGCACTGGGTGCGACAGGCTCCTGGAAAAGGGCTTGAGTGGATGGGAGGTTTTGATCCTGAA......GATGGTGAAACAATCTACGCACAGAAGTTCCAG...GGCAGAGTCACCATGACCGAGGACACATCTACAGACACAGCCTACATGGAGCTGAGCAGCCTGAGATCTGAGGACACGGCCGTGTATTACTGTGCAACAGA,296M,CACAGTG,TGAAAACCCACATCCTGAGAGCG,TCAGAAACC,,,,,,,,,,,,,,,,,GCACCTCACCATGGACTGCACCTGGAGGATCCTCTTCTTGGTGGCAGCAGCTACAGGCAAGAGAATCCTGAGTTCCAGGGCTGATGAGGGGACTGGGTCCAGTTAAGTGGTGTCTCATCCACTCCTCTGTCCTCTCCACAGGCACCCACGCCCAGGTCCAGCTGGTACAGTCTGGGGCTGAGGTGAAGAAGCCTGGGGCCTCAGTGAAGGTCTCCTGCAAGGTTTCCGGATACACCCTCACTGAATTATCCATGCACTGGGTGCGACAGGCTCCTGGAAAAGGGCTTGAGTGGATGGGAGGTTTTGATCCTGAAGATGGTGAAACAATCTACGCACAGAAGTTCCAGGGCAGAGTCACCATGACCGAGGACACATCTACAGACACAGCCTACATGGAGCTGAGCAGCCTGAGATCTGAGGACACGGCCGTGTATTACTGTGCAACAGACACAGTGTGAAAACCCACATCCTGAGAGCGTCAGAAACCCTGAGGAATG
W-34.bam,W,34.bam,1,2,IGHV3-25,,IGHV3-25*05,IGHV3-25*05,100.0,GAGATGCAGCTGGTGGAGTCTGGGGGAGGCTTGGCAAAGCCTGCGTGGTCCCCGAGACTCTCCTGTGCAGCCTCTCAATTCACCTTCAGTAGCTACTACATGAACTGTGTCCGCCAGGCTCCAGGGAATGGGCTGGAGTTGGTTGGACAAGTTAATCCTAATGGGGGTAGCACATACCTCATAGACTCCGGTAAGGACCGATTCAATACCTCCAGAGATAACGCCAAGAACACACTTCATCTGCAAATGAACAGCCTGAAAACCGAGGACACGGCCCTCTATTAGTGTACCAGAGA,False,TGGAGTTTGTGCTGAGCTGGGTTTTCCTTGTTGCTATTTTAAAACG,TGATCTATAGAGAACTAGAGATATTGAGTATGAATGGATATGAGTGAGAAACAGTGGATACGTGTGGCAGTTTCTGACCGGGGTGTCTCTGTGTTTGCAG,GTATCCAGTGT,GAGATGCAGCTGGTGGAGTCTGGGGGAGGCTTGGCAAAGCCTGCGTGGTCCCCGAGACTCTCCTGTGCAGCCTCTCAATTCACCTTCAGTAGCTACTACATGAACTGTGTCCGCCAGGCTCCAGGGAATGGGCTGGAGTTGGTTGGACAAGTTAATCCTAATGGGGGTAGCACATACCTCATAGACTCCGGTAAGGACCGATTCAATACCTCCAGAGATAACGCCAAGAACACACTTCATCTGCAAATGAACAGCCTGAAAACCGAGGACACGGCCCTCTATTAGTGTACCAGAGA,GAGATGCAGCTGGTGGAGTCTGGGGGA...GGCTTGGCAAAGCCTGCGTGGTCCCCGAGACTCTCCTGTGCAGCCTCTCAATTCACCTTC............AGTAGCTACTACATGAACTGTGTCCGCCAGGCTCCAGGGAATGGGCTGGAGTTGGTTGGACAAGTTAATCCTAAT......GGGGGTAGCACATACCTCATAGACTCCGGTAAG...GACCGATTCAATACCTCCAGAGATAACGCCAAGAACACACTTCATCTGCAAATGAACAGCCTGAAAACCGAGGACACGGCCCTCTATTAGTGTACCAGAGA,296M,CACAGTG,AGGGGAGGTCAGTGTGAGCCCA,GACACAAAC,,,,,,,,,,,,,,Stop codon in V-REGION before 2nd cysteine,,,GGACTCACCATGGAGTTTGTGCTGAGCTGGGTTTTCCTTGTTGCTATTTTAAAACGTGATCTATAGAGAACTAGAGATATTGAGTATGAATGGATATGAGTGAGAAACAGTGGATACGTGTGGCAGTTTCTGACCGGGGTGTCTCTGTGTTTGCAGGTATCCAGTGTGAGATGCAGCTGGTGGAGTCTGGGGGAGGCTTGGCAAAGCCTGCGTGGTCCCCGAGACTCTCCTGTGCAGCCTCTCAATTCACCTTCAGTAGCTACTACATGAACTGTGTCCGCCAGGCTCCAGGGAATGGGCTGGAGTTGGTTGGACAAGTTAATCCTAATGGGGGTAGCACATACCTCATAGACTCCGGTAAGGACCGATTCAATACCTCCAGAGATAACGCCAAGAACACACTTCATCTGCAAATGAACAGCCTGAAAACCGAGGACACGGCCCTCTATTAGTGTACCAGAGACACAGTGAGGGGAGGTCAGTGTGAGCCCAGACACAAACCTCCCTGCAG
W-34.bam,W,34.bam,1,1,IGHV3-25,,IGHV3-25*05,IGHV3-25*05,100.0,GAGATGCAGCTGGTGGAGTCTGGGGGAGGCTTGGCAAAGCCTGCGTGGTCCCCGAGACTCTCCTGTGCAGCCTCTCAATTCACCTTCAGTAGCTACTACATGAACTGTGTCCGCCAGGCTCCAGGGAATGGGCTGGAGTTGGTTGGACAAGTTAATCCTAATGGGGGTAGCACATACCTCATAGACTCCGGTAAGGACCGATTCAATACCTCCAGAGATAACGCCAAGAACACACTTCATCTGCAAATGAACAGCCTGAAAACCGAGGACACGGCCCTCTATTAGTGTACCAGAGA,False,TGGAGTTTGTGCTGAGCTGGGTTTTCCTTGTTGCTATTTTAAAACG,TGATCTATAGAGAACTAGAGATATTGAGTATGAATGGATATGAGTGAGAAACAGTGGATACGTGTGGCAGTTTCTGACCGGGGTGTCTCTGTGTTTGCAG,GTATCCAGTGT,GAGATGCAGCTGGTGGAGTCTGGGGGAGGCTTGGCAAAGCCTGCGTGGTCCCCGAGACTCTCCTGTGCAGCCTCTCAATTCACCTTCAGTAGCTACTACATGAACTGTGTCCGCCAGGCTCCAGGGAATGGGCTGGAGTTGGTTGGACAAGTTAATCCTAATGGGGGTAGCACATACCTCATAGACTCCGGTAAGGACCGATTCAATACCTCCAGAGATAACGCCAAGAACACACTTCATCTGCAAATGAACAGCCTGAAAACCGAGGACACGGCCCTCTATTAGTGTACCAGAGA,GAGATGCAGCTGGTGGAGTCTGGGGGA...GGCTTGGCAAAGCCTGCGTGGTCCCCGAGACTCTCCTGTGCAGCCTCTCAATTCACCTTC............AGTAGCTACTACATGAACTGTGTCCGCCAGGCTCCAGGGAATGGGCTGGAGTTGGTTGGACAAGTTAATCCTAAT......GGGGGTAGCACATACCTCATAGACTCCGGTAAG...GACCGATTCAATACCTCCAGAGATAACGCCAAGAACACACTTCATCTGCAAATGAACAGCCTGAAAACCGAGGACACGGCCCTCTATTAGTGTACCAGAGA,296M,CACAGTG,AGGGGAGGTCAGTGTGAGCCCA,GACACAAAC,,,,,,,,,,,,,,Stop codon in V-REGION before 2nd cysteine,,,GGACTCACCATGGAGTTTGTGCTGAGCTGGGTTTTCCTTGTTGCTATTTTAAAACGTGATCTATAGAGAACTAGAGATATTGAGTATGAATGGATATGAGTGAGAAACAGTGGATACGTGTGGCAGTTTCTGACCGGGGTGTCTCTGTGTTTGCAGGTATCCAGTGTGAGATGCAGCTGGTGGAGTCTGGGGGAGGCTTGGCAAAGCCTGCGTGGTCCCCGAGACTCTCCTGTGCAGCCTCTCAATTCACCTTCAGTAGCTACTACATGAACTGTGTCCGCCAGGCTCCAGGGAATGGGCTGGAGTTGGTTGGACAAGTTAATCCTAATGGGGGTAGCACATACCTCATAGACTCCGGTAAGGACCGATTCAATACCTCCAGAGATAACGCCAAGAACACACTTCATCTGCAAATGAACAGCCTGAAAACCGAGGACACGGCCCTCTATTAGTGTACCAGAGACACAGTGAGGGGAGGTCAGTGTGAGCCCAGACACAAACCTCCCTGCAG
W-34.bam,W,34.bam,1,2,IGHV2-26,,IGHV2-26*01,IGHV2-26*01,100.0,CAGGTCACCTTGAAGGAGTCTGGTCCTGTGCTGGTGAAACCCACAGAGACCCTCACGCTGACCTGCACCGTCTCTGGGTTCTCACTCAGCAATGCTAGAATGGGTGTGAGCTGGATCCGTCAGCCCCCAGGGAAGGCCCTGGAGTGGCTTGCACACATTTTTTCGAATGACGAAAAATCCTACAGCACATCTCTGAAGAGCAGGCTCACCATCTCCAAGGACACCTCCAAAAGCCAGGTGGTCCTTACCATGACCAACATGGACCCTGTGGACACAGCCACATATTACTGTGCACGGATAC,False,ATGGACACACTTTGCTACACACTCCTGCTGCTGACCACCCCTTCCT,GTGAGTGCTGTGGTCAGGGACTTCCTCAGAAGTGAAACATCAGTTGTCTCCTTTGTGGGCTTCATCTTCTTATGTCTTCTCCACAG,GGGTCTTGTCC,CAGGTCACCTTGAAGGAGTCTGGTCCTGTGCTGGTGAAACCCACAGAGACCCTCACGCTGACCTGCACCGTCTCTGGGTTCTCACTCAGCAATGCTAGAATGGGTGTGAGCTGGATCCGTCAGCCCCCAGGGAAGGCCCTGGAGTGGCTTGCACACATTTTTTCGAATGACGAAAAATCCTACAGCACATCTCTGAAGAGCAGGCTCACCATCTCCAAGGACACCTCCAAAAGCCAGGTGGTCCTTACCATGACCAACATGGACCCTGTGGACACAGCCACATATTACTGTGCACGGATAC,CAGGTCACCTTGAAGGAGTCTGGTCCT...GTGCTGGTGAAACCCACAGAGACCCTCACGCTGACCTGCACCGTCTCTGGGTTCTCACTCAGC......AATGCTAGAATGGGTGTGAGCTGGATCCGTCAGCCCCCAGGGAAGGCCCTGGAGTGGCTTGCACACATTTTTTCGAAT.........GACGAAAAATCCTACAGCACATCTCTGAAG...AGCAGGCTCACCATCTCCAAGGACACCTCCAAAAGCCAGGTGGTCCTTACCATGACCAACATGGACCCTGTGGACACAGCCACATATTACTGTGCACGGATAC,301M,CACAGAG,ACACAGCCCAGGATGCCTCCTGT,ACAAGAACC,,,,,,,,,,,,,,,,,GTGCCCCACCATGGACACACTTTGCTACACACTCCTGCTGCTGACCACCCCTTCCTGTGAGTGCTGTGGTCAGGGACTTCCTCAGAAGTGAAACATCAGTTGTCTCCTTTGTGGGCTTCATCTTCTTATGTCTTCTCCACAGGGGTCTTGTCCCAGGTCACCTTGAAGGAGTCTGGTCCTGTGCTGGTGAAACCCACAGAGACCCTCACGCTGACCTGCACCGTCTCTGGGTTCTCACTCAGCAATGCTAGAATGGGTGTGAGCTGGATCCGTCAGCCCCCAGGGAAGGCCCTGGAGTGGCTTGCACACATTTTTTCGAATGACGAAAAATCCTACAGCACATCTCTGAAGAGCAGGCTCACCATCTCCAAGGACACCTCCAAAAGCCAGGTGGTCCTTACCATGACCAACATGGACCCTGTGGACACAGCCACATATTACTGTGCACGGATACCACAGAGACACAGCCCAGGATGCCTCCTGTACAAGAACCTAGCTGCATC
W-34.bam,W,34.bam,1,1,IGHV2-26,,IGHV2-26*02,IGHV2-26*02,100.0,CAGGTCACCTTGAAGGAGTCTGGTCCTGTGCTGGTGAAACCCACAGAGACCCTCACGCTGACCTGCACCGTCTCTGGGTTCTCACTCAGCAATGCTAGAATGGGTGTGAGCTGGATCCGTCAGCCCCCAGGGAAGGCCCTGGAGTGGCTTGCACACATTTTTTCGAATGACGAAAAATCCTACAGCACATCTCTGAAGAGCAGGCTCACCATCTCCAAGGACACCTCCAAAAGCCAGGTGGTCCTTACCATGACCAATATGGACCCTGTGGACACAGCCACATATTACTGTGCACGGATAC,False,ATGGACACGCTTTGCTACACACTCCTGCTGCTGACCACCCCTTCCT,GTGAGTGCTGTGGTCAGGGACTTCCTCAGAAGTGAAACATCAGTTGTCTCCTTTGTGGGCTTCATCTCCTTATGTCTTCTCCACAG,GGGTCTTGTCC,CAGGTCACCTTGAAGGAGTCTGGTCCTGTGCTGGTGAAACCCACAGAGACCCTCACGCTGACCTGCACCGTCTCTGGGTTCTCACTCAGCAATGCTAGAATGGGTGTGAGCTGGATCCGTCAGCCCCCAGGGAAGGCCCTGGAGTGGCTTGCACACATTTTTTCGAATGACGAAAAATCCTACAGCACATCTCTGAAGAGCAGGCTCACCATCTCCAAGGACACCTCCAAAAGCCAGGTGGTCCTTACCATGACCAATATGGACCCTGTGGACACAGCCACATATTACTGTGCACGGATAC,CAGGTCACCTTGAAGGAGTCTGGTCCT...GTGCTGGTGAAACCCACAGAGACCCTCACGCTGACCTGCACCGTCTCTGGGTTCTCACTCAGC......AATGCTAGAATGGGTGTGAGCTGGATCCGTCAGCCCCCAGGGAAGGCCCTGGAGTGGCTTGCACACATTTTTTCGAAT.........GACGAAAAATCCTACAGCACATCTCTGAAG...AGCAGGCTCACCATCTCCAAGGACACCTCCAAAAGCCAGGTGGTCCTTACCATGACCAATATGGACCCTGTGGACACAGCCACATATTACTGTGCACGGATAC,301M,CACAGAG,ACACAGCCCAGGATGCCTCCTGT,ACAAGAACC,,,,,,,,,,,,,,,,,GTGCCCCACCATGGACACGCTTTGCTACACACTCCTGCTGCTGACCACCCCTTCCTGTGAGTGCTGTGGTCAGGGACTTCCTCAGAAGTGAAACATCAGTTGTCTCCTTTGTGGGCTTCATCTCCTTATGTCTTCTCCACAGGGGTCTTGTCCCAGGTCACCTTGAAGGAGTCTGGTCCTGTGCTGGTGAAACCCACAGAGACCCTCACGCTGACCTGCACCGTCTCTGGGTTCTCACTCAGCAATGCTAGAATGGGTGTGAGCTGGATCCGTCAGCCCCCAGGGAAGGCCCTGGAGTGGCTTGCACACATTTTTTCGAATGACGAAAAATCCTACAGCACATCTCTGAAGAGCAGGCTCACCATCTCCAAGGACACCTCCAAAAGCCAGGTGGTCCTTACCATGACCAATATGGACCCTGTGGACACAGCCACATATTACTGTGCACGGATACCACAGAGACACAGCCCAGGATGCCTCCTGTACAAGAACCTAGCTGCATC
W-34.bam,W,34.bam,1,1,IGHV4-28,,IGHV4-28*06_a12g,IGHV4-28*06,99.66,CAGGTGCAGCTACAGGAGTCGGGCCCAGGACTGGTGAAGCCTTCGGACACCCTGTCCCTCACCTGCGCTGTCTCTGGTTACTCCATCAGCAGTAGTAACTGGTGGGGCTGGATCCGGCAGCCCCCAGGGAAGGGACTGGAGTGGATTGGGTACATCTATTATAGTGGGAGCACCAACTACAACCCGTCCCTCAAGAGTCGAGTCACCATGTCAGTAGACACGTCCAAGAACCAGTTCTCCCTGAAGCTGAGCTCTGTGACCGCCTTGGACACGGCCGTGTATTACTGTGCGAGAAA,False,ATGAAACACCTGTGGTTCTTCCTCCTGCTGGTGGCAGCTCCCAGAT,GTGAGTGTCTCAAGGCTGCAGACATGGAGATATGGGAGGTGCCTCTGAGCCCAGGGCTCACTGTGGGTCTCTCTGTTCACAG,GGGTCCTGTCC,CAGGTGCAGCTGCAGGAGTCGGGCCCAGGACTGGTGAAGCCTTCGGACACCCTGTCCCTCACCTGCGCTGTCTCTGGTTACTCCATCAGCAGTAGTAACTGGTGGGGCTGGATCCGGCAGCCCCCAGGGAAGGGACTGGAGTGGATTGGGTACATCTATTATAGTGGGAGCACCAACTACAACCCGTCCCTCAAGAGTCGAGTCACCATGTCAGTAGACACGTCCAAGAACCAGTTCTCCCTGAAGCTGAGCTCTGTGACCGCCTTGGACACGGCCGTGTATTACTGTGCGAGAAA,CAGGTGCAGCTGCAGGAGTCGGGCCCA...GGACTGGTGAAGCCTTCGGACACCCTGTCCCTCACCTGCGCTGTCTCTGGTTACTCCATCAGC.........AGTAGTAACTGGTGGGGCTGGATCCGGCAGCCCCCAGGGAAGGGACTGGAGTGGATTGGGTACATCTATTATAGT.........GGGAGCACCAACTACAACCCGTCCCTCAAG...AGTCGAGTCACCATGTCAGTAGACACGTCCAAGAACCAGTTCTCCCTGAAGCTGAGCTCTGTGACCGCCTTGGACACGGCCGTGTATTACTGTGCGAGAAA,296M,CACAGTG,AGGGGAGGTGAGTGTGAGCCCAG,ACACAAACC,,,,,,,,,,,,,,,,,GTGCAAGAACATGAAACACCTGTGGTTCTTCCTCCTGCTGGTGGCAGCTCCCAGATGTGAGTGTCTCAAGGCTGCAGACATGGAGATATGGGAGGTGCCTCTGAGCCCAGGGCTCACTGTGGGTCTCTCTGTTCACAGGGGTCCTGTCCCAGGTGCAGCTGCAGGAGTCGGGCCCAGGACTGGTGAAGCCTTCGGACACCCTGTCCCTCACCTGCGCTGTCTCTGGTTACTCCATCAGCAGTAGTAACTGGTGGGGCTGGATCCGGCAGCCCCCAGGGAAGGGACTGGAGTGGATTGGGTACATCTATTATAGTGGGAGCACCAACTACAACCCGTCCCTCAAGAGTCGAGTCACCATGTCAGTAGACACGTCCAAGAACCAGTTCTCCCTGAAGCTGAGCTCTGTGACCGCCTTGGACACGGCCGTGTATTACTGTGCGAGAAACACAGTGAGGGGAGGTGAGTGTGAGCCCAGACACAAACCTCCCTGCAGG
