sample_name,haplotype,gene,allele,allele_sequence,heptamer,spacer,nonamer,v-exon2,v-intron,v-exon1
B-2,1,IGHV6-1,,GGTTTGTGTCTGGGCTCACACTGACTTCCCCTCACTGTGTCTCTTGCACAGTAATACACAGCCGTGTCCTCGGGAGTCACAGAGTTCAGCTGCAGGGAGAACTGGTTCTTGGATGTGTCTGGGTTGATGGTTATTCGACTTTTCACAGATACTGCATAATCATTATACCACTTGGACCTGTAGTATGTCCTTCCCAGCCACTCAAGGCCTCTCGATGGGGACTGCCTGATCCAGTTCCAAGCAGCACTGTTGCTAGAGACACTGTCCCCGGAGATGGCACAGGTGAGTGAGAGGGTCTGCGAGGGCTTCACCAGTCCTGGACCTGACTGCTGCAGCTGTACCTGTGACAGGACACCTGGAGACAAAAGGAAACAGCAAAGTGAAACACCCCTCAGTCTGTGAATGCTGCTGTGAATACGGCATCTCCCTGACACTGACCCCATGGGAGGCCCAGCACGGGCAGGAAGATGAGGAAGGAGACAGACATTGTCTGGAGCTCTGGTGAC,CACTGTG,CTGGGCTCACACTGACTTCCCCT,GGTTTGTGT,TCTCTTGCACAGTAATACACAGCCGTGTCCTCGGGAGTCACAGAGTTCAGCTGCAGGGAGAACTGGTTCTTGGATGTGTCTGGGTTGATGGTTATTCGACTTTTCACAGATACTGCATAATCATTATACCACTTGGACCTGTAGTATGTCCTTCCCAGCCACTCAAGGCCTCTCGATGGGGACTGCCTGATCCAGTTCCAAGCAGCACTGTTGCTAGAGACACTGTCCCCGGAGATGGCACAGGTGAGTGAGAGGGTCTGCGAGGGCTTCACCAGTCCTGGACCTGACTGCTGCAGCTGTACCTGTGACAGGACAC,CTGGAGACAAAAGGAAACAGCAAAGTGAAACACCCCTCAGTCTGTGAATGCTGCTGTGAATACGGCATCTCCCTGACACTGAC,CCCATGGGAGGCCCAGCACGGGCAGGAAGATGAGGAAGGAGACAGACAT
B-2,2,IGHV6-1,,GGTTTGTGTCTGGGCTCACACTGACTTCCCCTCACTGTGTCTCTTGCACAGTAATACACAGCCGTGTCCTCGGGAGTCACAGAGTTCAGCTGCAGGGAGAACTGGTTCTTGGATGTGTCTGGGTTGATGGTTATTCGACTTTTCACAGATACTGCATAATCATTATACCACTTGGACCTGTAGTATGTCCTTCCCAGCCACTCAAGGCCTCTCGATGGGGACTGCCTGATCCAGTTCCAAGCAGCACTGTTGCTAGAGACACTGTCCCCGGAGATGGCACAGGTGAGTGAGAGGGTCTGCGAGGGCTTCACCAGTCCTGGACCTGACTGCTGCAGCTGTACCTGTGACAGGACACCTGGAGACAAAAGGAAACAGCAAAGTGAAACACCCCTCAGTCTGTGAATGCTGCTGTGAATACGGCATCTCCCTGACACTGACCCCATGGGAGGCCCAGCACGGGCAGGAAGATGAGGAAGGAGACAGACATTGTCTGGAGCTCTGGTGAC,CACTGTG,CTGGGCTCACACTGACTTCCCCT,GGTTTGTGT,TCTCTTGCACAGTAATACACAGCCGTGTCCTCGGGAGTCACAGAGTTCAGCTGCAGGGAGAACTGGTTCTTGGATGTGTCTGGGTTGATGGTTATTCGACTTTTCACAGATACTGCATAATCATTATACCACTTGGACCTGTAGTATGTCCTTCCCAGCCACTCAAGGCCTCTCGATGGGGACTGCCTGATCCAGTTCCAAGCAGCACTGTTGCTAGAGACACTGTCCCCGGAGATGGCACAGGTGAGTGAGAGGGTCTGCGAGGGCTTCACCAGTCCTGGACCTGACTGCTGCAGCTGTACCTGTGACAGGACAC,CTGGAGACAAAAGGAAACAGCAAAGTGAAACACCCCTCAGTCTGTGAATGCTGCTGTGAATACGGCATCTCCCTGACACTGAC,CCCATGGGAGGCCCAGCACGGGCAGGAAGATGAGGAAGGAGACAGACAT
B-2,1,IGHV1-2,,GGTTTCTGACACCCTCAGGATGTGGGTTTTCACACTGTGTCTCTCGCACAGTAATACACGGCCGTGTCGTCAGATCTCAGCCTGCTCAGCTCCATGTAGGCTGTGCTGATGGACGTGTCCCTGGTCATGGTGACCCTGCCCTGAAACTTCTGTGCATAGTTTGTGCCACCACTGTTAGGGTTGATCCATCCCATCCACTCAAGCCCTTGTCCAGGGGCCTGTCGCACCCAGTGCATATAGTAGCCGGTGAAGGTGTATCCAGAAGCCTTGCAGGAGACCTTCACTGAGGCCCCAGGCTTCTTCACCTCAGCCCCAGACTGCACCAGCTGCACCTGGGAGTGGGCTCCTGTGGAGAGAACACAGAAGTGGATGAGATCTCCCTGGACTGGACTCAATCTCTTTCTCATCACTGGGACTAGGGAGCCTCTTACCTGTGGCTGCTGCCACCAAGAAGAGGATCCTCCAGGTCCAGTCCATGGTGAGGAACGGAGCTCTC,CACTGTG,CACCCTCAGGATGTGGGTTTTCA,GGTTTCTGA,TCTCTCGCACAGTAATACACGGCCGTGTCGTCAGATCTCAGCCTGCTCAGCTCCATGTAGGCTGTGCTGATGGACGTGTCCCTGGTCATGGTGACCCTGCCCTGAAACTTCTGTGCATAGTTTGTGCCACCACTGTTAGGGTTGATCCATCCCATCCACTCAAGCCCTTGTCCAGGGGCCTGTCGCACCCAGTGCATATAGTAGCCGGTGAAGGTGTATCCAGAAGCCTTGCAGGAGACCTTCACTGAGGCCCCAGGCTTCTTCACCTCAGCCCCAGACTGCACCAGCTGCACCTGGGAGTGGGCTC,CTGTGGAGAGAACACAGAAGTGGATGAGATCTCCCTGGACTGGACTCAATCTCTTTCTCATCACTGGGACTAGGGAGCCTCTTAC,CTGTGGCTGCTGCCACCAAGAAGAGGATCCTCCAGGTCCAGTCCAT
B-2,2,IGHV1-2,,GGTTTCTGACACCCTCAGGATGTGGGTTTTCACACTGTGTCTCTCGCACAGTAATACACGGCCGTGTCGTCAGATCTCAGCCTGCTCAGCTCCATGTAGGCTGTGCTGATGGACGTGTCCCTGGTCATGGTGACCCAGCCCTGAAACTTCTGTGCATAGTTTGTGCCACCACTGTTAGGGTTGATCCATCCCATCCACTCAAGCCCTTGTCCAGGGGCCTGTCGCACCCAGTGCATATAGTAGCCGGTGAAGGTGTATCCAGAAGCCTTGCAGGAGACCTTCACTGAGGCCCCAGGCTTCTTCACCTCAGCCCCAGACTGCACCAGCTGCACCTGGGAGTGGGCTCCTGTGGAGAGAACACAGAAGTGGATGAGATCTCCCTGGACTGGACTCAATCTCTTTCTCATCACTGGGACTAGGGAGCCTCTTACCTGTGGCTGCTGCCACCAAGAAGAGGATCCTCCAGGTCCAGTCCATGGTGAGGAACGGAGCTCTC,CACTGTG,CACCCTCAGGATGTGGGTTTTCA,GGTTTCTGA,TCTCTCGCACAGTAATACACGGCCGTGTCGTCAGATCTCAGCCTGCTCAGCTCCATGTAGGCTGTGCTGATGGACGTGTCCCTGGTCATGGTGACCCAGCCCTGAAACTTCTGTGCATAGTTTGTGCCACCACTGTTAGGGTTGATCCATCCCATCCACTCAAGCCCTTGTCCAGGGGCCTGTCGCACCCAGTGCATATAGTAGCCGGTGAAGGTGTATCCAGAAGCCTTGCAGGAGACCTTCACTGAGGCCCCAGGCTTCTTCACCTCAGCCCCAGACTGCACCAGCTGCACCTGGGAGTGGGCTC,CTGTGGAGAGAACACAGAAGTGGATGAGATCTCCCTGGACTGGACTCAATCTCTTTCTCATCACTGGGACTAGGGAGCCTCTTAC,CTGTGGCTGCTGCCACCAAGAAGAGGATCCTCCAGGTCCAGTCCAT
B-2,2,IGHV1-3,,GGTTTCTGACACTCTCAGGATGTGGGTTTTCACACTGTGTCTCTCGCACAGTAATACACAGCCATGTCCTCAGATCTCAGGCTGCTCAGCTCCATGTAGGCTGTGCTCGCGGATGTGTCCCTGGTAATGGTGACTCTGCCCTGGAACTCCTGTGAATATTTTGTGTTACCATTGCCAGCGTTGCTCCATCCCATCCACTCAAGCCTTTGTCCGGGGGCCTGGCGCACCCAATGCATAGCATAGCTAGTGAAGGTGTATCCAGAAGCCTTGCAGGAAACCTTCACTGAGGCCCCAGGCTTCTTCACCTCAGCCCCAGACTGCACCAGCTGAACCTGGGAGTGGACACCTGTAGAGAAGACACAGGAGTGGATGGAAGCCCCCTTGACTGGCTTCGATCCCTTCCTCCTCACTGGGATTTGGCAGCCCCTTACCTGTGGCTGCTGCCACCAAAAAGAGGATCCTCCAGGTCCAGTCCATGGTGAGGAGTTGTGCTCTG,CACTGTG,CACTCTCAGGATGTGGGTTTTCA,GGTTTCTGA,TCTCTCGCACAGTAATACACAGCCATGTCCTCAGATCTCAGGCTGCTCAGCTCCATGTAGGCTGTGCTCGCGGATGTGTCCCTGGTAATGGTGACTCTGCCCTGGAACTCCTGTGAATATTTTGTGTTACCATTGCCAGCGTTGCTCCATCCCATCCACTCAAGCCTTTGTCCGGGGGCCTGGCGCACCCAATGCATAGCATAGCTAGTGAAGGTGTATCCAGAAGCCTTGCAGGAAACCTTCACTGAGGCCCCAGGCTTCTTCACCTCAGCCCCAGACTGCACCAGCTGAACCTGGGAGTGGACAC,CTGTAGAGAAGACACAGGAGTGGATGGAAGCCCCCTTGACTGGCTTCGATCCCTTCCTCCTCACTGGGATTTGGCAGCCCCTTAC,CTGTGGCTGCTGCCACCAAAAAGAGGATCCTCCAGGTCCAGTCCAT
B-2,1,IGHV1-3,,GGTTTCTGACACTCTCAGGATGTGGGTTTTCACACTGTGTCTCTCGCACAGTAATACACAGCCGTGTCTTCAGATCTCAGGCTGCTCAGCTCCATGTAGGCTGTGCTCGCGGATGTGTCCCTGGTAATGGTGACTCTGCCCTGGAACTTCTGTGAATATTTTGTGTTACCATTGCCAGCGTTGATCCATCCCATCCACTCAAGCCTTTGTCCGGGGGCCTGGCGCACCCAATGCATAGCATAGCTAGTGAAGGTGTATCCAGAAGCCTTGCAGGAAACCTTCACTGAGGCCCCAGGCTTCTTCACCTCAGCCCCAGACTGCACAAGCTGGACCTGGGAGTGGGCACCTGTAGAGAAGACACAGGAGTGGATGGAATTCCCCTTGACTGGCCTCGATCCCTTCCTCCTCACTGGGATTTGGCAGCCCCTTACCTGTGGCTGCTGCCACCAAAAAGAGGATCCTCCAGGTCCAGTCCATGGTGAGGCGTTGTGCTCTG,CACTGTG,CACTCTCAGGATGTGGGTTTTCA,GGTTTCTGA,TCTCTCGCACAGTAATACACAGCCGTGTCTTCAGATCTCAGGCTGCTCAGCTCCATGTAGGCTGTGCTCGCGGATGTGTCCCTGGTAATGGTGACTCTGCCCTGGAACTTCTGTGAATATTTTGTGTTACCATTGCCAGCGTTGATCCATCCCATCCACTCAAGCCTTTGTCCGGGGGCCTGGCGCACCCAATGCATAGCATAGCTAGTGAAGGTGTATCCAGAAGCCTTGCAGGAAACCTTCACTGAGGCCCCAGGCTTCTTCACCTCAGCCCCAGACTGCACAAGCTGGACCTGGGAGTGGGCAC,CTGTAGAGAAGACACAGGAGTGGATGGAATTCCCCTTGACTGGCCTCGATCCCTTCCTCCTCACTGGGATTTGGCAGCCCCTTAC,CTGTGGCTGCTGCCACCAAAAAGAGGATCCTCCAGGTCCAGTCCAT
B-2,2,IGHV4-4,,GGTTTGTGTCTGGGCTCACACTCACCTCCCCTCACTGTGTCTCTCGCACAGTAATACACGGCCGTGTCCGCGGCGGTCACAGAGCTCAGCTTCAGGGAGAACTGGTTCTTGGACGTGTCTACTGACATGGTGACTCGACTCTTGAGGGAGGGGTTGTAGTTGGTGCTCCCACTGGTATAGATACGCCCAATCCACTCCAGTCCCTTCCCGGCGGGCTGCCGGATCCAGCTCCAGTAGTAACTACTGATGGAGCCACCAGAGACAGTGCAGGTGAGGGACAGGGTCTCCGAAGGCTTCACCAGTCCTGGGCCCGACTCCTGCAGCTGCACCTGGGACAGGACCCCTGTGAACAGAGAGACCCACAGTGAGCCCTGGGATCAGAGGCACCTCCCATATCCCCATGTCTGCAGCCTTGAGACACTCACATCTGGGAGCTGCCACCAGCAGGAGGAAGAACCACAGGTGTTTCATGTTCTTGTGCAGGAGGTCC,CACTGTG,CTGGGCTCACACTCACCTCCCCT,GGTTTGTGT,TCTCTCGCACAGTAATACACGGCCGTGTCCGCGGCGGTCACAGAGCTCAGCTTCAGGGAGAACTGGTTCTTGGACGTGTCTACTGACATGGTGACTCGACTCTTGAGGGAGGGGTTGTAGTTGGTGCTCCCACTGGTATAGATACGCCCAATCCACTCCAGTCCCTTCCCGGCGGGCTGCCGGATCCAGCTCCAGTAGTAACTACTGATGGAGCCACCAGAGACAGTGCAGGTGAGGGACAGGGTCTCCGAAGGCTTCACCAGTCCTGGGCCCGACTCCTGCAGCTGCACCTGGGACAGGACCC,CTGTGAACAGAGAGACCCACAGTGAGCCCTGGGATCAGAGGCACCTCCCATATCCCCATGTCTGCAGCCTTGAGACACTCAC,ATCTGGGAGCTGCCACCAGCAGGAGGAAGAACCACAGGTGTTTCAT
B-2,1,IGHV7-4-1,,GGTTTTTGACACTCTCAGGATGTGGGTTTCCACACTGTGTCTCTCGCACAGTAATACACGGCAGTGTCCTCAGCCTTTAGGCTGCAGATCTGCAGATATGCCGTGCTGACAGAGGTGTCCAAGGAGAAGACAAACCGTCCTGTGAAGCCCTGGGCATACGTTGGGTTCCCAGTGTTGGTGTTGATCCATCCCATCCACTCAAGCCCTTGTCCAGGGGCCTGTCGCACCCAATTCATAGCATAGCTAGTGAAGGTGTATCCAGAAGCCTTGCAGGAAACCTTCACTGAGGCCCCAGGCTTCTTCAACTCAGACCCAGATTGCACCAGCTGCACCTGGGAGTGGGCACCTGTGGAGAGGAGATGGGAGTGCATGAAGTCTCACTTGACTGTGCTGGTTTCTCCCTCAGCCCAGTGACTGGGGAGCCCCTTACCTGTTGCTGCTGCCACCAAGAAGAGGATCCTCCAGGTCCAGTCCATGGTGTGGAGCTGTGGTCTA,CACTGTG,CACTCTCAGGATGTGGGTTTCCA,GGTTTTTGA,TCTCTCGCACAGTAATACACGGCAGTGTCCTCAGCCTTTAGGCTGCAGATCTGCAGATATGCCGTGCTGACAGAGGTGTCCAAGGAGAAGACAAACCGTCCTGTGAAGCCCTGGGCATACGTTGGGTTCCCAGTGTTGGTGTTGATCCATCCCATCCACTCAAGCCCTTGTCCAGGGGCCTGTCGCACCCAATTCATAGCATAGCTAGTGAAGGTGTATCCAGAAGCCTTGCAGGAAACCTTCACTGAGGCCCCAGGCTTCTTCAACTCAGACCCAGATTGCACCAGCTGCACCTGGGAGTGGGCAC,CTGTGGAGAGGAGATGGGAGTGCATGAAGTCTCACTTGACTGTGCTGGTTTCTCCCTCAGCCCAGTGACTGGGGAGCCCCTTAC,CTGTTGCTGCTGCCACCAAGAAGAGGATCCTCCAGGTCCAGTCCAT
B-2,2,IGHV2-5,,GGTTTTTGTACAGGAGGTGCCCTGGGCTGTGTCTTTGTGGTCTGTGTGCACAGTAATATGTGGCTGTGTCCACAGGGTCCATGTTGGTCATTGTAAGGACCACCTGGTTTTTGGAGGTGTCCTTGGTGATGGTGAGCCTGCTCTTCAGAGATGGGCTGTAGCGCTTATCATCATTCCAATAAATGAGTGCAAGCCACTCCAGGGCCTTTCCTGGGGGCTGACGGATCCAGCCCACACCCACTCCACTAGTGCTGAGTGAGAACCCAGAGAAGGTGCAGGTCAGCGTGAGGGTCTGTGTGGGTTTCACCAGCGTAGGACCAGACTCCTTCAAGGTGATCTGGGACAAGACCCCTGTGGAGAAAGCATAAGAAGATGAAGCCCACAAACAAGAAAACTGATGTTTCACCCGTGAAGGAGTCCCTGACCACAGCACTCACATGAAGGGATGGTCAGCAGCAGGAGCGTGGAGCAAAGTGTGTCCATGGTGGGGCACAGGAGTCAC,CTTTGTG,ACAGGAGGTGCCCTGGGCTGTGT,GGTTTTTGT,GTCTGTGTGCACAGTAATATGTGGCTGTGTCCACAGGGTCCATGTTGGTCATTGTAAGGACCACCTGGTTTTTGGAGGTGTCCTTGGTGATGGTGAGCCTGCTCTTCAGAGATGGGCTGTAGCGCTTATCATCATTCCAATAAATGAGTGCAAGCCACTCCAGGGCCTTTCCTGGGGGCTGACGGATCCAGCCCACACCCACTCCACTAGTGCTGAGTGAGAACCCAGAGAAGGTGCAGGTCAGCGTGAGGGTCTGTGTGGGTTTCACCAGCGTAGGACCAGACTCCTTCAAGGTGATCTGGGACAAGACCC,CTGTGGAGAAAGCATAAGAAGATGAAGCCCACAAACAAGAAAACTGATGTTTCACCCGTGAAGGAGTCCCTGACCACAGCACTCAC,ATGAAGGGATGGTCAGCAGCAGGAGCGTGGAGCAAAGTGTGTCCAT
B-2,1,IGHV2-5,,GGTTTTTGTACAGGAGGTGCCCTGGGCTGTGTCTTTGTGGTCTGTGTGCACAGTAATATGTGGCTGTGTCCACAGGGTCCATGTTGGTCATTGTAAGGACCACCTGGTTTTTGGAGGTGTCCTTGGTGATGGTGAGCCTGCTCTTCAGAGATGGGCTGTAGCGCTTATCATCATCCCAATAAATGAGTGCAAGCCACTCCAGGGCCTTTCCTGGGGGCTGACGGATCCAGCCCACACCCACTCCACTAGTGCTGAGTGAGAACCCAGAGAAGGTGCAGGTCAGCGTGAGGGTCTGTGTGGGTTTCACCAGCGTAGGACCAGACTCCTTCAAGGTGATCTGGGACAAGACCCCTGTGGAGAAAGCATAAGAAGATGAAGCCCACAAACAAGAAAACTGATGTTTCACCCGTGAAGGAGTCCCTGACCACAGCACTCACATGAAGGGATGGTCAGCAGCAGGAGCGTGGAGCAAAGTGTGTCCATGGTGGGGCACAGGAGTCAC,CTTTGTG,ACAGGAGGTGCCCTGGGCTGTGT,GGTTTTTGT,GTCTGTGTGCACAGTAATATGTGGCTGTGTCCACAGGGTCCATGTTGGTCATTGTAAGGACCACCTGGTTTTTGGAGGTGTCCTTGGTGATGGTGAGCCTGCTCTTCAGAGATGGGCTGTAGCGCTTATCATCATCCCAATAAATGAGTGCAAGCCACTCCAGGGCCTTTCCTGGGGGCTGACGGATCCAGCCCACACCCACTCCACTAGTGCTGAGTGAGAACCCAGAGAAGGTGCAGGTCAGCGTGAGGGTCTGTGTGGGTTTCACCAGCGTAGGACCAGACTCCTTCAAGGTGATCTGGGACAAGACCC,CTGTGGAGAAAGCATAAGAAGATGAAGCCCACAAACAAGAAAACTGATGTTTCACCCGTGAAGGAGTCCCTGACCACAGCACTCAC,ATGAAGGGATGGTCAGCAGCAGGAGCGTGGAGCAAAGTGTGTCCAT
B-2,2,IGHV3-7,,GGTTTGTGTCTGGGCTCACACTGACTTCCCCTCACTGTGTCTCTCGCACAGTAATACACAGCCGTGTCCTCGGCTCTCAGGCTGTTCATTTGCAGATACAGTGAGTTCTTGGCGTTGTCTCTGGAGATGGTGAATCGGCCCTTCACAGAGTCCACATAGTATTTCTCACTTCCATCTTGCTTTATGTTGGCCACCCACTCCAGCCCCTTCCCTGGAGCCTGGCGGACCCAGCTCATCCAATAGCTACTAAAGGTGAATCCAGAGGCTGCACAGGAGAGTCTCAGGGACCCCCCAGGCTGGACCAAGCCTCCCCCAGACTCCACCAGCTGCACCTCACACTGGACACCTGCAAACAAAGAGACACCAAGGTCAGAAACTGCCACACAAATCCACTGTTTCTCACACTCATATCCACACACACTCAATCTTCCTAGTTTTCCATGAATCACCTTCTAAAATAGCAACAAGGAAAACCCAGCTCAGCCCCAATTCCATGGTGAGTCCTCTGTGCTCA,CACTGTG,CTGGGCTCACACTGACTTCCCCT,GGTTTGTGT,TCTCTCGCACAGTAATACACAGCCGTGTCCTCGGCTCTCAGGCTGTTCATTTGCAGATACAGTGAGTTCTTGGCGTTGTCTCTGGAGATGGTGAATCGGCCCTTCACAGAGTCCACATAGTATTTCTCACTTCCATCTTGCTTTATGTTGGCCACCCACTCCAGCCCCTTCCCTGGAGCCTGGCGGACCCAGCTCATCCAATAGCTACTAAAGGTGAATCCAGAGGCTGCACAGGAGAGTCTCAGGGACCCCCCAGGCTGGACCAAGCCTCCCCCAGACTCCACCAGCTGCACCTCACACTGGACAC,CTGCAAACAAAGAGACACCAAGGTCAGAAACTGCCACACAAATCCACTGTTTCTCACACTCATATCCACACACACTCAATCTTCCTAGTTTTCCATGAATCAC,CTTCTAAAATAGCAACAAGGAAAACCCAGCTCAGCCCCAATTCCAT
B-2,1,IGHV3-7,,GGTTTGTGTCTGGGCTCACACTGACTTCCCCTCACTGTGTCTCTCGCACAGTAATACACGGCCGTGTCCTCGGCTCTCAGGCTGTTCATTTGCAGATACAGTGAGTTCTTGGCGTTGTCTCTGGAGATGGTGAATCGGCCCTTCACAGAGTCCACATAGTATTTCTCACTTCCATCTTGCTTTATGTTGGCCACCCACTCCAGCCCCTTCCCTGGAGCCTGGCGGACCCAGCTCATCCAATAGCTACTAAAGGTGAATCCAGAGGCTGCACAGGAGAGTCTCAGGGACCCCCCAGGCTGGACCAAGCCTCCCCCAGACTCCACCAGCTGCACCTCACACTGGACACCTGCAAACAAAGAGACACCAAGGTCAGAAACTGCCACACAAATCCACTGTTTCTCACACTCATATCCACACACACTCAATCTTCCTAGTTTTCCATGAATCACCTTCTAAAATAGCAACAAGGAAAACCCAGCTCAGCCCCAACTCCATGGTGAGTCCTCTGTGCTCA,CACTGTG,CTGGGCTCACACTGACTTCCCCT,GGTTTGTGT,TCTCTCGCACAGTAATACACGGCCGTGTCCTCGGCTCTCAGGCTGTTCATTTGCAGATACAGTGAGTTCTTGGCGTTGTCTCTGGAGATGGTGAATCGGCCCTTCACAGAGTCCACATAGTATTTCTCACTTCCATCTTGCTTTATGTTGGCCACCCACTCCAGCCCCTTCCCTGGAGCCTGGCGGACCCAGCTCATCCAATAGCTACTAAAGGTGAATCCAGAGGCTGCACAGGAGAGTCTCAGGGACCCCCCAGGCTGGACCAAGCCTCCCCCAGACTCCACCAGCTGCACCTCACACTGGACAC,CTGCAAACAAAGAGACACCAAGGTCAGAAACTGCCACACAAATCCACTGTTTCTCACACTCATATCCACACACACTCAATCTTCCTAGTTTTCCATGAATCAC,CTTCTAAAATAGCAACAAGGAAAACCCAGCTCAGCCCCAACTCCAT
B-2,0,IGHV5-10-1,,GGGTTTTAGACGGGCTCAGTGCTGGTTTCTCTCACTGTGTGTCTCGCACAGTAATACATGGCGGTGTCCGAGGCCTTCAGGCTGCTCCACTGCAGGTAGGCAGTGCTGATGGACTTGTCAGCTGAGATGGTGACGTGGCCTTGGAAGGACGGGCTGTAGTTGGTATAAGAGTCACTAGGATCAATCCTCCCCATCCACTCCAGGCCTTTCCCGGGCATCTGGCGCACCCAGCTGATCCAGTAGCTGGTAAAGCTGTATCCAGAACCCTTACAGGAGATCCTCAGAGACTCCCCGGGCTTTTTCACCTCTGCTCCGGACTGCACCAGCTGCACTTCGGCACAGACTCCTGTATGGAAGACACAAAATTTGAATCAGGAGTTGCTTTCCACCCGTTCTCCTCTGTGACCTCAAGCCCTCGGCAGGACTGACCTTGGAGAACAGCCAGGAGGAGGGCGAGGATGGCGGTTGACCCCATCCTGGAGGAGGACAGAAAA,CACTGTG,ACGGGCTCAGTGCTGGTTTCTCT,GGGTTTTAG,TGTCTCGCACAGTAATACATGGCGGTGTCCGAGGCCTTCAGGCTGCTCCACTGCAGGTAGGCAGTGCTGATGGACTTGTCAGCTGAGATGGTGACGTGGCCTTGGAAGGACGGGCTGTAGTTGGTATAAGAGTCACTAGGATCAATCCTCCCCATCCACTCCAGGCCTTTCCCGGGCATCTGGCGCACCCAGCTGATCCAGTAGCTGGTAAAGCTGTATCCAGAACCCTTACAGGAGATCCTCAGAGACTCCCCGGGCTTTTTCACCTCTGCTCCGGACTGCACCAGCTGCACTTCGGCACAGACTC,CTGTATGGAAGACACAAAATTTGAATCAGGAGTTGCTTTCCACCCGTTCTCCTCTGTGACCTCAAGCCCTCGGCAGGACTGAC,CTTGGAGAACAGCCAGGAGGAGGGCGAGGATGGCGGTTGACCCCAT
B-2,1,IGHV3-11,,GGTTTGTGTCTGGGCTCACACTGACCTCCCCTCACTGTGTCTCTCGCACAGTAATACACAGCCGTGTCCTCGGCTCTCAGGCTGTTCATTTGCAGATACAGTGAGTTCTTGGCGTTGTCTCTGGAGATGGTGAATCGGCCCTTCACAGAGTCTGCGTAGTTTGTGTAACTACTACTACTACTAATGTATGAAACCCACTCCAGCCCCTTCCCTGGAGCCTGGCGGATCCAGCTCATGTAGTAGTCACTGAAGGTGAATCCAGAGGCTGCACAGGAGAGTCTCAGGGACCCTCCAGGCTTGACCAAGCCTCCCCCAGACTCCACCAGCTGCACCTGACACTGGACACCTGCAAACACAGAGACAACCTGGTCAGAAACTGCCACATATATTCACTGCTTATCTCACTCACGTCCACTCAATGTCTCTAGTTCTCCATAAATCACCTTTTATAATAGCAACAAGGAAAACCCAGCTCAGCCCAAACTCCATGGTGAGTCCTCTGTGTTCA,CACTGTG,CTGGGCTCACACTGACCTCCCCT,GGTTTGTGT,TCTCTCGCACAGTAATACACAGCCGTGTCCTCGGCTCTCAGGCTGTTCATTTGCAGATACAGTGAGTTCTTGGCGTTGTCTCTGGAGATGGTGAATCGGCCCTTCACAGAGTCTGCGTAGTTTGTGTAACTACTACTACTACTAATGTATGAAACCCACTCCAGCCCCTTCCCTGGAGCCTGGCGGATCCAGCTCATGTAGTAGTCACTGAAGGTGAATCCAGAGGCTGCACAGGAGAGTCTCAGGGACCCTCCAGGCTTGACCAAGCCTCCCCCAGACTCCACCAGCTGCACCTGACACTGGACAC,CTGCAAACACAGAGACAACCTGGTCAGAAACTGCCACATATATTCACTGCTTATCTCACTCACGTCCACTCAATGTCTCTAGTTCTCCATAAATCAC,CTTTTATAATAGCAACAAGGAAAACCCAGCTCAGCCCAAACTCCAT
B-2,2,IGHV3-11,,GGTTTGTGTCTGGGCTCACACTGACTTCCCCTCACTGTGTCTCTCGCACAGTAATACACGGCCGTGTCCTCGGCTCTCAGGCTGTTCATTTGCAGATACAGTGAGTTCTTGGCGTTGTCCCTGGAGATGGTGAATCGGCCCTTCACAGAGTCTGCGTAGTATATGGTACTACCACTACTACTAATGTATGAAACCCACTCCAGCCCCTTCCCTGGAGCCTGGCGGATCCAGCTCATGTAGTAGTCACTGAAGGTGAATCCAGAGGCTGCACAGGAGAGTCTCAGGGACCCTCCAGGCTTGACCAAGCCTCCCCCAGACTCCACCAGCTGCACCTGACACTGGACACCTGCAAACACAGAGACAACCTAGTCAGAAACTGCCACATATATTCACTGCTTATCTCACTCACGTCCACTCAATGTCTCTAGTTCTCCATAAATCACCTTTTATAATAGCAACAAGGAAAACCCAGCTCAGCCCAAACTCCATGGTGAGTCCTCTGTGTTCA,CACTGTG,CTGGGCTCACACTGACTTCCCCT,GGTTTGTGT,TCTCTCGCACAGTAATACACGGCCGTGTCCTCGGCTCTCAGGCTGTTCATTTGCAGATACAGTGAGTTCTTGGCGTTGTCCCTGGAGATGGTGAATCGGCCCTTCACAGAGTCTGCGTAGTATATGGTACTACCACTACTACTAATGTATGAAACCCACTCCAGCCCCTTCCCTGGAGCCTGGCGGATCCAGCTCATGTAGTAGTCACTGAAGGTGAATCCAGAGGCTGCACAGGAGAGTCTCAGGGACCCTCCAGGCTTGACCAAGCCTCCCCCAGACTCCACCAGCTGCACCTGACACTGGACAC,CTGCAAACACAGAGACAACCTAGTCAGAAACTGCCACATATATTCACTGCTTATCTCACTCACGTCCACTCAATGTCTCTAGTTCTCCATAAATCAC,CTTTTATAATAGCAACAAGGAAAACCCAGCTCAGCCCAAACTCCAT
B-2,1,IGHV3-13,,GGTTTGTGTCTGGGCTCATACTGACTTCCCCTCACTGTGTCTCTTGCACAGTAATACACAGCCGTGTCCCCGGCTCTCAGGCTGTTCATTTGAAGATACAAGGAGTTCTTGGCATTTTCTCTGGAGATGGTGAATCGGCCCTTCACGGAGCCTGGATAGTATGGGTCACCAGCAGTACCAATAGCTGAGACCCACTCCAGACCTTTTCCTGTAGCTTGGCGGACCCAGTGCATGTCGTAGCTACTGAAGGTGAATCCAGAGGCTGCACAGGAGAGTCTCAGGGACCCCCCAGGCTGTACCAAGCCTCCCCCAGACTCCACCAGCTGCACCTCACACTGGACACCTGCAAACACAGAGACACAAAAGTCAGAAATTGCCACACATACCCACTGTTTCTCTCATTCATGCCCATTCACACTCAATATCTCTAGTTCTCCATGAATCACCTTCTAATATAGCAACAAGGAAAACCCAGCTCAGCCCCAACTCCATGGTGAGTCCTGTGTGTTCA,CACTGTG,CTGGGCTCATACTGACTTCCCCT,GGTTTGTGT,TCTCTTGCACAGTAATACACAGCCGTGTCCCCGGCTCTCAGGCTGTTCATTTGAAGATACAAGGAGTTCTTGGCATTTTCTCTGGAGATGGTGAATCGGCCCTTCACGGAGCCTGGATAGTATGGGTCACCAGCAGTACCAATAGCTGAGACCCACTCCAGACCTTTTCCTGTAGCTTGGCGGACCCAGTGCATGTCGTAGCTACTGAAGGTGAATCCAGAGGCTGCACAGGAGAGTCTCAGGGACCCCCCAGGCTGTACCAAGCCTCCCCCAGACTCCACCAGCTGCACCTCACACTGGACAC,CTGCAAACACAGAGACACAAAAGTCAGAAATTGCCACACATACCCACTGTTTCTCTCATTCATGCCCATTCACACTCAATATCTCTAGTTCTCCATGAATCAC,CTTCTAATATAGCAACAAGGAAAACCCAGCTCAGCCCCAACTCCAT
B-2,2,IGHV3-13,,GGTTTGTGTCTGGGCTCATACTGACTTCCCCTCACTGTGTCTCTTGCACAGTAATACACAGCCGTGTCCCCGGCTCTCAGGCTGTTCATTTGAAGATACAAGGAGTTCTTGGCATTTTCTCTGGAGATGGTGAATCGGCCCTTCACGGAGCCTGGATAGTATGTGTCACCAGCAGTACCAATAGCTGAGACCCACTCCAGACCTTTTCCTGTAGCTTGGCGGACCCAGTGCATGTCGTAGCTACTGAAGGTGAATCCAGAGGCTGCACAGGAGAGTCTCAGGGACCCCCCAGGCTGTACCAAGCCTCCCCCAGACTCCACCAGCTGCACCTCACACTGGACACCTGCAAACACAGAGACACAAAAGTCAGAAATTGCCACACATACCCACTGTTTCTCTCATTCATGCCCATTCACACTCAATATCTCTAGTTCTCCATGAATCACCTTCTAATATAGCAACAAGGAAAACCCAGCTCAGCCCCAACTCCATGGTGAGTCCTGTGTGTTCA,CACTGTG,CTGGGCTCATACTGACTTCCCCT,GGTTTGTGT,TCTCTTGCACAGTAATACACAGCCGTGTCCCCGGCTCTCAGGCTGTTCATTTGAAGATACAAGGAGTTCTTGGCATTTTCTCTGGAGATGGTGAATCGGCCCTTCACGGAGCCTGGATAGTATGTGTCACCAGCAGTACCAATAGCTGAGACCCACTCCAGACCTTTTCCTGTAGCTTGGCGGACCCAGTGCATGTCGTAGCTACTGAAGGTGAATCCAGAGGCTGCACAGGAGAGTCTCAGGGACCCCCCAGGCTGTACCAAGCCTCCCCCAGACTCCACCAGCTGCACCTCACACTGGACAC,CTGCAAACACAGAGACACAAAAGTCAGAAATTGCCACACATACCCACTGTTTCTCTCATTCATGCCCATTCACACTCAATATCTCTAGTTCTCCATGAATCAC,CTTCTAATATAGCAACAAGGAAAACCCAGCTCAGCCCCAACTCCAT
B-2,2,IGHV3-15,,GGTTTGTGTCCGGGCTCACACTGACCTCCCCTCACTGTGTCTGTGGTACAGTAATACACGGCTGTGTCCTCGGTTTTCAGGCTGTTCATTTGCAGATACAGCGTGTTTTTTGAATCATCTCTTGAGATGGTGAATCTGCCTTTCACGGGTGCAGCGTAGTCTGTTGTCCCACCATCAGTTTTGCTTTTAATACGGCCAACCCACTCCAGCCCCTTCCCTGGAGCCTGGCGGACCCAGCTCATCCAGGCGTTACTGAAAGTGAATCCAGAGGCTGCACAGGAGAGTCTAAGGGACCCCCCAGGCTTTACCAAGCCTCCCCCAGACTCCACCAGCTGCACCTCACACTGGACACCTGCAAACACAGAGACACTAAGATCAGAAACTGCCACACATATCCACTGTTTCTCTCACTCACGTCCACTCACACTTAATCTCTCTAGTTCTCCATAAATCACCTTTTAAAATAGCAGCAAGGAAAATCCAGCTCAGCCCAAACTCCATGGTGAGTCCTCTGTGTTCA,CACTGTG,CCGGGCTCACACTGACCTCCCCT,GGTTTGTGT,TCTGTGGTACAGTAATACACGGCTGTGTCCTCGGTTTTCAGGCTGTTCATTTGCAGATACAGCGTGTTTTTTGAATCATCTCTTGAGATGGTGAATCTGCCTTTCACGGGTGCAGCGTAGTCTGTTGTCCCACCATCAGTTTTGCTTTTAATACGGCCAACCCACTCCAGCCCCTTCCCTGGAGCCTGGCGGACCCAGCTCATCCAGGCGTTACTGAAAGTGAATCCAGAGGCTGCACAGGAGAGTCTAAGGGACCCCCCAGGCTTTACCAAGCCTCCCCCAGACTCCACCAGCTGCACCTCACACTGGACAC,CTGCAAACACAGAGACACTAAGATCAGAAACTGCCACACATATCCACTGTTTCTCTCACTCACGTCCACTCACACTTAATCTCTCTAGTTCTCCATAAATCAC,CTTTTAAAATAGCAGCAAGGAAAATCCAGCTCAGCCCAAACTCCAT
B-2,1,IGHV3-15,,GGTTTGTGTCCGGGCTCACACTGACCTCCCCTCACTGTGTCTGTGGTACAGTAATACACGGCTGTGTCCTCGGTTTTCAGGCTGTTCATTTGCAGATACAGCGTGTTTTTTGAATCATCTCTTGAGATGGTGAATCTGCCTTTCACGGGTGCAGCGTAGTCTGTTGTCCCACCATCAGTTTTGCTTTTAATACGGCCAACCCACTCCAGCCCCTTCCCTGGAGCCTGGCGGACCCAGCTCATCCAGGCGTTACTGAAAGTGAATCCAGAGGCTGCACAGGAGAGTCTAAGGGACCCCCCAGGCTTTACCAAGCCTCCCCCAGACTCCACCAGCTGCACCTCACACTGGACACCTGCAAACACAGAGACACTAAGATCAGAAACTGCCACACATATCCACTGTTTCTCTCACTCACGTCCACTCACACTTAATCTCTCTAGTTCTCCATAAATCACCTTTTAAAATAGCAGCAAGGAAAATCCAGCTCAGCCCAAACTCCATGGTGAGTCCTCTGTGTTCA,CACTGTG,CCGGGCTCACACTGACCTCCCCT,GGTTTGTGT,TCTGTGGTACAGTAATACACGGCTGTGTCCTCGGTTTTCAGGCTGTTCATTTGCAGATACAGCGTGTTTTTTGAATCATCTCTTGAGATGGTGAATCTGCCTTTCACGGGTGCAGCGTAGTCTGTTGTCCCACCATCAGTTTTGCTTTTAATACGGCCAACCCACTCCAGCCCCTTCCCTGGAGCCTGGCGGACCCAGCTCATCCAGGCGTTACTGAAAGTGAATCCAGAGGCTGCACAGGAGAGTCTAAGGGACCCCCCAGGCTTTACCAAGCCTCCCCCAGACTCCACCAGCTGCACCTCACACTGGACAC,CTGCAAACACAGAGACACTAAGATCAGAAACTGCCACACATATCCACTGTTTCTCTCACTCACGTCCACTCACACTTAATCTCTCTAGTTCTCCATAAATCAC,CTTTTAAAATAGCAGCAAGGAAAATCCAGCTCAGCCCAAACTCCAT
B-2,2,IGHV3-16,,TTTGTGTCTGGGCTCGCACTTGTGTCCCCTCACAGGATTTCTCACACAGTAATACACAGCCATGTCCTCGGCTCTCCGTCTGTTCTTTTGCAGATACAGGGAGTTCCTGGAATTGTCTCTGGAGATGATGAATCGGCGCTTCACGGAGTCCACATAGTGCGTCCTACTGCCATTCCAACTAACACCCGATACCCACTCCAGCCCCTTTCCTGGAGCCTTGCGGGCCCAGTTCATGTCACTGTTACTGAAGGTGAATCCAGAGGCTGCACAGGAGAGTCTCAGGGACCCCCCAGGCTGTACCAAGCCTCCCCCAGACTCCACCAGCTGCACCTCACACTGGACACCTGCAAACACAGAGACACCCTGGTCAGAAACTGCCACACATATCCACTGTTTCTCTCACTCATGTCCACTCACTCAATATCCTTAGTTCTCCATGAATCACCTTTTAAAATACCAGCAAGAAAAACCCAGCTCAGCCCAAATTCCATGGTAATTTGTTTATTGCTG,CAGGATT,GGGCTCGCACTTGTGTCCCCTCA,TTTGTGTCT,TCTCACACAGTAATACACAGCCATGTCCTCGGCTCTCCGTCTGTTCTTTTGCAGATACAGGGAGTTCCTGGAATTGTCTCTGGAGATGATGAATCGGCGCTTCACGGAGTCCACATAGTGCGTCCTACTGCCATTCCAACTAACACCCGATACCCACTCCAGCCCCTTTCCTGGAGCCTTGCGGGCCCAGTTCATGTCACTGTTACTGAAGGTGAATCCAGAGGCTGCACAGGAGAGTCTCAGGGACCCCCCAGGCTGTACCAAGCCTCCCCCAGACTCCACCAGCTGCACCTCACACTGGACAC,CTGCAAACACAGAGACACCCTGGTCAGAAACTGCCACACATATCCACTGTTTCTCTCACTCATGTCCACTCACTCAATATCCTTAGTTCTCCATGAATCAC,CTTTTAAAATACCAGCAAGAAAAACCCAGCTCAGCCCAAATTCCAT
B-2,1,IGHV3-16,,TTTGTGTCTGGGCTCGCACTTGTGTCCCCTCACAGGATTTCTCACACAGTAATACACAGCCATGTCCTCGGCTCTCCGTCTGTTCTTTTGCAGATACAGGGAGTTCCTGGAATTGTCTCTGGAGATGATGAATCGGCGCTTCACGGAGTCCACATAGTGCGTCCTACTGCCATTCCAACTAACACCCGATACCCACTCCAGCCCCTTTCCTGGAGCCTTGCGGGCCCAGTTCATGTCACTGTTACTGAAGGTGAATCCAGAGGCTGCACAGGAGAGTCTCAGGGACCCCCCAGGCTGTACCAAGCCTCCCCCAGACTCCACCAGCTGCACCTCACACTGGACACCTGCAAACACAGAGACACCCTGGTCAGAAACTGCCACACATATCCACTGTTTCTCTCACTCATGTCCACTCACTCAATATCCTTAGTTCTCCATGAATCACCTTTTAAAATACCAGCAAGAAAAACCCAGCTCAGCCCAAATTCCATGGTAATTTGTTTATTGCTG,CAGGATT,GGGCTCGCACTTGTGTCCCCTCA,TTTGTGTCT,TCTCACACAGTAATACACAGCCATGTCCTCGGCTCTCCGTCTGTTCTTTTGCAGATACAGGGAGTTCCTGGAATTGTCTCTGGAGATGATGAATCGGCGCTTCACGGAGTCCACATAGTGCGTCCTACTGCCATTCCAACTAACACCCGATACCCACTCCAGCCCCTTTCCTGGAGCCTTGCGGGCCCAGTTCATGTCACTGTTACTGAAGGTGAATCCAGAGGCTGCACAGGAGAGTCTCAGGGACCCCCCAGGCTGTACCAAGCCTCCCCCAGACTCCACCAGCTGCACCTCACACTGGACAC,CTGCAAACACAGAGACACCCTGGTCAGAAACTGCCACACATATCCACTGTTTCTCTCACTCATGTCCACTCACTCAATATCCTTAGTTCTCCATGAATCAC,CTTTTAAAATACCAGCAAGAAAAACCCAGCTCAGCCCAAATTCCAT
B-2,2,IGHV1-18,,GGTTTCTGAAACCCTCAGGATGTGGGTTTTCACACTGTGTCTCTCGCACAGTAATACACGGCCGTGTCGTCAGATCTCAGGCTCCTCAGCTCCATGTAGGCTGTGCTCGTGGATGTGTCTGTGGTCATGGTGACTCTGCCCTGGAGCTTCTGTGCATAGTTTGTGTTACCATTGTAAGCGCTGATCCATCCCATCCACTCAAGCCCTTGTCCAGGGGCCTGTCGCACCCAGCTGATACCATAGCTGGTAAAGGTGTAACCAGAAGCCTTGCAGGAGACCTTCACTGAGGCCCCAGGCTTCTTCACCTCAGCTCCAGACTGCACCAGCTGAACCTGGGAGTGGGCACCTGTGGAGAGGACACAGGAGTGGGTGAAGTCTCACATGACTGGCCTGGTTTCTCTCTCAGCCCTGGGACTGGGGAGTCCGTTACCTGTTGCTGCTGCCACCAAGAAAAGGATGCTCCAGGTCCAGTCCATGGTGAGGAGCTGTGATCTA,CACTGTG,AACCCTCAGGATGTGGGTTTTCA,GGTTTCTGA,TCTCTCGCACAGTAATACACGGCCGTGTCGTCAGATCTCAGGCTCCTCAGCTCCATGTAGGCTGTGCTCGTGGATGTGTCTGTGGTCATGGTGACTCTGCCCTGGAGCTTCTGTGCATAGTTTGTGTTACCATTGTAAGCGCTGATCCATCCCATCCACTCAAGCCCTTGTCCAGGGGCCTGTCGCACCCAGCTGATACCATAGCTGGTAAAGGTGTAACCAGAAGCCTTGCAGGAGACCTTCACTGAGGCCCCAGGCTTCTTCACCTCAGCTCCAGACTGCACCAGCTGAACCTGGGAGTGGGCAC,CTGTGGAGAGGACACAGGAGTGGGTGAAGTCTCACATGACTGGCCTGGTTTCTCTCTCAGCCCTGGGACTGGGGAGTCCGTTAC,CTGTTGCTGCTGCCACCAAGAAAAGGATGCTCCAGGTCCAGTCCAT
B-2,1,IGHV1-18,,GGTTTCTGAAACCCTCAGGATGTGGGTTTTCACACTGTGTCTCTCGCACAGTAATACACGGCCGTGTCGTCAGATCTCAGGCTCCTCAGCTCCATGTAGGCTGTGCTCGTGGATGTGTCTGTGGTCATGGTGACTCTGCCCTGGAGCTTCTGTGCATAGTTTGTGTTACCATTGTAAGCGCTGATCCATCCCATCCACTCAAGCCCTTGTCCAGGGGCCTGTCGCACCCAGCTGATACCGTAGCTGGTAAAGGTGTAACCAGAAGCCTTGCAGGAGACCTTCACTGAGGCCCCAGGCTTCTTCACCTCAGCTCCAGACTGCACCAGCTGAACCTGGGAGTGGGCACCTGTGGAGAGGACACAGGAGTGGGTGAAGTCTCACATGACTGGCCTGGTTTCTCTCTCAGCCCTGGGACTGGGGAGTCCGTTACCTGTTGCTGCTGCCACCAAGAAAAGGATGCTCCAGGTCCAGTCCATGGTGAGGAGCTGTGATCTA,CACTGTG,AACCCTCAGGATGTGGGTTTTCA,GGTTTCTGA,TCTCTCGCACAGTAATACACGGCCGTGTCGTCAGATCTCAGGCTCCTCAGCTCCATGTAGGCTGTGCTCGTGGATGTGTCTGTGGTCATGGTGACTCTGCCCTGGAGCTTCTGTGCATAGTTTGTGTTACCATTGTAAGCGCTGATCCATCCCATCCACTCAAGCCCTTGTCCAGGGGCCTGTCGCACCCAGCTGATACCGTAGCTGGTAAAGGTGTAACCAGAAGCCTTGCAGGAGACCTTCACTGAGGCCCCAGGCTTCTTCACCTCAGCTCCAGACTGCACCAGCTGAACCTGGGAGTGGGCAC,CTGTGGAGAGGACACAGGAGTGGGTGAAGTCTCACATGACTGGCCTGGTTTCTCTCTCAGCCCTGGGACTGGGGAGTCCGTTAC,CTGTTGCTGCTGCCACCAAGAAAAGGATGCTCCAGGTCCAGTCCAT
B-2,2,IGHV3-20,,CGTTTGTGTCTGGGCTCTCACTGGCTTCCCCTCACTGTGTCTCTCGCACAGTGATACAAGGCCGTGTCCTCGGCTCTCAGACTGTTCATTTGCAGATACAGGGAGTTCTTGGCGTTGTCTCTGGAGATGGTGAATCGGCCCTTCACAGAGTCTGCATAACCTGTGCTACCACCATTCCAATTAATACCAGAGACCCACTCCAGCCCCTTCCCTGGAGCTTGGCGGACCCAGCTCATGCCATAATCATCAAAGGTGAATCCAGAGGCTGCACAGGAGAGTCTCAGGGACCCCCCAGGCCGTACCACACCTCCCCCAGACTCCACCAGCTGCACCTCACACTGGACACCTGCAAACACAGAGACACCCTGGTCAGAAACTGCCACACAAATCCACTGTTTCTCTCACTCGTGTTCACTCACACTCAACATCTCTATTGATCCATGAATCACCTTTTAAAATAGCAACAAGGAAAACCCAGCTCAGCCCAAACTCCATGGCGAGTCCTCTGTGTTCA,CACTGTG,CTGGGCTCTCACTGGCTTCCCCT,CGTTTGTGT,TCTCTCGCACAGTGATACAAGGCCGTGTCCTCGGCTCTCAGACTGTTCATTTGCAGATACAGGGAGTTCTTGGCGTTGTCTCTGGAGATGGTGAATCGGCCCTTCACAGAGTCTGCATAACCTGTGCTACCACCATTCCAATTAATACCAGAGACCCACTCCAGCCCCTTCCCTGGAGCTTGGCGGACCCAGCTCATGCCATAATCATCAAAGGTGAATCCAGAGGCTGCACAGGAGAGTCTCAGGGACCCCCCAGGCCGTACCACACCTCCCCCAGACTCCACCAGCTGCACCTCACACTGGACAC,CTGCAAACACAGAGACACCCTGGTCAGAAACTGCCACACAAATCCACTGTTTCTCTCACTCGTGTTCACTCACACTCAACATCTCTATTGATCCATGAATCAC,CTTTTAAAATAGCAACAAGGAAAACCCAGCTCAGCCCAAACTCCAT
B-2,1,IGHV3-20,,CGTTTGTGTCTGGGCTCTCACTGGCTTCCCCTCACTGTGTCTCTCGCACAGTGATACAAGGCCGTGTCCTCGGCTCTCAGACTGTTCATTTGCAGATACAGGGAGTTCTTGGCGTTGTCTCTGGAGATGGTGAATCGGCCCTTCACAGAGTCTGCATAACCTGTGCTACCACCATTCCAATTAATACCAGAGACCCACTCCAGCCCCTTCCCTGGAGCTTGGCGGACCCAGCTCATGCCATAATCATCAAAGGTGAATCCAGAGGCTGCAAAGGAGAGTCTCAGGGACCCCCCAGGCCGTACCACACCTCCCCCAGACTCCACCAGCTGCACCTCACACTGGACACCTGCAAACACAGAGACACCCTGGTCAGAAACTGCCACACAAATCCACTGTTTCTCTCACTCGTGTTCACTCACACTCAACATCTCTATTGATCCATGAATCACCTTTTAAAATAGCAACAAGGAAAACCCAGCTCAGCCCAAACTCCATGGCGAGTCCTCTGTGTTCA,CACTGTG,CTGGGCTCTCACTGGCTTCCCCT,CGTTTGTGT,TCTCTCGCACAGTGATACAAGGCCGTGTCCTCGGCTCTCAGACTGTTCATTTGCAGATACAGGGAGTTCTTGGCGTTGTCTCTGGAGATGGTGAATCGGCCCTTCACAGAGTCTGCATAACCTGTGCTACCACCATTCCAATTAATACCAGAGACCCACTCCAGCCCCTTCCCTGGAGCTTGGCGGACCCAGCTCATGCCATAATCATCAAAGGTGAATCCAGAGGCTGCAAAGGAGAGTCTCAGGGACCCCCCAGGCCGTACCACACCTCCCCCAGACTCCACCAGCTGCACCTCACACTGGACAC,CTGCAAACACAGAGACACCCTGGTCAGAAACTGCCACACAAATCCACTGTTTCTCTCACTCGTGTTCACTCACACTCAACATCTCTATTGATCCATGAATCAC,CTTTTAAAATAGCAACAAGGAAAACCCAGCTCAGCCCAAACTCCAT
B-2,2,IGHV3-21,,GGTTTGTGTCTGGGCTCACACTGACCTCCCCTCACTGTGTCTCTCGCACAGTAATACACAGCCGTGTCCTCGGCTCTCAGGCTGTTCATTTGCAGATACAGTGAGTTCTTGGCGTTGTCTCTGGAGATGGTGAATCGGCCCTTCACTGAGTCTGCGTAGTATATGTAACTACTACTACTACTAATGGATGAGACCCACTCCAGCCCCTTCCCTGGAGCCTGGCGGACCCAGTTCATGCTATAGCTACTGAAGGTGAATCCAGAGGCTGCACAGGAGAGTCTCAGGGACCCCCCAGGCTTGACCAGGCCTCCCCCAGACTCCACCAGCTGCACCTCACACTGGACACCTGCAAACAGAGAGACATTGGTCAGAAACTGTCACACACATCCACCGTTTCTCTCACTCATATCCACACACACTAAATCTCTCTACTTTTCCATGATTCACCTTCTAAAATAGCAACAAGGAAAACCCAGCGGAGCCCCAGTTCCATGGTGAATCCTCGGTGCTCC,CACTGTG,CTGGGCTCACACTGACCTCCCCT,GGTTTGTGT,TCTCTCGCACAGTAATACACAGCCGTGTCCTCGGCTCTCAGGCTGTTCATTTGCAGATACAGTGAGTTCTTGGCGTTGTCTCTGGAGATGGTGAATCGGCCCTTCACTGAGTCTGCGTAGTATATGTAACTACTACTACTACTAATGGATGAGACCCACTCCAGCCCCTTCCCTGGAGCCTGGCGGACCCAGTTCATGCTATAGCTACTGAAGGTGAATCCAGAGGCTGCACAGGAGAGTCTCAGGGACCCCCCAGGCTTGACCAGGCCTCCCCCAGACTCCACCAGCTGCACCTCACACTGGACAC,CTGCAAACAGAGAGACATTGGTCAGAAACTGTCACACACATCCACCGTTTCTCTCACTCATATCCACACACACTAAATCTCTCTACTTTTCCATGATTCAC,CTTCTAAAATAGCAACAAGGAAAACCCAGCGGAGCCCCAGTTCCAT
B-2,1,IGHV3-21,,GGTTTGTGTCTGGGCTCACACTGACTTCCCCTCACTGTGTCTCTCGCACAGTAATACACAGCCGTGTCCTCGGCTCTCAGGCTGTTCATTTGCAGATACAGTGAGTTCTTGGCGTTGTCTCTGGAGATGGTGAATCGGCCCTTCACTGAGTCTGCGTAGTATATGTAACTACTACTACTACTAATGGATGAGACCCACTCCAGCCCCTTCCCTGGAGCCTGGCGGACCCAGTTCATGCTATAGCTACTGAAGGTGAATCCAGAGGCTGCACAGGAGAGTCTCAGGGACCCCCCAGGCTTGACCAGGCCTCCCCCAGACTCCACCAGCTGCACCTCACACTGGACACCTGCAAACAGAGAGACATTGGTCAGAAACTGTCACACACATCCACCGTTTCTCTCACTCATATCCACACACACTAAATCTCTCTACTTTTCCATGATTCACCTTCTAAAATAGCAACAAGGAAAACCCAGCGGAGCCCCAGTTCCATGGTGAATCCTCGGTGCTCA,CACTGTG,CTGGGCTCACACTGACTTCCCCT,GGTTTGTGT,TCTCTCGCACAGTAATACACAGCCGTGTCCTCGGCTCTCAGGCTGTTCATTTGCAGATACAGTGAGTTCTTGGCGTTGTCTCTGGAGATGGTGAATCGGCCCTTCACTGAGTCTGCGTAGTATATGTAACTACTACTACTACTAATGGATGAGACCCACTCCAGCCCCTTCCCTGGAGCCTGGCGGACCCAGTTCATGCTATAGCTACTGAAGGTGAATCCAGAGGCTGCACAGGAGAGTCTCAGGGACCCCCCAGGCTTGACCAGGCCTCCCCCAGACTCCACCAGCTGCACCTCACACTGGACAC,CTGCAAACAGAGAGACATTGGTCAGAAACTGTCACACACATCCACCGTTTCTCTCACTCATATCCACACACACTAAATCTCTCTACTTTTCCATGATTCAC,CTTCTAAAATAGCAACAAGGAAAACCCAGCGGAGCCCCAGTTCCAT
B-2,1,IGHV3-23,,GGTTTGTGTCTGGGCTCACAATGACTTCCCCTCACTGTGTCTTTCGCACAGTAATATACGGCCGTGTCCTCGGCTCTCAGGCTGTTCATTTGCAGATACAGCGTGTTCTTGGAATTGTCTCTGGAGATGGTGAACCGGCCCTTCACGGAGTCTGCGTAGTATGTGCTACCACCACTACCACTAATAGCTGAGACCCACTCCAGCCCCTTCCCTGGAGCCTGGCGGACCCAGCTCATGGCATAGCTGCTAAAGGTGAATCCAGAGGCTGCACAGGAGAGTCTCAGGGACCCCCCAGGCTGTACCAAGCCTCCCCCAGACTCCAACAGCTGCACCTCACACTGGACACCTGCAAACAAAAAGAAACCCTGGTCAGAAACTGCCACACGTATCCACTGTTTCTCTCACTCTTATCCATTCACACTCAATTTTTCTATTTCTCCATGAATTACCTTTTAAAATAGCCACAAGAAAAAGCCAGCTCAGCCCAAACTCCATGGTGAGTTCTCTCTGTTCA,CACTGTG,CTGGGCTCACAATGACTTCCCCT,GGTTTGTGT,TCTTTCGCACAGTAATATACGGCCGTGTCCTCGGCTCTCAGGCTGTTCATTTGCAGATACAGCGTGTTCTTGGAATTGTCTCTGGAGATGGTGAACCGGCCCTTCACGGAGTCTGCGTAGTATGTGCTACCACCACTACCACTAATAGCTGAGACCCACTCCAGCCCCTTCCCTGGAGCCTGGCGGACCCAGCTCATGGCATAGCTGCTAAAGGTGAATCCAGAGGCTGCACAGGAGAGTCTCAGGGACCCCCCAGGCTGTACCAAGCCTCCCCCAGACTCCAACAGCTGCACCTCACACTGGACAC,CTGCAAACAAAAAGAAACCCTGGTCAGAAACTGCCACACGTATCCACTGTTTCTCTCACTCTTATCCATTCACACTCAATTTTTCTATTTCTCCATGAATTAC,CTTTTAAAATAGCCACAAGAAAAAGCCAGCTCAGCCCAAACTCCAT
B-2,2,IGHV3-23,,GGTTTGTGTCTGGGCTCACAATGACTTCCCCTCACTGTGTCTTTCGCACAGTAATATACGGCCGTGTCCTCGGCTCTCAGGCTGTTCATTTGCAGATACAGCGTGTTCTTGGAATTGTCTCTGGAGATGGTGAACCGGCCCTTCACGGAGTCTGCGTAGTATGTGCTACCACCACTACCACTAATAGCTGAGACCCACTCCAGCCCCTTCCCTGGAGCCTGGCGGACCCAGCTCATGGCATAGCTGCTAAAGGTGAATCCAGAGGCTGCACAGGAGAGTCTCAGGGACCCCCCAGGCTGTACCAAGCCTCCCCCAGACTCCAACAGCTGCACCTCACACTGGACACCTGCAAACAAAAAGAAACCCTGGTCAGAAACTGCCACACGTATCCACTGTTTCTCTCACTCTTATCCATTCACACTCAATTTTTCTATTTCTCCATGAATTACCTTTTAAAATAGCCACAAGAAAAAGCCAGCTCAGCCCAAACTCCATGGTGAGTTCTCTCTGTTCA,CACTGTG,CTGGGCTCACAATGACTTCCCCT,GGTTTGTGT,TCTTTCGCACAGTAATATACGGCCGTGTCCTCGGCTCTCAGGCTGTTCATTTGCAGATACAGCGTGTTCTTGGAATTGTCTCTGGAGATGGTGAACCGGCCCTTCACGGAGTCTGCGTAGTATGTGCTACCACCACTACCACTAATAGCTGAGACCCACTCCAGCCCCTTCCCTGGAGCCTGGCGGACCCAGCTCATGGCATAGCTGCTAAAGGTGAATCCAGAGGCTGCACAGGAGAGTCTCAGGGACCCCCCAGGCTGTACCAAGCCTCCCCCAGACTCCAACAGCTGCACCTCACACTGGACAC,CTGCAAACAAAAAGAAACCCTGGTCAGAAACTGCCACACGTATCCACTGTTTCTCTCACTCTTATCCATTCACACTCAATTTTTCTATTTCTCCATGAATTAC,CTTTTAAAATAGCCACAAGAAAAAGCCAGCTCAGCCCAAACTCCAT
B-2,2,IGHV3-23D,,GGTTTGTGTCTGGGCTCACAATGACTTCCCCTCACTGTGTCTTTCGCACAGTAATATACGGCCGTGTCCTCGGCTCTCAGGCTGTTCATTTGCAGATACAGCGTGTTCTTGGAATTGTCTCTGGAGATGGTGAACCGGCCCTTCACGGAGTCTGCGTAGTATGTGCTACCACCACTACCACTAATAGCTGAGACCCACTCCAGCCCCTTCCCTGGAGCCTGGCGGACCCAGCTCATGGCATAGCTGCTAAAGGTGAATCCAGAGGCTGCACAGGAGAGTCTCAGGGACCCCCCAGGCTGTACCAAGCCTCCCCCAGACTCCAACAGCTGCACCTCACACTGGACACCTGCAAACAAAAAGAAACCCTGGTCAGAAACTGCCACACGTATCCACTGTTTCTCTCACTCTTATCCATTCACACTCAATTTTTCTATTTCTCCATGAATTACCTTTTAAAATAGCCACAAGAAAAAGCCAGCTCAGCCCAAACTCCATGGTGAGTTCTCTCTGTTCA,CACTGTG,CTGGGCTCACAATGACTTCCCCT,GGTTTGTGT,TCTTTCGCACAGTAATATACGGCCGTGTCCTCGGCTCTCAGGCTGTTCATTTGCAGATACAGCGTGTTCTTGGAATTGTCTCTGGAGATGGTGAACCGGCCCTTCACGGAGTCTGCGTAGTATGTGCTACCACCACTACCACTAATAGCTGAGACCCACTCCAGCCCCTTCCCTGGAGCCTGGCGGACCCAGCTCATGGCATAGCTGCTAAAGGTGAATCCAGAGGCTGCACAGGAGAGTCTCAGGGACCCCCCAGGCTGTACCAAGCCTCCCCCAGACTCCAACAGCTGCACCTCACACTGGACAC,CTGCAAACAAAAAGAAACCCTGGTCAGAAACTGCCACACGTATCCACTGTTTCTCTCACTCTTATCCATTCACACTCAATTTTTCTATTTCTCCATGAATTAC,CTTTTAAAATAGCCACAAGAAAAAGCCAGCTCAGCCCAAACTCCAT
B-2,1,IGHV1-24,,GGTTTCTGACGCTCTCAGGATGTGGGTTTTCACACTGTGTCTGTTGCACAGTAATACACGGCCGTGTCCTCAGATCTCAGGCTGCTCAGCTCCATGTAGGCTGTGTCTGTAGATGTGTCCTCGGTCATGGTGACTCTGCCCTGGAACTTCTGTGCGTAGATTGTTTCACCATCTTCAGGATCAAAACCTCCCATCCACTCAAGCCCTTTTCCAGGAGCCTGTCGCACCCAGTGCATGGATAATTCAGTGAGGGTGTATCCGGAAACCTTGCAGGAGACCTTCACTGAGGCCCCAGGCTTCTTCACCTCAGCCCCAGACTGTACCAGCTGGACCTGGGCGTGGGTGCCTGTGGAGAGGACAGAGGAGTGGATGAGACACCACTTAACTGGACCCAGTCCCCTCATCAGCCCTGGAACTCAGGATTCTCTTGCCTGTAGCTGCTGCCACCAAGAAGAGGATCCTCCAGGTGCAGTCCATGGTGAGGTGCTGCGCTCTG,CACTGTG,CGCTCTCAGGATGTGGGTTTTCA,GGTTTCTGA,TCTGTTGCACAGTAATACACGGCCGTGTCCTCAGATCTCAGGCTGCTCAGCTCCATGTAGGCTGTGTCTGTAGATGTGTCCTCGGTCATGGTGACTCTGCCCTGGAACTTCTGTGCGTAGATTGTTTCACCATCTTCAGGATCAAAACCTCCCATCCACTCAAGCCCTTTTCCAGGAGCCTGTCGCACCCAGTGCATGGATAATTCAGTGAGGGTGTATCCGGAAACCTTGCAGGAGACCTTCACTGAGGCCCCAGGCTTCTTCACCTCAGCCCCAGACTGTACCAGCTGGACCTGGGCGTGGGTGC,CTGTGGAGAGGACAGAGGAGTGGATGAGACACCACTTAACTGGACCCAGTCCCCTCATCAGCCCTGGAACTCAGGATTCTCTTGC,CTGTAGCTGCTGCCACCAAGAAGAGGATCCTCCAGGTGCAGTCCAT
B-2,2,IGHV1-24,,GGTTTCTGACGCTCTCAGGATGTGGGTTTTCACACTGTGTCTGTTGCACAGTAATACACGGCCGTGTCCTCAGATCTCAGGCTGCTCAGCTCCATGTAGGCTGTGTCTGTAGATGTGTCCTCGGTCATGGTGACTCTGCCCTGGAACTTCTGTGCGTAGATTGTTTCACCATCTTCAGGATCAAAACCTCCCATCCACTCAAGCCCTTTTCCAGGAGCCTGTCGCACCCAGTGCATGGATAATTCAGTGAGGGTGTATCCGGAAACCTTGCAGGAGACCTTCACTGAGGCCCCAGGCTTCTTCACCTCAGCCCCAGACTGTACCAGCTGGACCTGGGCGTGGGTGCCTGTGGAGAGGACAGAGGAGTGGATGAGACACCACTTAACTGGACCCAGTCCCCTCATCAGCCCTGGAACTCAGGATTCTCTTGCCTGTAGCTGCTGCCACCAAGAAGAGGATCCTCCAGGTGCAGTCCATGGTGAGGTGCTGCGCTCTG,CACTGTG,CGCTCTCAGGATGTGGGTTTTCA,GGTTTCTGA,TCTGTTGCACAGTAATACACGGCCGTGTCCTCAGATCTCAGGCTGCTCAGCTCCATGTAGGCTGTGTCTGTAGATGTGTCCTCGGTCATGGTGACTCTGCCCTGGAACTTCTGTGCGTAGATTGTTTCACCATCTTCAGGATCAAAACCTCCCATCCACTCAAGCCCTTTTCCAGGAGCCTGTCGCACCCAGTGCATGGATAATTCAGTGAGGGTGTATCCGGAAACCTTGCAGGAGACCTTCACTGAGGCCCCAGGCTTCTTCACCTCAGCCCCAGACTGTACCAGCTGGACCTGGGCGTGGGTGC,CTGTGGAGAGGACAGAGGAGTGGATGAGACACCACTTAACTGGACCCAGTCCCCTCATCAGCCCTGGAACTCAGGATTCTCTTGC,CTGTAGCTGCTGCCACCAAGAAGAGGATCCTCCAGGTGCAGTCCAT
B-2,0,IGHV2-26,,GTTCTTGTACAGGAGGCATCCTGGGCTGTGTCTCTGTGGTATCCGTGCACAGTAATATGTGGCTGTGTCCACAGGGTCCATGTTGGTCATGGTAAGGACCACCTGGCTTTTGGAGGTGTCCTTGGAGATGGTGAGCCTGCTCTTCAGAGATGTGCTGTAGGATTTTTCGTCATTCGAAAAAATGTGTGCAAGCCACTCCAGGGCCTTCCCTGGGGGCTGACGGATCCAGCTCACACCCATTCTAGCATTGCTGAGTGAGAACCCAGAGACGGTGCAGGTCAGCGTGAGGGTCTCTGTGGGTTTCACCAGCACAGGACCAGACTCCTTCAAGGTGACCTGGGACAAGACCCCTGTGGAGAAGACATAAGAAGATGAAGCCCACAAAGGAGACAACTGATGTTTCACTTCTGAGGAAGTCCCTGACCACAGCACTCACAGGAAGGGGTGGTCAGCAGCAGGAGTGTGTAGCAAAGTGTGTCCATGGTGGGGCACAGGAGTCAC,TCTGTGG,CAGGAGGCATCCTGGGCTGTGTC,GTTCTTGTA,TATCCGTGCACAGTAATATGTGGCTGTGTCCACAGGGTCCATGTTGGTCATGGTAAGGACCACCTGGCTTTTGGAGGTGTCCTTGGAGATGGTGAGCCTGCTCTTCAGAGATGTGCTGTAGGATTTTTCGTCATTCGAAAAAATGTGTGCAAGCCACTCCAGGGCCTTCCCTGGGGGCTGACGGATCCAGCTCACACCCATTCTAGCATTGCTGAGTGAGAACCCAGAGACGGTGCAGGTCAGCGTGAGGGTCTCTGTGGGTTTCACCAGCACAGGACCAGACTCCTTCAAGGTGACCTGGGACAAGACCC,CTGTGGAGAAGACATAAGAAGATGAAGCCCACAAAGGAGACAACTGATGTTTCACTTCTGAGGAAGTCCCTGACCACAGCACTCAC,AGGAAGGGGTGGTCAGCAGCAGGAGTGTGTAGCAAAGTGTGTCCAT
B-2,2,IGHV3-30,,GGTTTGTGTCTGGGCGCACAATGACTTCCCCTCACTGTGTCTTTCGCACAGTAATACACAGCCGTGTCCTCAGCTCTCAGGCTGTTCATTTGCAGATACAGCGTGTTCTTGGAATTGTCTCTGGAGATGGTGAATCGGCCCTTCACGGAGTCTGCATAGTATTTATTACTTCCATCATATGATATAACTGCCACCCACTCCAGCCCCTTGCCTGGAGCCTGGCGGACCCAGTGCATGCCATAGCTACTGAAGGTGAATCCAGAGGCTGCACAGGAGAGTCTCAGGGACCTCCCAGGCTGGACCACGCCTCCCCCAGACTCCACCAGCTGCACCTGACACTGGACACCTGCAAACAGAAGGACACCGTTATCAGAAAATGCCACACAAATCCAGTTTTTCTCACTCATGTTCACTCACACTCAGTCTCTCTATTTCTCCATGAATCACCTCTTAAAAGAGCAACGAGGAAAACCCAGCTCAGCCCAAACTCCATGGTGAGTCCTCTGTGTTCA,CACTGTG,CTGGGCGCACAATGACTTCCCCT,GGTTTGTGT,TCTTTCGCACAGTAATACACAGCCGTGTCCTCAGCTCTCAGGCTGTTCATTTGCAGATACAGCGTGTTCTTGGAATTGTCTCTGGAGATGGTGAATCGGCCCTTCACGGAGTCTGCATAGTATTTATTACTTCCATCATATGATATAACTGCCACCCACTCCAGCCCCTTGCCTGGAGCCTGGCGGACCCAGTGCATGCCATAGCTACTGAAGGTGAATCCAGAGGCTGCACAGGAGAGTCTCAGGGACCTCCCAGGCTGGACCACGCCTCCCCCAGACTCCACCAGCTGCACCTGACACTGGACAC,CTGCAAACAGAAGGACACCGTTATCAGAAAATGCCACACAAATCCAGTTTTTCTCACTCATGTTCACTCACACTCAGTCTCTCTATTTCTCCATGAATCAC,CTCTTAAAAGAGCAACGAGGAAAACCCAGCTCAGCCCAAACTCCAT
B-2,1,IGHV3-30,,GGTTTGTGTCTGGGCGCACAATGACTTCCCCTCACTGTGTCTTTCGCACAGTAATACACAGCCGTGTCCTCAGCTCTCAGGCTGTTCATTTGCAGATACAGCGTGTTCTTGGAATTGTCTCTGGAGATGGTGAATCGGCCCTTCACGGAGTCTGCATAGTATTTATTACTTCCATCATATGATATAACTGCCACCCACTCCAGCCCCTTGCCTGGAGCCTGGCGGACCCAGTGCATGCCATAGCTACTGAAGGTGAATCCAGAGGCTGCACAGGAGAGTCTCAGGGACCTCCCAGGCTGGACCACGCCTCCCCCAGACTCCACCAGCTGCACCTGACACTGGACACCTGCAAACAGAAGGACACCGTTATCAGAAAATGCCACACAAATCCAGTTTTTCTCACTCATGTTCACTCACACTCAGTCTCTCTATTTCTCCATGAATCACCTCTTAAAAGAGCAACGAGGAAAACCCAGCTCAGCCCAAACTCCATGGTGAGTCCTCTGTGTTCA,CACTGTG,CTGGGCGCACAATGACTTCCCCT,GGTTTGTGT,TCTTTCGCACAGTAATACACAGCCGTGTCCTCAGCTCTCAGGCTGTTCATTTGCAGATACAGCGTGTTCTTGGAATTGTCTCTGGAGATGGTGAATCGGCCCTTCACGGAGTCTGCATAGTATTTATTACTTCCATCATATGATATAACTGCCACCCACTCCAGCCCCTTGCCTGGAGCCTGGCGGACCCAGTGCATGCCATAGCTACTGAAGGTGAATCCAGAGGCTGCACAGGAGAGTCTCAGGGACCTCCCAGGCTGGACCACGCCTCCCCCAGACTCCACCAGCTGCACCTGACACTGGACAC,CTGCAAACAGAAGGACACCGTTATCAGAAAATGCCACACAAATCCAGTTTTTCTCACTCATGTTCACTCACACTCAGTCTCTCTATTTCTCCATGAATCAC,CTCTTAAAAGAGCAACGAGGAAAACCCAGCTCAGCCCAAACTCCAT
B-2,1,IGHV4-30-2,,GGTTTGTGTCTGGGCTCACACTCACCTCCCCTCATTGTGTCTCTGGCACAGTAATACACGGCCGTGTCCGCGGCGGTCACAGAGCTCAGCTTCAGGGAGAACTGGTTCTTGGACCTGTCTACTGATATGGTGACTCGACTCTTGAGGGACGGGTTGTAGTAGGTGCTCCCACTATGATAGATGTACCCAATCCACTCCAGGCCCTTCCCTGGTGGCTGCCGGATCCAGCTCCAGGAGTAACCACCACTGCTGATGGAGCCACCAGAGACAGCGCAGGTGAGGGACAGGGTCTGTGAAGGCTTCACCAGTCCTGAGCCGGACTCCTGCAGCTGCAGCTGGGACAGGACCCCTGTGAACAGAGAGACCCACAGTGAGCCCTGGGCTCAGAGGCACCTCCCATATCTCCATGTCTGCAGCCTTGAGACACTCACATCTGGGAGCTGCCACCAGCAGGAGGAAGAACCACAGGTGTTTCATGTTCTTGCACAGGAGGTCC,CATTGTG,CTGGGCTCACACTCACCTCCCCT,GGTTTGTGT,TCTCTGGCACAGTAATACACGGCCGTGTCCGCGGCGGTCACAGAGCTCAGCTTCAGGGAGAACTGGTTCTTGGACCTGTCTACTGATATGGTGACTCGACTCTTGAGGGACGGGTTGTAGTAGGTGCTCCCACTATGATAGATGTACCCAATCCACTCCAGGCCCTTCCCTGGTGGCTGCCGGATCCAGCTCCAGGAGTAACCACCACTGCTGATGGAGCCACCAGAGACAGCGCAGGTGAGGGACAGGGTCTGTGAAGGCTTCACCAGTCCTGAGCCGGACTCCTGCAGCTGCAGCTGGGACAGGACCC,CTGTGAACAGAGAGACCCACAGTGAGCCCTGGGCTCAGAGGCACCTCCCATATCTCCATGTCTGCAGCCTTGAGACACTCAC,ATCTGGGAGCTGCCACCAGCAGGAGGAAGAACCACAGGTGTTTCAT
B-2,1,IGHV3-30-3,,GGTTTGTGTCTGGGCGCACAATGACTTCCCCTCACTGTGTCTCTCGCACAGTAATACACAGCCGTGTCCTCAGCTCTCAGGCTGTTCATTTGCAGATACAGCGTGTTCTTGGAATTGTCTCTGGAGATGGTGAATCGGCCCTTCACGGAGTCTGCGTAGTATTTATTGCTTCCATCATATGATATAACTGCCACCCACTCCAGCCCCTTGCCTGGAGCCTGGCGGACCCAGTGCATAGCATAGCTACTGAAGGTGAATCCAGAGGCTGCACAGGAGAGTCTCAGGGACCTCCCAGGCTGGACCACGCCTCCCCCAGACTCCACCAGCTGCACCTGACACTGGACACCTGCAAACAGAAGGACACCGTTATCAGAAAATGCCACACAAATCCAGTTTTTCTCACTCATGTTCACTCACACTCAGTCTCTCTATTTCTCCATGAATCACCTCTTAAAAGAGCAACGAGGAAAACCCAGCTCAGCCCAAACTCCATGGTGAGTCCTCTGTGTTCA,CACTGTG,CTGGGCGCACAATGACTTCCCCT,GGTTTGTGT,TCTCTCGCACAGTAATACACAGCCGTGTCCTCAGCTCTCAGGCTGTTCATTTGCAGATACAGCGTGTTCTTGGAATTGTCTCTGGAGATGGTGAATCGGCCCTTCACGGAGTCTGCGTAGTATTTATTGCTTCCATCATATGATATAACTGCCACCCACTCCAGCCCCTTGCCTGGAGCCTGGCGGACCCAGTGCATAGCATAGCTACTGAAGGTGAATCCAGAGGCTGCACAGGAGAGTCTCAGGGACCTCCCAGGCTGGACCACGCCTCCCCCAGACTCCACCAGCTGCACCTGACACTGGACAC,CTGCAAACAGAAGGACACCGTTATCAGAAAATGCCACACAAATCCAGTTTTTCTCACTCATGTTCACTCACACTCAGTCTCTCTATTTCTCCATGAATCAC,CTCTTAAAAGAGCAACGAGGAAAACCCAGCTCAGCCCAAACTCCAT
B-2,2,IGHV3-30-3,,GGTTTGTGTCTGGGCGCACAATGACTTCCCCTCACTGTGTCTCTCGCACAGTAATACACAGCCGTGTCCTCAGCTCTCAGGCTGTTCATTTGCAGATACAGCGTGTTCTTGGAATTGTCTCTGGAGATGGTGAATCGGCCCTTCACGGAGTCTGCGTAGTATTTATTGCTTCCATCATATGATATAACTGCCACCCACTCCAGCCCCTTGCCTGGAGCCTGGCGGACCCAGTGCATAGCATAGCTACTGAAGGTGAATCCAGAGGCTGCACAGGAGAGTCTCAGGGACCTCCCAGGCTGGACCACGCCTCCCCCAGACTCCACCAGCTGCACCTGACACTGGACACCTGCAAACAGAAGGACACCGTTATCAGAAAATGCCACACAAATCCAGTTTTTCTCACTCATGTTCACTCACACTCAGTCTCTCTATTTCTCCATGAATCACCTCTTAAAAGAGCAACGAGGAAAACCCAGCTCAGCCCAAACTCCATGGTGAGTCCTCTGTGTTCA,CACTGTG,CTGGGCGCACAATGACTTCCCCT,GGTTTGTGT,TCTCTCGCACAGTAATACACAGCCGTGTCCTCAGCTCTCAGGCTGTTCATTTGCAGATACAGCGTGTTCTTGGAATTGTCTCTGGAGATGGTGAATCGGCCCTTCACGGAGTCTGCGTAGTATTTATTGCTTCCATCATATGATATAACTGCCACCCACTCCAGCCCCTTGCCTGGAGCCTGGCGGACCCAGTGCATAGCATAGCTACTGAAGGTGAATCCAGAGGCTGCACAGGAGAGTCTCAGGGACCTCCCAGGCTGGACCACGCCTCCCCCAGACTCCACCAGCTGCACCTGACACTGGACAC,CTGCAAACAGAAGGACACCGTTATCAGAAAATGCCACACAAATCCAGTTTTTCTCACTCATGTTCACTCACACTCAGTCTCTCTATTTCTCCATGAATCAC,CTCTTAAAAGAGCAACGAGGAAAACCCAGCTCAGCCCAAACTCCAT
B-2,2,IGHV4-30-4,,TCTGGGCTCACACTCACCTCCCCTCATTGTGTCTCTGGCACAGTAATACACGGCCGTGTCTGCGGCAGTCACAGAGCTCAGCTTCAGGGAGAACTGGTTCTTGGACGTGTCTACTGATATGGTAACTCGACTCTTGAGGGACGGGTTGTAGTAGGTGCTCCCACTGTAATAGATGTACCCAATCCACTCCAGGCCCTTCCCTGGGGGCTGGCGGATCCAACTCCAGTAGTAATCACCACTGCTGATGGAGCCACCAGAGACAGTGCAGGTGAGGGACAGGGTCTGTGAAGGCTTCACCAGTCCTGGGCCCGACTCCTGCAGCTGCACCTGGGACAGGACCCCTGTGAACAGAGAGACACACAGTGAGCCCTGGGATCAGAGGCACCTCCCATATCTCCATGTCTGCAGCCTTGAGACACTCACATCTGGGAGCTGCCACCAGCAGGAGGAAGAACCACAGGTGTTTCATGTTCTTGCACAGGAGGTCCA,CTCTGGC,ACACTCACCTCCCCTCATTGTGT,TCTGGGCTC,ACAGTAATACACGGCCGTGTCTGCGGCAGTCACAGAGCTCAGCTTCAGGGAGAACTGGTTCTTGGACGTGTCTACTGATATGGTAACTCGACTCTTGAGGGACGGGTTGTAGTAGGTGCTCCCACTGTAATAGATGTACCCAATCCACTCCAGGCCCTTCCCTGGGGGCTGGCGGATCCAACTCCAGTAGTAATCACCACTGCTGATGGAGCCACCAGAGACAGTGCAGGTGAGGGACAGGGTCTGTGAAGGCTTCACCAGTCCTGGGCCCGACTCCTGCAGCTGCACCTGGGACAGGACCC,CTGTGAACAGAGAGACACACAGTGAGCCCTGGGATCAGAGGCACCTCCCATATCTCCATGTCTGCAGCCTTGAGACACTCAC,ATCTGGGAGCTGCCACCAGCAGGAGGAAGAACCACAGGTGTTTCATG
B-2,1,IGHV4-30-4,,TCTGGGCTCACACTCACCTCCCCTCATTGTGTCTCTGGCACAGTAATACACGGCCGTGTCTGCGGCAGTCACAGAGCTCAGCTTCAGGGAGAACTGGTTCTTGGACGTGTCTACTGATATGGTAACTCGACTCTTGAGGGACGGGTTGTAGTAGGTGCTCCCACTGTAATAGATGTACCCAATCCACTCCAGGCCCTTCCCTGGGGGCTGGCGGATCCAACTCCAGTAGTAATCACCACTGCTGATGGAGCCACCAGAGACAGTGCAGGTGAGGGACAGGGTCTGTGAAGGCTTCACCAGTCCTGGGCCCGACTCCTGCAGCTGCACCTGGGACAGGACCCCTGTGAACAGAGAGACACACAGTGAGCCCTGGGATCAGAGGCACCTCCCATATCTCCATGTCTGCAGCCTTGAGACACTCACATCTGGGAGCTGCCACCAGCAGGAGGAAGAACCACAGGTGTTTCATGTTCTTGCACAGGAGGTCCA,CTCTGGC,ACACTCACCTCCCCTCATTGTGT,TCTGGGCTC,ACAGTAATACACGGCCGTGTCTGCGGCAGTCACAGAGCTCAGCTTCAGGGAGAACTGGTTCTTGGACGTGTCTACTGATATGGTAACTCGACTCTTGAGGGACGGGTTGTAGTAGGTGCTCCCACTGTAATAGATGTACCCAATCCACTCCAGGCCCTTCCCTGGGGGCTGGCGGATCCAACTCCAGTAGTAATCACCACTGCTGATGGAGCCACCAGAGACAGTGCAGGTGAGGGACAGGGTCTGTGAAGGCTTCACCAGTCCTGGGCCCGACTCCTGCAGCTGCACCTGGGACAGGACCC,CTGTGAACAGAGAGACACACAGTGAGCCCTGGGATCAGAGGCACCTCCCATATCTCCATGTCTGCAGCCTTGAGACACTCAC,ATCTGGGAGCTGCCACCAGCAGGAGGAAGAACCACAGGTGTTTCATG
B-2,1,IGHV3-30-5,,GGTTTGTGTCTGGGCGCACAATGACTTCCCCTCACTGTGTCTTTCGCACAGTAATACACAGCCGTGTCCTCAGCTCTCAGGCTGTTCATTTGCAGATACAGCGTGTTCTTGGAATTGTCTCTGGAGATGGTGAATCGGCCCTTCACGGAGTCTGCATAGTATTTATTACTTCCATCATATGATATAACTGCCACCCACTCCAGCCCCTTGCCTGGAGCCTGGCGGACCCAGTGCATGCCATAGCTACTGAAGGTGAATCCAGAGGCTGCACAGGAGAGTCTCAGGGACCTCCCAGGCTGGACCACGCCTCCCCCAGACTCCACCAGCTGCACCTGACACTGGACACCTGCAAACAGAAGGACACCGTTATCAGAAAATGCCACACAAATCCAGTTTTTCTCACTCATGTTCACTCACACTCAGTCTCTCTATTTCTCCATGAATCACCTCTTAAAAGAGCAACGAGGAAAACCCAGCTCAGCCCAAACTCCATGGTGAGTCCTCTGTGTTCA,CACTGTG,CTGGGCGCACAATGACTTCCCCT,GGTTTGTGT,TCTTTCGCACAGTAATACACAGCCGTGTCCTCAGCTCTCAGGCTGTTCATTTGCAGATACAGCGTGTTCTTGGAATTGTCTCTGGAGATGGTGAATCGGCCCTTCACGGAGTCTGCATAGTATTTATTACTTCCATCATATGATATAACTGCCACCCACTCCAGCCCCTTGCCTGGAGCCTGGCGGACCCAGTGCATGCCATAGCTACTGAAGGTGAATCCAGAGGCTGCACAGGAGAGTCTCAGGGACCTCCCAGGCTGGACCACGCCTCCCCCAGACTCCACCAGCTGCACCTGACACTGGACAC,CTGCAAACAGAAGGACACCGTTATCAGAAAATGCCACACAAATCCAGTTTTTCTCACTCATGTTCACTCACACTCAGTCTCTCTATTTCTCCATGAATCAC,CTCTTAAAAGAGCAACGAGGAAAACCCAGCTCAGCCCAAACTCCAT
B-2,2,IGHV3-30-5,,GGTTTGTGTCTGGGCGCACAATGACTTCCCCTCACTGTGTCTTTCGCACAGTAATACACAGCCGTGTCCTCAGCTCTCAGGCTGTTCATTTGCAGATACAGCGTGTTCTTGGAATTGTCTCTGGAGATGGTGAATCGGCCCTTCACGGAGTCTGCATAGTATTTATTACTTCCATCATATGATATAACTGCCACCCACTCCAGCCCCTTGCCTGGAGCCTGGCGGACCCAGTGCATGCCATAGCTACTGAAGGTGAATCCAGAGGCTGCACAGGAGAGTCTCAGGGACCTCCCAGGCTGGACCACGCCTCCCCCAGACTCCACCAGCTGCACCTGACACTGGACACCTGCAAACAGAAGGACACCGTTATCAGAAAATGCCACACAAATCCAGTTTTTCTCACTCATGTTCACTCACACTCAGTCTCTCTATTTCTCCATGAATCACCTCTTAAAAGAGCAACGAGGAAAACCCAGCTCAGCCCAAACTCCATGGTGAGTCCTCTGTGTTCA,CACTGTG,CTGGGCGCACAATGACTTCCCCT,GGTTTGTGT,TCTTTCGCACAGTAATACACAGCCGTGTCCTCAGCTCTCAGGCTGTTCATTTGCAGATACAGCGTGTTCTTGGAATTGTCTCTGGAGATGGTGAATCGGCCCTTCACGGAGTCTGCATAGTATTTATTACTTCCATCATATGATATAACTGCCACCCACTCCAGCCCCTTGCCTGGAGCCTGGCGGACCCAGTGCATGCCATAGCTACTGAAGGTGAATCCAGAGGCTGCACAGGAGAGTCTCAGGGACCTCCCAGGCTGGACCACGCCTCCCCCAGACTCCACCAGCTGCACCTGACACTGGACAC,CTGCAAACAGAAGGACACCGTTATCAGAAAATGCCACACAAATCCAGTTTTTCTCACTCATGTTCACTCACACTCAGTCTCTCTATTTCTCCATGAATCAC,CTCTTAAAAGAGCAACGAGGAAAACCCAGCTCAGCCCAAACTCCAT
B-2,0,IGHV4-31,,GGTTTGTGTCTGGGCTCACACTCACCTCCCCTCATTGTGTCTCTCGCACAGTAATACACGGCCGTGTCCGCGGCAGTCACAGAGCTCAGCTTCAGGGAGAACTGGTTCTTAGACGTGTCTACTGATATGGTAACTCGACTCTTGAGGGACGGGTTGTAGTAGGTGCTCCCACTGTAATAGATGTACCCAATCCACTCCAGGCCCTTCCCTGGGTGCTGGCGGATCCAGCTCCAGTAGTAACCACCACTGCTGATGGAGCCACCAGAGACAGTGCAGGTGAGGGACAGGGTCTGTGAAGGCTTCACCAGTCCTGGGCCCGACTCCTGCAGCTGCACCTGGGACAGGACCCCTGTGAACAGAGAGACACACAGTGAGCCCTGGGATCAGAGGCACCTCCCATATCTCCATGTCTGCAGCCTTGAGACACTCACATCTGGGAGCTGCCACCAGCAGGAGGAAGAACCACAGGTGTTTCATGTTCTTGCACAGGAGGTCC,CATTGTG,CTGGGCTCACACTCACCTCCCCT,GGTTTGTGT,TCTCTCGCACAGTAATACACGGCCGTGTCCGCGGCAGTCACAGAGCTCAGCTTCAGGGAGAACTGGTTCTTAGACGTGTCTACTGATATGGTAACTCGACTCTTGAGGGACGGGTTGTAGTAGGTGCTCCCACTGTAATAGATGTACCCAATCCACTCCAGGCCCTTCCCTGGGTGCTGGCGGATCCAGCTCCAGTAGTAACCACCACTGCTGATGGAGCCACCAGAGACAGTGCAGGTGAGGGACAGGGTCTGTGAAGGCTTCACCAGTCCTGGGCCCGACTCCTGCAGCTGCACCTGGGACAGGACCC,CTGTGAACAGAGAGACACACAGTGAGCCCTGGGATCAGAGGCACCTCCCATATCTCCATGTCTGCAGCCTTGAGACACTCAC,ATCTGGGAGCTGCCACCAGCAGGAGGAAGAACCACAGGTGTTTCAT
B-2,2,IGHV3-33,,GGTTTGTGTCTGGGCGCACAATGACCTCCCCTCACTGTGTCTCTCGCACAGTAATACACAGCCGTGTCCTCGGCTCTCAGGCTGTTCATTTGCAGATACAGCGTGTTCTTGGAATTGTCTCTGGAGATGGTGAATCGGCCCTTCACGGAGTCTGCATAGTATTTATTACTTCCATCATACCATATAACTGCCACCCACTCCAGCCCCTTGCCTGGAGCCTGGCGGACCCAGTGCATGCCATAGCTACTGAAGGTGAATCCAGACGCTGCACAGGAGAGTCTCAGGGACCTCCCAGGCTGGACCACGCCTCCCCCAGACTCCACCAGCTGCACCTGACACTGGACACCTGCAAACAGAAGGACACCGTTATCAGAAAATGCCACACAAATCCAGTTTTTCTCACTCATGTTCACTCACACTCAGTCTCTCTATTTCTCCATGAATCACCTCTTAAAAGAGCAACGAGGAAAACCCAGCTCAGCCCAAACTCCATGGTGAGTCCTCTGTGTTCA,CACTGTG,CTGGGCGCACAATGACCTCCCCT,GGTTTGTGT,TCTCTCGCACAGTAATACACAGCCGTGTCCTCGGCTCTCAGGCTGTTCATTTGCAGATACAGCGTGTTCTTGGAATTGTCTCTGGAGATGGTGAATCGGCCCTTCACGGAGTCTGCATAGTATTTATTACTTCCATCATACCATATAACTGCCACCCACTCCAGCCCCTTGCCTGGAGCCTGGCGGACCCAGTGCATGCCATAGCTACTGAAGGTGAATCCAGACGCTGCACAGGAGAGTCTCAGGGACCTCCCAGGCTGGACCACGCCTCCCCCAGACTCCACCAGCTGCACCTGACACTGGACAC,CTGCAAACAGAAGGACACCGTTATCAGAAAATGCCACACAAATCCAGTTTTTCTCACTCATGTTCACTCACACTCAGTCTCTCTATTTCTCCATGAATCAC,CTCTTAAAAGAGCAACGAGGAAAACCCAGCTCAGCCCAAACTCCAT
B-2,2,IGHV4-34,,GGTTTTTGTCTGGGCTCACACTCACCTCCCCTCACTGTGCCTCTCGCACAGTAATACACAGCCGTGTCCGCGGCGGTCACAGAGCTCAGCTTCAGGGAGAACTGGTTCTTGGACGTGTCTACTGATATGGTGACTCGACTCTTGAGGGACGGGTTGTAGTTGGTGCTTCCACTATGATTGATTTCCCCAATCCACTCCAGCCCCTTCCCTGGGGGCTGGCGGATCCAGCTCCAGTAGTAACCACTGAAGGACCCACCATAGACAGCGCAGGTGAGGGACAGGGTCTCCGAAGGCTTCAACAGTCCTGCGCCCCACTGCTGTAGCTGCACCTGGGACAGGACCCCTGTGAACAGAGAAACCCACAGTGAGCCCTGGGATCAGAGGCAGCATCTCATATCTTCATATCCGCATTCCTGAGACACTCACATCTGGGAGCTGCCACCAGGAGGAGGAAGAACCACAGGTGTTTCATGTTCTTGTGCAGGAGGTCCATGACTCTCAGAAAGCACTTC,CACTGTG,CTGGGCTCACACTCACCTCCCCT,GGTTTTTGT,CCTCTCGCACAGTAATACACAGCCGTGTCCGCGGCGGTCACAGAGCTCAGCTTCAGGGAGAACTGGTTCTTGGACGTGTCTACTGATATGGTGACTCGACTCTTGAGGGACGGGTTGTAGTTGGTGCTTCCACTATGATTGATTTCCCCAATCCACTCCAGCCCCTTCCCTGGGGGCTGGCGGATCCAGCTCCAGTAGTAACCACTGAAGGACCCACCATAGACAGCGCAGGTGAGGGACAGGGTCTCCGAAGGCTTCAACAGTCCTGCGCCCCACTGCTGTAGCTGCACCTGGGACAGGACCC,CTGTGAACAGAGAAACCCACAGTGAGCCCTGGGATCAGAGGCAGCATCTCATATCTTCATATCCGCATTCCTGAGACACTCAC,ATCTGGGAGCTGCCACCAGGAGGAGGAAGAACCACAGGTGTTTCATGTTCTTGTGCAGGAGGTCCAT
B-2,1,IGHV4-34,,GGTTTTTGTCTGGGCTCACACTCACCTCCCCTCACTGTGCCTCTCGCACAGTAATACACAGCCGTGTCCGCGGCGGTCACAGAGCTCAGCTTCAGGGAGAACTGGTTCTTGGACGTGTCTACTGATATGGTGACTCGACTCTTGAGGGACGGGTTGTAGTTGGTGCTTCCACTATGATTGATTTCCCCAATCCACTCCAGCCCCTTCCCTGGGGGCTGGCGGATCCAGCTCCAGTAGTAACCACTGAAGGACCCACCATAGACAGCGCAGGTGAGGGACAGGGTCTCCGAAGGCTTCAACAGTCCTGCGCCCCACTGCTGTAGCTGCACCTGGGACAGGACCCCTGTGAACAGAGAAACCCACAGTGAGCCCTGGGATCAGAGGCAGCATCTCATATCTTCATATCCGCATTCCTGAGACACTCACATCTGGGAGCTGCCACCAGGAGGAGGAAGAACCACAGGTGTTTCATGTTCTTGTGCAGGAGGTCCATGACTCTCAGAAAGCACTTC,CACTGTG,CTGGGCTCACACTCACCTCCCCT,GGTTTTTGT,CCTCTCGCACAGTAATACACAGCCGTGTCCGCGGCGGTCACAGAGCTCAGCTTCAGGGAGAACTGGTTCTTGGACGTGTCTACTGATATGGTGACTCGACTCTTGAGGGACGGGTTGTAGTTGGTGCTTCCACTATGATTGATTTCCCCAATCCACTCCAGCCCCTTCCCTGGGGGCTGGCGGATCCAGCTCCAGTAGTAACCACTGAAGGACCCACCATAGACAGCGCAGGTGAGGGACAGGGTCTCCGAAGGCTTCAACAGTCCTGCGCCCCACTGCTGTAGCTGCACCTGGGACAGGACCC,CTGTGAACAGAGAAACCCACAGTGAGCCCTGGGATCAGAGGCAGCATCTCATATCTTCATATCCGCATTCCTGAGACACTCAC,ATCTGGGAGCTGCCACCAGGAGGAGGAAGAACCACAGGTGTTTCATGTTCTTGTGCAGGAGGTCCAT
B-2,2,IGHV3-35,,TTTGTGTCTGGGCTCACACTTCCGACCTCTCACAGTGTTTCTCACACAGTAATACACAGCCGTGTCCTCGGCCCTCAGGCTATTCGTTTGCAGATACAGGGTGTTCCTGGAATTGTCTCTGGAGATGATGAATCGGCCCTTCACAGAGTCTGCATAGTGCGTCCTACTGCCATTCCAACTAACACCCGATACCCACTCCAGCCCCTTTCCTGGAGCCTGATGGACCCAGTTCATGTCACTGTTACTGAAGGTGAATCCAGAGGCTGCACAGGAGAGTCTCAGGGATCCCCCAGGCTGTACCAAGCCTCCCCCAGACTCCACCAGCTGCACCTCACACTGGACACCTGCAAACACAGAGACACCCTGGTCAGAAACTGCCACACAAATCCACTGTTTCTCTCACTCATGTCCACTCACTCAATATCCTTAGTTCTTCATGAATCACCTTTTAAAATAGCAGCAAGAAAAACCCAGCTCAGCCCAAATTCCATGGTAATTTGTTTGTTGCTG,CAGTGTT,GGGCTCACACTTCCGACCTCTCA,TTTGTGTCT,TCTCACACAGTAATACACAGCCGTGTCCTCGGCCCTCAGGCTATTCGTTTGCAGATACAGGGTGTTCCTGGAATTGTCTCTGGAGATGATGAATCGGCCCTTCACAGAGTCTGCATAGTGCGTCCTACTGCCATTCCAACTAACACCCGATACCCACTCCAGCCCCTTTCCTGGAGCCTGATGGACCCAGTTCATGTCACTGTTACTGAAGGTGAATCCAGAGGCTGCACAGGAGAGTCTCAGGGATCCCCCAGGCTGTACCAAGCCTCCCCCAGACTCCACCAGCTGCACCTCACACTGGACAC,CTGCAAACACAGAGACACCCTGGTCAGAAACTGCCACACAAATCCACTGTTTCTCTCACTCATGTCCACTCACTCAATATCCTTAGTTCTTCATGAATCAC,CTTTTAAAATAGCAGCAAGAAAAACCCAGCTCAGCCCAAATTCCAT
B-2,1,IGHV3-35,,TTTGTGTCTGGGCTCACACTTCCGTCCTCTCACAGTGTTTCTCACACAGTAATACACAGCCGTGTCCTCGGCCCTCAGGCTATTCGTTTGCAGATACAGGGTGTTCCTGGAATTGTCTCTGGAGATGATGAATTGGCCCTTCACAGAGTCTGCATAGTGCGTCCTACTGCCATTCCAACTAACACCCGATACCCACTCCAGCCCCTTTCCTGGAGCCTGATGGACCCAGTTCATGTCACTGTTACTGAAGGTGAATCCAGAGGCTGCACAGGAGAGTCTCAGGGATCCCCCAGGCTGTACCAAGCCTCCCCCAGACTCCACCAGCTGCACCTCACACTGGACACCTGCAAACACAGAGACACCCTGGTCAGAAACTGCCACACAAATCCACTGTTTCTCTCACTCATGTCCACTCACTCAATATCCTTAGTTCTTCATGAATCACCTTTTAAAATAGCAGCAAGAAAAACCCAGCTCAGCCCAAATTCCATGGTAATTTGTTTGTTGCTG,CAGTGTT,GGGCTCACACTTCCGTCCTCTCA,TTTGTGTCT,TCTCACACAGTAATACACAGCCGTGTCCTCGGCCCTCAGGCTATTCGTTTGCAGATACAGGGTGTTCCTGGAATTGTCTCTGGAGATGATGAATTGGCCCTTCACAGAGTCTGCATAGTGCGTCCTACTGCCATTCCAACTAACACCCGATACCCACTCCAGCCCCTTTCCTGGAGCCTGATGGACCCAGTTCATGTCACTGTTACTGAAGGTGAATCCAGAGGCTGCACAGGAGAGTCTCAGGGATCCCCCAGGCTGTACCAAGCCTCCCCCAGACTCCACCAGCTGCACCTCACACTGGACAC,CTGCAAACACAGAGACACCCTGGTCAGAAACTGCCACACAAATCCACTGTTTCTCTCACTCATGTCCACTCACTCAATATCCTTAGTTCTTCATGAATCAC,CTTTTAAAATAGCAGCAAGAAAAACCCAGCTCAGCCCAAATTCCAT
B-2,1,IGHV3-38,,AGGTTTGTGTCTGGGCGCACAATGACTTCCCCTCTGTGTATATCTGGCACAGTAATACACGGCCGTGCCCTCAGCTCTCAGGTTGTTCATTTGAAGATACAGCGTGTTCTTGGAATTGTCTCTGGAGATGGTGAATCTGCCCTTCCTGGAGTCTGCGTAGTATGTGCTACCACCACTAATGGATGAGACCCACTCCAGCCCCTTCCCTGGAGCCTGGCGGATCCAGCTCATCTCATTGCTACTGACGGTGAATCCAGAGGCTGCACAGGAGAGTCTCAGGGACCCCCTAGGCTGTACCAAGCCTCCCCCAGACTCCACCAGCTGCACCTCACACTGGACACCTGCAAACACAGAGACACCAAGGTCAGAAACTGCCACACAAACCCACTGTTTTGCTCACTCATGTCCACTCACACTCAACATCTGTAGTTCTCCATGAATCACCTTTTAAAATACCAACAAGGAAAACCCAGCTCAGCACAAACTGCATGATGAGTTGTGTGTGTTCA,TCTGTGT,TCTGGGCGCACAATGACTTCCCC,AGGTTTGTG,ATATCTGGCACAGTAATACACGGCCGTGCCCTCAGCTCTCAGGTTGTTCATTTGAAGATACAGCGTGTTCTTGGAATTGTCTCTGGAGATGGTGAATCTGCCCTTCCTGGAGTCTGCGTAGTATGTGCTACCACCACTAATGGATGAGACCCACTCCAGCCCCTTCCCTGGAGCCTGGCGGATCCAGCTCATCTCATTGCTACTGACGGTGAATCCAGAGGCTGCACAGGAGAGTCTCAGGGACCCCCTAGGCTGTACCAAGCCTCCCCCAGACTCCACCAGCTGCACCTCACACTGGACAC,CTGCAAACACAGAGACACCAAGGTCAGAAACTGCCACACAAACCCACTGTTTTGCTCACTCATGTCCACTCACACTCAACATCTGTAGTTCTCCATGAATCAC,CTTTTAAAATACCAACAAGGAAAACCCAGCTCAGCACAAACTGCAT
B-2,2,IGHV3-38,,AGGTTTGTGTCTGGGCGCACAATGACTTCCCCTCTGTGTATATCTGGCACAGTAATACACGGCCGTGCCCTCAGCTCTCAGGTTGTTCATTTGAAGATACAGCGTGTTCTTGGAATTGTCTCTGGAGATGGTGAATCTGCCCTTCCTGGAGTCTGCGTAGTATGTGCTACCACCACTAATGGATGAGACCCACTCCAGCCCCTTCCCTGGAGCCTGGCGGATCCAGCTCATCTCATTGCTACTGACGGTGAATCCAGAGGCTGCACAGGAGAGTCTCAGGGACCCCCTAGGCTGTACCAAGCCTCCCCCAGACTCCACCAGCTGCACCTCACACTGGACACCTGCAAACACAGAGACACCAAGGTCAGAAACTGCCACACAAACCCACTGTTTTGCTCACTCATGTCCACTCACACTCAACATCTGTAGTTCTCCATGAATCACCTTTTAAAATACCAACAAGGAAAACCCAGCTCAGCACAAACTGCATGATGAGTTGTGTGTGTTCA,TCTGTGT,TCTGGGCGCACAATGACTTCCCC,AGGTTTGTG,ATATCTGGCACAGTAATACACGGCCGTGCCCTCAGCTCTCAGGTTGTTCATTTGAAGATACAGCGTGTTCTTGGAATTGTCTCTGGAGATGGTGAATCTGCCCTTCCTGGAGTCTGCGTAGTATGTGCTACCACCACTAATGGATGAGACCCACTCCAGCCCCTTCCCTGGAGCCTGGCGGATCCAGCTCATCTCATTGCTACTGACGGTGAATCCAGAGGCTGCACAGGAGAGTCTCAGGGACCCCCTAGGCTGTACCAAGCCTCCCCCAGACTCCACCAGCTGCACCTCACACTGGACAC,CTGCAAACACAGAGACACCAAGGTCAGAAACTGCCACACAAACCCACTGTTTTGCTCACTCATGTCCACTCACACTCAACATCTGTAGTTCTCCATGAATCAC,CTTTTAAAATACCAACAAGGAAAACCCAGCTCAGCACAAACTGCAT
B-2,0,IGHV3-43D,,GGTTTTTGTCTGGGCTCTCACTGACTTCTCCTCACTGTGTATCTTTTGCACAGTAATACAAGGCGGTGTCCTCAGCTCTCAGACTGTTCATTTGCAGATACAGGGAGTTTTTGCTGTTGTCTCTGGAGATGGTGAATCGACCCTTCACAGAGTCTGCATAGTAGGTGCTACCACCATCCCAACTAATAAGAGAGACCCACTCCAGACCCTTCCCCGGAGCTTGACGGACCCAGTGCATGGCATAATCATCAAAGGTGAATCCAGAGGCTGCACAGGAGAGTCTCAGGGACCCCCCAGGCTGTACCACGACTCCCCCAGACTCCACCAGCTGCACTTCACACTGGACACCTGCAAACACAGAGACACCCTGGTCAGACACTGCCACACATATCCACTGTTTCTCTCACTCATGTTCACTCACACTCAACATCTCTATTTATCCATGAATCACCTTTTAAAATAGCAACAAGGAAAACCCAGCTCAGTCCAAACTCCATGGTGAGTTCTGTGTTCAGT,CACTGTG,CTGGGCTCTCACTGACTTCTCCT,GGTTTTTGT,TATCTTTTGCACAGTAATACAAGGCGGTGTCCTCAGCTCTCAGACTGTTCATTTGCAGATACAGGGAGTTTTTGCTGTTGTCTCTGGAGATGGTGAATCGACCCTTCACAGAGTCTGCATAGTAGGTGCTACCACCATCCCAACTAATAAGAGAGACCCACTCCAGACCCTTCCCCGGAGCTTGACGGACCCAGTGCATGGCATAATCATCAAAGGTGAATCCAGAGGCTGCACAGGAGAGTCTCAGGGACCCCCCAGGCTGTACCACGACTCCCCCAGACTCCACCAGCTGCACTTCACACTGGACAC,CTGCAAACACAGAGACACCCTGGTCAGACACTGCCACACATATCCACTGTTTCTCTCACTCATGTTCACTCACACTCAACATCTCTATTTATCCATGAATCAC,CTTTTAAAATAGCAACAAGGAAAACCCAGCTCAGTCCAAACTCCAT
B-2,1,IGHV3-38-3,,GTTTGTGTCTGGGCACACAATGACCTCCCCTCACTGTGTCTTTCTTACAGTAATACACAGCCGTGTCCTCAGCTCTCAGGCTGTTCATTTGAAGATGCAGCGTGTTCTTGGAATTGTCTCTGGAGATGGTGAATCTGCCCTTCCTGGAGTCTGCGTAGTATGTGCTACCACCACTAATGGATGAGACCCACTCCAGACCCTTCCCTGGAGCCTGGCGGACCCAGCTCATCTCATTGCTACTGACGGTGAATCCAGAGGCTGCACAGGAGAGTCTCAGGGACCCCCCAGGCTGTACCAAGACTCCCCGAGACTCCACCAGCTGCACCTCACACTGGACACCTGCAAACACAGAGACACCAAGGTCAGAAACTGCCACACATACCCACTGTTTTGCTCACTCATGTCCACTCACACTCAACATCTGTAGTTCTCCATGAATCATCTTTTAAAATAGCAACAAGGAAAACCCAGCTCAGCACAAACTGCATGATGAGTTCTGTATGTTCAG,ACTGTGT,TGGGCACACAATGACCTCCCCTC,GTTTGTGTC,CTTTCTTACAGTAATACACAGCCGTGTCCTCAGCTCTCAGGCTGTTCATTTGAAGATGCAGCGTGTTCTTGGAATTGTCTCTGGAGATGGTGAATCTGCCCTTCCTGGAGTCTGCGTAGTATGTGCTACCACCACTAATGGATGAGACCCACTCCAGACCCTTCCCTGGAGCCTGGCGGACCCAGCTCATCTCATTGCTACTGACGGTGAATCCAGAGGCTGCACAGGAGAGTCTCAGGGACCCCCCAGGCTGTACCAAGACTCCCCGAGACTCCACCAGCTGCACCTCACACTGGACAC,CTGCAAACACAGAGACACCAAGGTCAGAAACTGCCACACATACCCACTGTTTTGCTCACTCATGTCCACTCACACTCAACATCTGTAGTTCTCCATGAATCAT,CTTTTAAAATAGCAACAAGGAAAACCCAGCTCAGCACAAACTGCATG
B-2,2,IGHV3-38-3,,GTTTGTGTCTGGGCACACAATGACCTCCCCTCACTGTGTCTTTCTTACAGTAATACACAGCCGTGTCCTCAGCTCTCAGGCTGTTCATTTGAAGATGCAGCGTGTTCTTGGAATTGTCTCTGGAGATGGTGAATCTGCCCTTCCTGGAGTCTGCGTAGTATGTGCTACCACCACTAATGGATGAGACCCACTCCAGACCCTTCCCTGGAGCCTGGCGGACCCAGCTCATCTCATTGCTACTGACGGTGAATCCAGAGGCTGCACAGGAGAGTCTCAGGGACCCCCCAGGCTGTACCAAGACTCCCCGAGACTCCACCAGCTGCACCTCACACTGGACACCTGCAAACACAGAGACACCAAGGTCAGAAACTGCCACACATACCCACTGTTTTGCTCACTCATGTCCACTCACACTCAACATCTGTAGTTCTCCATGAATCATCTTTTAAAATAGCAACAAGGAAAACCCAGCTCAGCACAAACTGCATGATGAGTTCTGTATGTTCAG,ACTGTGT,TGGGCACACAATGACCTCCCCTC,GTTTGTGTC,CTTTCTTACAGTAATACACAGCCGTGTCCTCAGCTCTCAGGCTGTTCATTTGAAGATGCAGCGTGTTCTTGGAATTGTCTCTGGAGATGGTGAATCTGCCCTTCCTGGAGTCTGCGTAGTATGTGCTACCACCACTAATGGATGAGACCCACTCCAGACCCTTCCCTGGAGCCTGGCGGACCCAGCTCATCTCATTGCTACTGACGGTGAATCCAGAGGCTGCACAGGAGAGTCTCAGGGACCCCCCAGGCTGTACCAAGACTCCCCGAGACTCCACCAGCTGCACCTCACACTGGACAC,CTGCAAACACAGAGACACCAAGGTCAGAAACTGCCACACATACCCACTGTTTTGCTCACTCATGTCCACTCACACTCAACATCTGTAGTTCTCCATGAATCAT,CTTTTAAAATAGCAACAAGGAAAACCCAGCTCAGCACAAACTGCATG
B-2,2,IGHV4-39,,GGTTTTTGTCTGGGCTCACACTCACCTCCCCTCACTGTGTCTCTCGCACAGTAATACACGGCCGTGTCCGCGGCGGTCACAGAGCTCAGCTTCAGGGAGAACTGGTTCTTGGACGTGTCTACTGATATGGTGACTCGACTCTTGAGGGACGGGTTGTAGTAGGTGCTCCCACTATAATAGATACTCCCAATCCACTCCAGCCCCTTCCCTGGGGGCTGGCGGATCCAGCCCCAGTAGTAACTACTACTGCTGATGGAGCCACCAGAGACAGTGCAGGTGAGGGACAGGGTCTCCGAAGGCTTCACCAGTCCTGGGCCCGACTCCTGCAGCTGCAGCTGGGACAGGACCCCTGTGAACAGAAAAACCCACAGTGAGCCCTGGGATCAGAGGCAGCCTCCCATATCTCCATGTCTGCATCCTAGAAACACTCACATCTGGGAGCCGCCACCAGCAGGAGGAAGAACCACAGGTGCTTCATGTTCTTGCACAGGAGGTCCATGACTCTCAGAAAGCATTTC,CACTGTG,CTGGGCTCACACTCACCTCCCCT,GGTTTTTGT,TCTCTCGCACAGTAATACACGGCCGTGTCCGCGGCGGTCACAGAGCTCAGCTTCAGGGAGAACTGGTTCTTGGACGTGTCTACTGATATGGTGACTCGACTCTTGAGGGACGGGTTGTAGTAGGTGCTCCCACTATAATAGATACTCCCAATCCACTCCAGCCCCTTCCCTGGGGGCTGGCGGATCCAGCCCCAGTAGTAACTACTACTGCTGATGGAGCCACCAGAGACAGTGCAGGTGAGGGACAGGGTCTCCGAAGGCTTCACCAGTCCTGGGCCCGACTCCTGCAGCTGCAGCTGGGACAGGACCC,CTGTGAACAGAAAAACCCACAGTGAGCCCTGGGATCAGAGGCAGCCTCCCATATCTCCATGTCTGCATCCTAGAAACACTCAC,ATCTGGGAGCCGCCACCAGCAGGAGGAAGAACCACAGGTGCTTCATGTTCTTGCACAGGAGGTCCAT
B-2,1,IGHV4-39,,GGTTTTTGTCTGGGCTCACACTCACCTCCCCTCACTGTGTGTCTCGCACAGTAATACACAGCCGTGTCTGCGGCGGTCACAGAGCTCAGCTTCAGGGAGAACTGGTTCTTGGACGTGTCTACGGATATGGTGACTCGACTCTTGAGGGACGGGTTGTAGTAGGTGCTCCCACTATAATAGATACTCCCAATCCACTCCAGCCCCTTCCCTGGGGGCTGGCGGATCCAGCCCCAGTAGTAACTACTACTGCTGATGGAGCCACCAGAGACAGTGCAGGTGAGGGACAGGGTCTCCGAAGGCTTCACCAGTCCTGGGCCCGACTCCTGCAGCTGCAGCTGGGACAGGACCCCTGTGAACAGAAAAACCCACAGTGAGCCCTGGGATCAGAGGCAGCCTCCCATATCTCCATGTCTGCATCCTAGAAACACTCACATCTGGGAGCCGCCACCAGCAGGAGGAAGAACCACAGGTGCTTCATTTTCTTGCACATGAGATCCATGACTCTCAGAAAGCATTTC,CACTGTG,CTGGGCTCACACTCACCTCCCCT,GGTTTTTGT,TGTCTCGCACAGTAATACACAGCCGTGTCTGCGGCGGTCACAGAGCTCAGCTTCAGGGAGAACTGGTTCTTGGACGTGTCTACGGATATGGTGACTCGACTCTTGAGGGACGGGTTGTAGTAGGTGCTCCCACTATAATAGATACTCCCAATCCACTCCAGCCCCTTCCCTGGGGGCTGGCGGATCCAGCCCCAGTAGTAACTACTACTGCTGATGGAGCCACCAGAGACAGTGCAGGTGAGGGACAGGGTCTCCGAAGGCTTCACCAGTCCTGGGCCCGACTCCTGCAGCTGCAGCTGGGACAGGACCC,CTGTGAACAGAAAAACCCACAGTGAGCCCTGGGATCAGAGGCAGCCTCCCATATCTCCATGTCTGCATCCTAGAAACACTCAC,ATCTGGGAGCCGCCACCAGCAGGAGGAAGAACCACAGGTGCTTCATTTTCTTGCACATGAGATCCAT
B-2,2,IGHV3-43,,GGTTTTTGTCTGGGCTCTCGCTGACTTCCCCTCACTGTGTATCTTTTGCACAGTAATACAAGGCGGTGTCCTCAGTTCTCAGACTGTTCATTTGCAGATACAGGGAGTTTTTGCTGTTGTCTCTGGAGATGGTGAATCGGCCCTTCACAGAGTCTGCATAGTATGTGCTACCACCATCCCAACTAATAAGAGAGACCCACTCCAGACCCTTCCCCGGAGCTTGACGGACCCAGTGCATGGTATAATCATCAAAGGTGAATCCAGAGGCTGCACAGGAGAGTCTCAGGGACCCCCCAGGCTGTACCACGACTCCCCCAGACTCCACCAGCTGCACTTCACACTGGACACCTGCAAACACAGAGACACCCTGGTCAGACACTGCCACACATATCCACTGTTTCTCTCACTCATGTTCACTCACACTCAACATCTCTATTTATCCATGAATCACCTTTTAAAATAGCAACAAGGAAAACCCAGCTCAGTCCAAACTCCATGGTGCGTTCTCTGTGTTCA,CACTGTG,CTGGGCTCTCGCTGACTTCCCCT,GGTTTTTGT,TATCTTTTGCACAGTAATACAAGGCGGTGTCCTCAGTTCTCAGACTGTTCATTTGCAGATACAGGGAGTTTTTGCTGTTGTCTCTGGAGATGGTGAATCGGCCCTTCACAGAGTCTGCATAGTATGTGCTACCACCATCCCAACTAATAAGAGAGACCCACTCCAGACCCTTCCCCGGAGCTTGACGGACCCAGTGCATGGTATAATCATCAAAGGTGAATCCAGAGGCTGCACAGGAGAGTCTCAGGGACCCCCCAGGCTGTACCACGACTCCCCCAGACTCCACCAGCTGCACTTCACACTGGACAC,CTGCAAACACAGAGACACCCTGGTCAGACACTGCCACACATATCCACTGTTTCTCTCACTCATGTTCACTCACACTCAACATCTCTATTTATCCATGAATCAC,CTTTTAAAATAGCAACAAGGAAAACCCAGCTCAGTCCAAACTCCAT
B-2,1,IGHV3-43,,GGTTTTTGTCTGGGCTCTCGCTGACTTCCCCTCACTGTGTATCTTTTGCACAGTAATACAAGGCGGTGTCCTCAGTTCTCAGACTGTTCATTTGCAGATACAGGGAGTTTTTGCTGTTGTCTCTGGAGATGGTGAATCGGCCCTTCACAGAGTCTGCATAGTATGTGCTACCACCATCCCAACTAATAAGAGAGACCCACTCCAGACCCTTCCCCGGAGCTTGACGGACCCAGTGCATGGTATAATCATCAAAGGTGAATCCAGAGGCTGCACAGGAGAGTCTCAGGGACCCCCCAGGCTGTACCACGACTCCCCCAGACTCCACCAGCTGCACTTCACACTGGACACCTGCAAACACAGAGACACCCTGGTCAGACACTGCCACACATATCCACTGTTTCTCTCACTCATGTTCACTCACACTCAACATCTCTATTTATCCATGAATCACCTTTTAAAATAGCAACAAGGAAAACCCAGCTCAGTCCAAACTCCATGGTGCGTTCTCTGTGTTCA,CACTGTG,CTGGGCTCTCGCTGACTTCCCCT,GGTTTTTGT,TATCTTTTGCACAGTAATACAAGGCGGTGTCCTCAGTTCTCAGACTGTTCATTTGCAGATACAGGGAGTTTTTGCTGTTGTCTCTGGAGATGGTGAATCGGCCCTTCACAGAGTCTGCATAGTATGTGCTACCACCATCCCAACTAATAAGAGAGACCCACTCCAGACCCTTCCCCGGAGCTTGACGGACCCAGTGCATGGTATAATCATCAAAGGTGAATCCAGAGGCTGCACAGGAGAGTCTCAGGGACCCCCCAGGCTGTACCACGACTCCCCCAGACTCCACCAGCTGCACTTCACACTGGACAC,CTGCAAACACAGAGACACCCTGGTCAGACACTGCCACACATATCCACTGTTTCTCTCACTCATGTTCACTCACACTCAACATCTCTATTTATCCATGAATCAC,CTTTTAAAATAGCAACAAGGAAAACCCAGCTCAGTCCAAACTCCAT
B-2,1,IGHV1-45,,GGTTTCTGACGGTCTCAGGATGTGGGTTTTCACACTGTGTATCTTGCACAGTAATACATGGCTGTGTCCTCAGATCTCAGGCTGCTCAGCTCCATGTAGGCTGTGCTCATAGACCTGTCCCTGGTAATGGTGACTCTGTCCTGGAATTTCTGTGCGTAGTTGGTGTTACCATTGAAAGGTGTGATCCATCCCATCCACTCAAGCGCTTGTCCGGGGGCCTGTCGCACCCAGTGCAGGTAGCGGTAGGTGAAGGTGTATCCGGAAGCCTTGCAGGAAACCTTCACTGAGGACCCAGTCTTCTTCACCTCAGCCCCAGACTGCACCAGCTGCATCTGGGAGTAGGCATCTGTGGAGGGGACACAGGAGTGGATAAAAGCCACCTTGACTGGACTCAATCCCCTCCTCATCACTGGGACTTGGGAGCCCCTTACCTGTGGCTGCTGCCACCAAGAAGAGGATTCTCCAGGTCCAGTCCATGGTGAGGAGCTGTGCTTTC,CACTGTG,CGGTCTCAGGATGTGGGTTTTCA,GGTTTCTGA,TATCTTGCACAGTAATACATGGCTGTGTCCTCAGATCTCAGGCTGCTCAGCTCCATGTAGGCTGTGCTCATAGACCTGTCCCTGGTAATGGTGACTCTGTCCTGGAATTTCTGTGCGTAGTTGGTGTTACCATTGAAAGGTGTGATCCATCCCATCCACTCAAGCGCTTGTCCGGGGGCCTGTCGCACCCAGTGCAGGTAGCGGTAGGTGAAGGTGTATCCGGAAGCCTTGCAGGAAACCTTCACTGAGGACCCAGTCTTCTTCACCTCAGCCCCAGACTGCACCAGCTGCATCTGGGAGTAGGCAT,CTGTGGAGGGGACACAGGAGTGGATAAAAGCCACCTTGACTGGACTCAATCCCCTCCTCATCACTGGGACTTGGGAGCCCCTTAC,CTGTGGCTGCTGCCACCAAGAAGAGGATTCTCCAGGTCCAGTCCAT
B-2,2,IGHV1-45,,GGTTTCTGACGGTCTCAGGATGTGGGTTTTCACACTGTGTATCTTGCACAGTAATACATGGCTGTGTCCTCAGATCTCAGGCTGCTCAGCTCCATGTAGGCTGTGCTCATAGACCTGTCCCTGGTAATGGTGACTCTGTCCTGGAATTTCTGTGCGTAGTTGGTGTTACCATTGAAAGGTGTGATCCATCCCATCCACTCAAGCGCTTGTCCGGGGGCCTGTCGCACCCAGTGCAGGTAGCGGTAGGTGAAGGTGTATCCGGAAGCCTTGCAGGAAACCTTCACTGAGGACCCAGTCTTCTTCACCTCAGCCCCAGACTGCACCAGCTGCATCTGGGAGTAGGCATCTGTGGAGGGGACACAGGAGTGGATAAAAGCCACCTTGACTGGACTCAATCCCCTCCTCATCACTGGGACTTGGGAGCCCCTTACCTGTGGCTGCTGCCACCAAGAAGAGGATTCTCCAGGTCCAGTCCATGGTGAGGAGCTGTGCTTTC,CACTGTG,CGGTCTCAGGATGTGGGTTTTCA,GGTTTCTGA,TATCTTGCACAGTAATACATGGCTGTGTCCTCAGATCTCAGGCTGCTCAGCTCCATGTAGGCTGTGCTCATAGACCTGTCCCTGGTAATGGTGACTCTGTCCTGGAATTTCTGTGCGTAGTTGGTGTTACCATTGAAAGGTGTGATCCATCCCATCCACTCAAGCGCTTGTCCGGGGGCCTGTCGCACCCAGTGCAGGTAGCGGTAGGTGAAGGTGTATCCGGAAGCCTTGCAGGAAACCTTCACTGAGGACCCAGTCTTCTTCACCTCAGCCCCAGACTGCACCAGCTGCATCTGGGAGTAGGCAT,CTGTGGAGGGGACACAGGAGTGGATAAAAGCCACCTTGACTGGACTCAATCCCCTCCTCATCACTGGGACTTGGGAGCCCCTTAC,CTGTGGCTGCTGCCACCAAGAAGAGGATTCTCCAGGTCCAGTCCAT
B-2,1,IGHV1-46,,GGTTTCTGACACTCTGAGGATGTGGTTTCTCACACTGTGTCTCTCGCACAGTAATACACGGCCGTGTCCTCAGATCTCAGGCTGCTCAGCTCCATGTAGACTGTGCTCGTGGACGTGTCCCTGGTCATGGTGACTCTGCCCTGGAACTTCTGTGCGTAGCTTGTGCTACCACCACTAGGGTTGATTATTCCCATCCACTCAAGCCCTTGTCCAGGGGCCTGTCGCACCCAGTGCATATAGTAGCTGGTGAAGGTGTATCCAGATGCCTTGCAGGAAACCTTCACTGAGGCCCCAGGCTTCTTCACCTCAGCCCCAGACTGCACCAGCTGCACCTGGGAGTGAGCACCTGCGGAGAGGACACAGTAGAGAATGACAGTCCTCTAAACTGGAAAAAATCCCTTCCTCAGCCCTGGAACCAGTTGGCCCTTTACCTGGAGCTACAGCCAGCAAGCAGAAGACCCTCCAGGTCCAGTCCATGGTGAAGAACTTTCCTCTC,CACTGTG,CACTCTGAGGATGTGGTTTCTCA,GGTTTCTGA,TCTCTCGCACAGTAATACACGGCCGTGTCCTCAGATCTCAGGCTGCTCAGCTCCATGTAGACTGTGCTCGTGGACGTGTCCCTGGTCATGGTGACTCTGCCCTGGAACTTCTGTGCGTAGCTTGTGCTACCACCACTAGGGTTGATTATTCCCATCCACTCAAGCCCTTGTCCAGGGGCCTGTCGCACCCAGTGCATATAGTAGCTGGTGAAGGTGTATCCAGATGCCTTGCAGGAAACCTTCACTGAGGCCCCAGGCTTCTTCACCTCAGCCCCAGACTGCACCAGCTGCACCTGGGAGTGAGCAC,CTGCGGAGAGGACACAGTAGAGAATGACAGTCCTCTAAACTGGAAAAAATCCCTTCCTCAGCCCTGGAACCAGTTGGCCCTTTAC,CTGGAGCTACAGCCAGCAAGCAGAAGACCCTCCAGGTCCAGTCCAT
B-2,2,IGHV1-46,,GGTTTCTGACACTCTGAGGATGTGGTTTCTCACACTGTGTCTCTCGCACAGTAATACACGGCCGTGTCCTCAGATCTCAGGCTGCTCAGCTCCATGTAGACTGTGCTCGTGGACGTGTCCCTGGTCATGGTGACTCTGCCCTGGAACTTCTGTGCGTAGCTTGTGCTACCACCACTAGGGTTGATTATTCCCATCCACTCAAGCCCTTGTCCAGGGGCCTGTCGCACCCAGTGCATATAGTAGCTGGTGAAGGTGTATCCAGATGCCTTGCAGGAAACCTTCACTGAGGCCCCAGGCTTCTTCACCTCAGCCCCAGACTGCACCAGCTGCACCTGGGAGTGAGCACCTGCGGAGAGGACACAGTAGAGAATGACAGTCCTCTAAACTGGAAAAAATCCCTTCCTCAGCCCTGGAACCAGTTGGCCCTTTACCTGGAGCTACAGCCAGCAAGCAGAAGACCCTCCAGGTCCAGTCCATGGTGAAGAACTTTCCTCTC,CACTGTG,CACTCTGAGGATGTGGTTTCTCA,GGTTTCTGA,TCTCTCGCACAGTAATACACGGCCGTGTCCTCAGATCTCAGGCTGCTCAGCTCCATGTAGACTGTGCTCGTGGACGTGTCCCTGGTCATGGTGACTCTGCCCTGGAACTTCTGTGCGTAGCTTGTGCTACCACCACTAGGGTTGATTATTCCCATCCACTCAAGCCCTTGTCCAGGGGCCTGTCGCACCCAGTGCATATAGTAGCTGGTGAAGGTGTATCCAGATGCCTTGCAGGAAACCTTCACTGAGGCCCCAGGCTTCTTCACCTCAGCCCCAGACTGCACCAGCTGCACCTGGGAGTGAGCAC,CTGCGGAGAGGACACAGTAGAGAATGACAGTCCTCTAAACTGGAAAAAATCCCTTCCTCAGCCCTGGAACCAGTTGGCCCTTTAC,CTGGAGCTACAGCCAGCAAGCAGAAGACCCTCCAGGTCCAGTCCAT
B-2,1,IGHV3-48,,GGTTTGTGTCTGGGCTCACACTGACCTCCCCTCACTGTGTCTCTCGCACAGTAATACACAGCCGTGTCCTCGTCTCTCAGGCTGTTCATTTGCAGATACAGTGAGTTCTTGGCATTGTCTCTGGAGATGGTGAATCGGCCCTTCACAGAGTCTGCGTAGTATATGGTACTACTACTACTACTAATGTATGAAACCCACTCCAGCCCCTTCCCTGGAGCCTGGCGGACCCAGTTCATGCTATAGCTACTGAAGGTGAATCCAGAGGCTGCACAGGAGAGTCTCAGGGACCCCCCAGGCTGTACCAAGCCTCCCCCAGACTCCACCAGCTGCACCTCACACTGGACACCTGCAAACAAAGAGACACCAAGGTCAGAAACTGCCACACATATCCACTGTTTCTCTCACTCATATCCACACACACTAAATCTCTCTAGTTTTCCATGAATCACCTTCTAAAATAGCAACAAGGAAAACCCAGCACAGCCCCAACTCCATGGTGAGTCCTCTGTGTTCA,CACTGTG,CTGGGCTCACACTGACCTCCCCT,GGTTTGTGT,TCTCTCGCACAGTAATACACAGCCGTGTCCTCGTCTCTCAGGCTGTTCATTTGCAGATACAGTGAGTTCTTGGCATTGTCTCTGGAGATGGTGAATCGGCCCTTCACAGAGTCTGCGTAGTATATGGTACTACTACTACTACTAATGTATGAAACCCACTCCAGCCCCTTCCCTGGAGCCTGGCGGACCCAGTTCATGCTATAGCTACTGAAGGTGAATCCAGAGGCTGCACAGGAGAGTCTCAGGGACCCCCCAGGCTGTACCAAGCCTCCCCCAGACTCCACCAGCTGCACCTCACACTGGACAC,CTGCAAACAAAGAGACACCAAGGTCAGAAACTGCCACACATATCCACTGTTTCTCTCACTCATATCCACACACACTAAATCTCTCTAGTTTTCCATGAATCAC,CTTCTAAAATAGCAACAAGGAAAACCCAGCACAGCCCCAACTCCAT
B-2,2,IGHV3-48,,GGTTTGTGTCTGGGCTCACACTGACCTCCCCTCACTGTGTCTCTCGCACAGTAATACACAGCCGTGTCCTCGGCTCTCAGGCTGTTCATTTGCAGATACAGTGAGTTCTTGGCGTTGTCTCTGGAGATGGTGAATCGGCCCTTCACAGAGTCTGCGTAGTATATGGTACTACTACTACTACTAATGTATGAAACCCACTCCAGCCCCTTCCCTGGAGCCTGGCGGACCCAGTTCATGCTATAGCTACTGAAGGTGAATCCAGAGGCTGCACAGGAGAGTCTCAGGGACCCCCCAGGCTGTACCAAGCCTCCCCCAGACTCCACCAGCTGCACCTCACACTGGACACCTGCAAACAAAGAGACACCAAGGTCAGAAACTGCCACACATATCCACTGTTTCTCTCACTCATATCCACACACACTAAATCTCTCTAGTTTTCCATGAATCACCTTCTAAAATAGCAACAAGGAAAACCCAGCACAGCCCCAACTCCATGGTGAGTCCTCTGTGTTCA,CACTGTG,CTGGGCTCACACTGACCTCCCCT,GGTTTGTGT,TCTCTCGCACAGTAATACACAGCCGTGTCCTCGGCTCTCAGGCTGTTCATTTGCAGATACAGTGAGTTCTTGGCGTTGTCTCTGGAGATGGTGAATCGGCCCTTCACAGAGTCTGCGTAGTATATGGTACTACTACTACTACTAATGTATGAAACCCACTCCAGCCCCTTCCCTGGAGCCTGGCGGACCCAGTTCATGCTATAGCTACTGAAGGTGAATCCAGAGGCTGCACAGGAGAGTCTCAGGGACCCCCCAGGCTGTACCAAGCCTCCCCCAGACTCCACCAGCTGCACCTCACACTGGACAC,CTGCAAACAAAGAGACACCAAGGTCAGAAACTGCCACACATATCCACTGTTTCTCTCACTCATATCCACACACACTAAATCTCTCTAGTTTTCCATGAATCAC,CTTCTAAAATAGCAACAAGGAAAACCCAGCACAGCCCCAACTCCAT
B-2,1,IGHV3-49,,GGTTTGTGTCTGGGCTCACATTGACCTCCCCTCACTGTGTCTCTAGTACAGTAATACACGGCTGTGTCCTCGGTTTTCAGGCTGTTCATTTGCAGATAGGCGATGCTTTTGGAATCATCTCTTGAGATGGTGAATCTGCCTTTCACAGACGCGGCGTATTCTGTTGTCCCACCATAAGCTTTGCTTCTAATGAAACCTACCCACTCCAGCCCCTTCCCTGGAGCCTGGCGGAACCAGCTCATAGCATAATCACCAAAGGTGAATCCAGAAGCTGTACAGGAGAGTCTCAGGGACCGCCCTGGCTTTACCAAGCCTCCCCCAGACTCCACCAGCTGCACCTCACATTGGACACCTGCAAACACAGAAACACCAAGGTCAGAAACTGCCACACATATCCACTGTTTCTACCACTCATGTCCCCTCACACTCAGTATCTCTAGTACACCATGAATTACCTTTTAAAATAGCAACAAGGAAAACCCAGCTAAGCCCAAACTCCATGGTTGGTGGTCTGTGTTCA,CACTGTG,CTGGGCTCACATTGACCTCCCCT,GGTTTGTGT,TCTCTAGTACAGTAATACACGGCTGTGTCCTCGGTTTTCAGGCTGTTCATTTGCAGATAGGCGATGCTTTTGGAATCATCTCTTGAGATGGTGAATCTGCCTTTCACAGACGCGGCGTATTCTGTTGTCCCACCATAAGCTTTGCTTCTAATGAAACCTACCCACTCCAGCCCCTTCCCTGGAGCCTGGCGGAACCAGCTCATAGCATAATCACCAAAGGTGAATCCAGAAGCTGTACAGGAGAGTCTCAGGGACCGCCCTGGCTTTACCAAGCCTCCCCCAGACTCCACCAGCTGCACCTCACATTGGACAC,CTGCAAACACAGAAACACCAAGGTCAGAAACTGCCACACATATCCACTGTTTCTACCACTCATGTCCCCTCACACTCAGTATCTCTAGTACACCATGAATTAC,CTTTTAAAATAGCAACAAGGAAAACCCAGCTAAGCCCAAACTCCAT
B-2,2,IGHV3-49,,GGTTTGTGTCTGGGCTCACATTGACCTCCCCTCACTGTGTCTCTAGTACAGTAATACACGGCTGTGTCCTCGGTTTTCAGGCTGTTCATTTGCAGATAGGCGATGCTTTTGGAATCATCTCTTGAGATGGTGAATCTGCCTTTCACAGACGCGGCGTATTCTGTTGTCCCACCATAAGCTTTGCTTCTAATGAAACCTACCCACTCCAGCCCCTTCCCTGGAGCCTGGCGGAACCAGCTCATAGCATAATCACCAAAGGTGAATCCAGAAGCTGTACAGGAGAGTCTCAGGGACCGCCCTGGCTGTACCAAGCCTCCCCCAGACTCCACCAGCTGCACCTCACATTGGACACCTGCAAACACAGAAACACCAAGGTCAGAAACTGCCACACATATCCACTGTTTCTACCACTCATGTCCCCTCACACTCAGTATCTCTAGTACACCATGAATTACCTTTTAAAATAGCAACAAGGAAAACCCAGCTAAGCCCAAACTCCATGGTTGGTGGTCTGTGTTCA,CACTGTG,CTGGGCTCACATTGACCTCCCCT,GGTTTGTGT,TCTCTAGTACAGTAATACACGGCTGTGTCCTCGGTTTTCAGGCTGTTCATTTGCAGATAGGCGATGCTTTTGGAATCATCTCTTGAGATGGTGAATCTGCCTTTCACAGACGCGGCGTATTCTGTTGTCCCACCATAAGCTTTGCTTCTAATGAAACCTACCCACTCCAGCCCCTTCCCTGGAGCCTGGCGGAACCAGCTCATAGCATAATCACCAAAGGTGAATCCAGAAGCTGTACAGGAGAGTCTCAGGGACCGCCCTGGCTGTACCAAGCCTCCCCCAGACTCCACCAGCTGCACCTCACATTGGACAC,CTGCAAACACAGAAACACCAAGGTCAGAAACTGCCACACATATCCACTGTTTCTACCACTCATGTCCCCTCACACTCAGTATCTCTAGTACACCATGAATTAC,CTTTTAAAATAGCAACAAGGAAAACCCAGCTAAGCCCAAACTCCAT
B-2,1,IGHV5-51,,GTTTTAGACGGGCTCGGGGCTGGTTTCTCTCACTGTGTGTCTCGCACAGTAATACATGGCGGTGTCCGAGGCCTTCAGGCTGCTCCACTGCAGGTAGGCGGTGCTGATGGACTTGTCGGCTGAGATGGTGACCTGGCCTTGGAAGGACGGGCTGTATCTGGTATCAGAGTCACCAGGATAGATGATCCCCATCCACTCCAGGCCTTTCCCGGGCATCTGGCGCACCCAGCCGATCCAGTAGCTGGTAAAGCTGTATCCAGAACCCTTACAGGAGATCTTCAGAGACTCCCCGGGCTTTTTCACCTCTGCTCCAGACTGCACCAGCTGCACCTCGGCACAGACTCCTGTGGGGGAGACACAAAATTTGAATCAGGGGCTCCTTTCCACCCGTTCTCCTCTGTGACCTCAAGCCCTCGGCAGGACTGACCTTGGAGAACAGCCAGGAGGAGGGCGAGGATGGCGGTTGACCCCATGATGGTGGAGGACAGAAAA,CTGTGTG,GGGCTCGGGGCTGGTTTCTCTCA,GTTTTAGAC,TCTCGCACAGTAATACATGGCGGTGTCCGAGGCCTTCAGGCTGCTCCACTGCAGGTAGGCGGTGCTGATGGACTTGTCGGCTGAGATGGTGACCTGGCCTTGGAAGGACGGGCTGTATCTGGTATCAGAGTCACCAGGATAGATGATCCCCATCCACTCCAGGCCTTTCCCGGGCATCTGGCGCACCCAGCCGATCCAGTAGCTGGTAAAGCTGTATCCAGAACCCTTACAGGAGATCTTCAGAGACTCCCCGGGCTTTTTCACCTCTGCTCCAGACTGCACCAGCTGCACCTCGGCACAGACTC,CTGTGGGGGAGACACAAAATTTGAATCAGGGGCTCCTTTCCACCCGTTCTCCTCTGTGACCTCAAGCCCTCGGCAGGACTGAC,CTTGGAGAACAGCCAGGAGGAGGGCGAGGATGGCGGTTGACCCCAT
B-2,2,IGHV5-51,,GTTTTAGACGGGCTCGGGGCTGGTTTCTCTCACTGTGTGTCTCGCACAGTAATACATGGCGGTGTCCGAGGCCTTCAGGCTGCTCCACTGCAGGTAGGCGGTGCTGATGGACTTGTCGGCTGAGATGGTGACCTGGCCTTGGAAGGACGGGCTGTATCTGGTATCAGAGTCACCAGGATAGATGATCCCCATCCACTCCAGGCCTTTCCCGGGCATCTGGCGCACCCAGCCGATCCAGTAGCTGGTAAAGCTGTATCCAGAACCCTTACAGGAGATCTTCAGAGACTCCCCGGGCTTTTTCACCTCTGCTCCAGACTGCACCAGCTGCACCTCGGCACAGACTCCTGTGGGGGAGACACAAAATTTGAATCAGGGGCTCCTTTCCACCCGTTCTCCTCTGTGACCTCAAGCCCTCGGCAGGACTGACCTTGGAGAACAGCCAGGAGGAGGGCGAGGATGGCGGTTGACCCCATGATGGTGGAGGACAGAAAA,CTGTGTG,GGGCTCGGGGCTGGTTTCTCTCA,GTTTTAGAC,TCTCGCACAGTAATACATGGCGGTGTCCGAGGCCTTCAGGCTGCTCCACTGCAGGTAGGCGGTGCTGATGGACTTGTCGGCTGAGATGGTGACCTGGCCTTGGAAGGACGGGCTGTATCTGGTATCAGAGTCACCAGGATAGATGATCCCCATCCACTCCAGGCCTTTCCCGGGCATCTGGCGCACCCAGCCGATCCAGTAGCTGGTAAAGCTGTATCCAGAACCCTTACAGGAGATCTTCAGAGACTCCCCGGGCTTTTTCACCTCTGCTCCAGACTGCACCAGCTGCACCTCGGCACAGACTC,CTGTGGGGGAGACACAAAATTTGAATCAGGGGCTCCTTTCCACCCGTTCTCCTCTGTGACCTCAAGCCCTCGGCAGGACTGAC,CTTGGAGAACAGCCAGGAGGAGGGCGAGGATGGCGGTTGACCCCAT
B-2,1,IGHV3-53,,GGTTTGTGTCTGGGCGCACAATGACTTCCCCTCACTGTGTCTCTCGCACAGTAATACACGGCCGTGTCCTCGGCTCTCAGGCTGTTCATTTGAAGATACAGCGTGTTCTTGGAATTGTCTCTGGAGATGGTGAATCGGCCCTTCACGGAGTCTGCGTAGTATGTGCTACCACCGCTATAAATAACTGAGACCCACTCCAGCCCCTTCCCTGGAGCCTGGCGGACCCAGCTCATGTAGTTGCTACTGACGGTGAACCCAGAGGCTGCACAGGAGAGTCTCAGGGACCCCCCAGGCTGGATCAAGCCTCCTCCAGACTCCACCAGCTGCACCTCACACTGGACACCTGCAAACACAGAGACATTGGTTAGAAACTGCCACACATATCCACTGTTTCTCTCACTCGTGTTCACTCACACTCAATATCTCTAGTTCTCCATGAATCACCTTTTAAAATAGCAACAAGGAAAACCCAGCTCAGCCAAAACTCCATGGTGAGTCCTCTGTGTTCA,CACTGTG,CTGGGCGCACAATGACTTCCCCT,GGTTTGTGT,TCTCTCGCACAGTAATACACGGCCGTGTCCTCGGCTCTCAGGCTGTTCATTTGAAGATACAGCGTGTTCTTGGAATTGTCTCTGGAGATGGTGAATCGGCCCTTCACGGAGTCTGCGTAGTATGTGCTACCACCGCTATAAATAACTGAGACCCACTCCAGCCCCTTCCCTGGAGCCTGGCGGACCCAGCTCATGTAGTTGCTACTGACGGTGAACCCAGAGGCTGCACAGGAGAGTCTCAGGGACCCCCCAGGCTGGATCAAGCCTCCTCCAGACTCCACCAGCTGCACCTCACACTGGACAC,CTGCAAACACAGAGACATTGGTTAGAAACTGCCACACATATCCACTGTTTCTCTCACTCGTGTTCACTCACACTCAATATCTCTAGTTCTCCATGAATCAC,CTTTTAAAATAGCAACAAGGAAAACCCAGCTCAGCCAAAACTCCAT
B-2,2,IGHV3-53,,GGTTTGTGTCTGGGCGCACAATGACTTCCCCTCACTGTGTCTCTCGCACAGTAATACACGGCCGTGTCCTCAGCTCTCAGGCTGTTCATTTGAAGATACAGCGTGTTCTTGGAATTGTGTCTGGAGATGGTGAATCGGCCCTTCACGGAGTCTGCGTAGTATGTGCTACCACCGCTATAAATAACTGAGACCCACTCCAGCCCCTTCCCTGGAGCCTGGCGGACCCAGCTCATGTAGTTGCTACTGACGGTGAACCCAGAGGCTGCACAGGAGAGTCTCAGGGACCCCCCAGGCTGGACCAAGCCTCCTCCAGACTCCACCAGCTGCACCTCACACTGGACACCTGCAAACACAGAGACATTGGTTAGAAACTGCCACACATATCCACTGTTTCTCTCACTCGTGTTCACTCACACTCAATATCTCTAGTTCTCCATGAATCACCTTTTAAAATAGCAACAAGGAAAACCCAGCTCAGCCAAAACTCCATGGTGAGTCCTCTGTGTTCA,CACTGTG,CTGGGCGCACAATGACTTCCCCT,GGTTTGTGT,TCTCTCGCACAGTAATACACGGCCGTGTCCTCAGCTCTCAGGCTGTTCATTTGAAGATACAGCGTGTTCTTGGAATTGTGTCTGGAGATGGTGAATCGGCCCTTCACGGAGTCTGCGTAGTATGTGCTACCACCGCTATAAATAACTGAGACCCACTCCAGCCCCTTCCCTGGAGCCTGGCGGACCCAGCTCATGTAGTTGCTACTGACGGTGAACCCAGAGGCTGCACAGGAGAGTCTCAGGGACCCCCCAGGCTGGACCAAGCCTCCTCCAGACTCCACCAGCTGCACCTCACACTGGACAC,CTGCAAACACAGAGACATTGGTTAGAAACTGCCACACATATCCACTGTTTCTCTCACTCGTGTTCACTCACACTCAATATCTCTAGTTCTCCATGAATCAC,CTTTTAAAATAGCAACAAGGAAAACCCAGCTCAGCCAAAACTCCAT
B-2,1,IGHV1-58,,CGTTTCTGACACTCTCAGGATGTGGGTTTTCACACTGTGTCTGCCGCACAGTAATACACGGCCGTGTCCTCGGATCTCAGGCTGCTCAGCTCCATGTAGGCTGTGCTTGTGGACATGTCCCTGGTAATGGTGACTCTTTCCTGGAACTTCTGTGCGTAGTTTGTGTTACCACTGCCAACGACGATCCATCCTATCCACTCAAGGCGTTGTCCACGAGCCTGTCGCACCCACTGCACAGCAGAGCTAGTAAAGGTGAATCCAGAAGCCTTGCAGGAGACCTTCACTGAGGTCCCAGGCTTCTTCACCTCAGGCCCAGACTGCACCAGCTGCATTTGGGAGTGGGCACCTGTGGAGAGAACACAGGAGTGGATGAAAGCCACCTTGACTGGACTCAATCCCCTCCTCATCACTGGGACTTGGCATCTCCTTGCCTGTCGCTGCTCCCACCAAGAAGAGGATCCTCCAAATCCAGTCCATAGTGAGGAACTGTGCCGTC,CACTGTG,CACTCTCAGGATGTGGGTTTTCA,CGTTTCTGA,TCTGCCGCACAGTAATACACGGCCGTGTCCTCGGATCTCAGGCTGCTCAGCTCCATGTAGGCTGTGCTTGTGGACATGTCCCTGGTAATGGTGACTCTTTCCTGGAACTTCTGTGCGTAGTTTGTGTTACCACTGCCAACGACGATCCATCCTATCCACTCAAGGCGTTGTCCACGAGCCTGTCGCACCCACTGCACAGCAGAGCTAGTAAAGGTGAATCCAGAAGCCTTGCAGGAGACCTTCACTGAGGTCCCAGGCTTCTTCACCTCAGGCCCAGACTGCACCAGCTGCATTTGGGAGTGGGCAC,CTGTGGAGAGAACACAGGAGTGGATGAAAGCCACCTTGACTGGACTCAATCCCCTCCTCATCACTGGGACTTGGCATCTCCTTGC,CTGTCGCTGCTCCCACCAAGAAGAGGATCCTCCAAATCCAGTCCAT
B-2,2,IGHV1-58,,CGTTTCTGACACTCTCAGGATGTGGGTTTTCACACTGTGTCTGCCGCACAGTAATACACGGCCGTGTCCTCGGATCTCAGGCTGCTCAGCTCCATGTAGGCTGTGCTTGTGGACATGTCCCTGGTAATGGTGACTCTTTCCTGGAACTTCTGTGCGTAGTTTGTGTTACCACTGCCAACGACGATCCATCCTATCCACTCAAGGCGTTGTCCACGAGCCTGTCGCACCCACTGCATAGCAGAGCTAGTAAAGGTGAATCCAGAAGCCTTGCAGGAGACCTTCACTGAGGTCCCAGGCTTCTTCACCTCAGGCCCAGACTGCACCAGCTGCATTTGGGAGTGGGCACCTGTGGAGAGAACACAGGAGTGGATGAAAGCCACCTTGACTGGACTCAATCCCCTCCTCATCACTGGGACTTGGCATCTCCTTGCCTGTCGCTGCTCCCACCAAGAAGAGGATCCTCCAAATCCAGTCCATAGTGAGGAACTGTGCCGTC,CACTGTG,CACTCTCAGGATGTGGGTTTTCA,CGTTTCTGA,TCTGCCGCACAGTAATACACGGCCGTGTCCTCGGATCTCAGGCTGCTCAGCTCCATGTAGGCTGTGCTTGTGGACATGTCCCTGGTAATGGTGACTCTTTCCTGGAACTTCTGTGCGTAGTTTGTGTTACCACTGCCAACGACGATCCATCCTATCCACTCAAGGCGTTGTCCACGAGCCTGTCGCACCCACTGCATAGCAGAGCTAGTAAAGGTGAATCCAGAAGCCTTGCAGGAGACCTTCACTGAGGTCCCAGGCTTCTTCACCTCAGGCCCAGACTGCACCAGCTGCATTTGGGAGTGGGCAC,CTGTGGAGAGAACACAGGAGTGGATGAAAGCCACCTTGACTGGACTCAATCCCCTCCTCATCACTGGGACTTGGCATCTCCTTGC,CTGTCGCTGCTCCCACCAAGAAGAGGATCCTCCAAATCCAGTCCAT
B-2,1,IGHV3-64,,GGTTTCTGCATGGTCCCACATTAACTTCTCCTCACTGTGTCTCTCGCACAGTAATACACAGCCATGTCCTCAGCTCTCAGGCTGCCCATTTGAAGATACAGCGTGTTCTTGGAATTGTCTCTGGAGATGGTGAATCTGCCCTTCACAGAGTCTGCATAATATGTGCTACCCCCATTACTACTAATAGCTGAAACATATTCCAGTCCCTTCCCTGGAGCCTGGCGGACCCAGTGCATAGCATAGCTACTGAAGGTGAATCCAGAGGCTGCACAGGAGAGTCTCAGGGACCCCCCAGGCTGGACCAAGCCTTCCCCAGACTCCACCAGCTGCACCTCACACTGGACACCTGCAAACACAGAGACACCAAGGTCAGAAACTGCCACACAAATCCACTGTTTCTCTCACTCATGTCCACTCACACTCAATATCTCTATTTCCTCATGAATCACCTTTAAAAATAGCAACAAGGAAAACCCAGCTCAGCCCAAACTCCATCATGACTCTTCTGTGTTCAGTG,CACTGTG,ATGGTCCCACATTAACTTCTCCT,GGTTTCTGC,TCTCTCGCACAGTAATACACAGCCATGTCCTCAGCTCTCAGGCTGCCCATTTGAAGATACAGCGTGTTCTTGGAATTGTCTCTGGAGATGGTGAATCTGCCCTTCACAGAGTCTGCATAATATGTGCTACCCCCATTACTACTAATAGCTGAAACATATTCCAGTCCCTTCCCTGGAGCCTGGCGGACCCAGTGCATAGCATAGCTACTGAAGGTGAATCCAGAGGCTGCACAGGAGAGTCTCAGGGACCCCCCAGGCTGGACCAAGCCTTCCCCAGACTCCACCAGCTGCACCTCACACTGGACAC,CTGCAAACACAGAGACACCAAGGTCAGAAACTGCCACACAAATCCACTGTTTCTCTCACTCATGTCCACTCACACTCAATATCTCTATTTCCTCATGAATCAC,CTTTAAAAATAGCAACAAGGAAAACCCAGCTCAGCCCAAACTCCATCAT
B-2,2,IGHV3-64,,GGTTTCTGCATGGTCCCACATTAACTTCTCCTCACTGTGTCTCTCGCACAGTAATACACAGCCATGTCCTCAGCTCTCAGGCTGCCCATTTGAAGATACAGCGTGTTCTTGGAATTGTCTCTGGAGATGGTGAATCTGCCCTTCACAGAGTTTGCATAATATGTGCTACCCCCATTACTACTAATAGCTGAAACATATTCCAGTCCCTTCCCTGGAGCCTGGCGGACCCAGTGCATAGCATAGCTACTGAAGGTGAATCCAGAGGCTGCACAGGAGAGTCTCAGGGACCCCCCAGGCTGGACCAAGCCTCCCCCAGACTCCACCAGCTGCACCTCACACTGGACACCTGCAAACACAGAGACACCAAGGTCAGAAACTGCCACACAAATCCACTGTTTCTCTCACTCATGTCCACTCACACTCAATATCTCTATTTCCTCATGAATCACCTTTAAAAATAGCAACAAGGAAAACCCAGCTCAGCCCAAACTCCGTCATGACTCTTCTGTGTTCAGTG,CACTGTG,ATGGTCCCACATTAACTTCTCCT,GGTTTCTGC,TCTCTCGCACAGTAATACACAGCCATGTCCTCAGCTCTCAGGCTGCCCATTTGAAGATACAGCGTGTTCTTGGAATTGTCTCTGGAGATGGTGAATCTGCCCTTCACAGAGTTTGCATAATATGTGCTACCCCCATTACTACTAATAGCTGAAACATATTCCAGTCCCTTCCCTGGAGCCTGGCGGACCCAGTGCATAGCATAGCTACTGAAGGTGAATCCAGAGGCTGCACAGGAGAGTCTCAGGGACCCCCCAGGCTGGACCAAGCCTCCCCCAGACTCCACCAGCTGCACCTCACACTGGACAC,CTGCAAACACAGAGACACCAAGGTCAGAAACTGCCACACAAATCCACTGTTTCTCTCACTCATGTCCACTCACACTCAATATCTCTATTTCCTCATGAATCAC,CTTTAAAAATAGCAACAAGGAAAACCCAGCTCAGCCCAAACTCCGTCAT
B-2,1,IGHV3-66,,GGTTTGTGTCTGGGCGCACAATGGCCTCCCCTCACTGTGTCTCTCGCACAGTAATACACAGCCGTGTCCTCAGCTCTCAGGCTGTTCATTTGAAGATACAGCGTGTTCTTGGAATTGTCTCTGGAGATGGTGAATCGGCCCTTCACGGAGTCTGCGTAGTATGTGCTACCACAGCTATAAATAACTGAGACCCACTCCAGCCCCTTCCCTGGAGCCTGGCGGACCCAGCTCATGTAGTTGCTACTGACGGTGAACCCAGAGGCTGCACAGGAGAGTCTCAGGGACCCCCCAGGCTGGATCAAGCCTCCTCCAGACTCCACCAGCTGCACCTCACACTGGACACCTGCAAACACAGAGACATTGGTTAGAAACTGCCACACATATCCACTGTTTCTCTCACTCGTGTTCACTCACACTCAATATCTCTAGTTCTCCATGAATCACCTTTTAAAATAGCAACAAGGAAAACCCAGCTCAGCCCAAACTCCATGGCGAGTCCTCTGTGTTCA,CACTGTG,CTGGGCGCACAATGGCCTCCCCT,GGTTTGTGT,TCTCTCGCACAGTAATACACAGCCGTGTCCTCAGCTCTCAGGCTGTTCATTTGAAGATACAGCGTGTTCTTGGAATTGTCTCTGGAGATGGTGAATCGGCCCTTCACGGAGTCTGCGTAGTATGTGCTACCACAGCTATAAATAACTGAGACCCACTCCAGCCCCTTCCCTGGAGCCTGGCGGACCCAGCTCATGTAGTTGCTACTGACGGTGAACCCAGAGGCTGCACAGGAGAGTCTCAGGGACCCCCCAGGCTGGATCAAGCCTCCTCCAGACTCCACCAGCTGCACCTCACACTGGACAC,CTGCAAACACAGAGACATTGGTTAGAAACTGCCACACATATCCACTGTTTCTCTCACTCGTGTTCACTCACACTCAATATCTCTAGTTCTCCATGAATCAC,CTTTTAAAATAGCAACAAGGAAAACCCAGCTCAGCCCAAACTCCAT
B-2,2,IGHV3-66,,GGTTTGTGTCTGGGCGCACAATGGCCTCCCCTCACTGTGTCTCTCGCACAGTAATACACAGCCGTGTCCTCGGCTCTCAGGCTGTTCATTTGAAGATACAGCGTGTTCTTGGAATTGTCTCTGGAGATGGTGAATCTGCCCTTCACGGAGTCTGCGTAGTATGTGCTACCACCGCTATAAATAACTGAGACCCACTCCAGCCCCTTCCCTGGAGCCTGGCGGACCCAGCTCATGTAGTTGCTACTGACGGTGAATCCAGAGGCTGCACAGGAGAGTCTCAGGGACCCCCCAGGCTGGACCAAGCCTCCCCCAGACTCCACCAGCTGCACCTCACACTGGACACCTGCAAACACAGAGACATTGGTCAGAAACTGCCACACATATCCACTGTTTCTCTCACTCATCTTCACTCACACTCGATATCTCTAGTTCTCCATGAATCACCTTTTAAAATAGCAACAAGGAAAACCCAGCTCAGCCCAAACTCCATGGCGAGTCCTCTGTGTTCA,CACTGTG,CTGGGCGCACAATGGCCTCCCCT,GGTTTGTGT,TCTCTCGCACAGTAATACACAGCCGTGTCCTCGGCTCTCAGGCTGTTCATTTGAAGATACAGCGTGTTCTTGGAATTGTCTCTGGAGATGGTGAATCTGCCCTTCACGGAGTCTGCGTAGTATGTGCTACCACCGCTATAAATAACTGAGACCCACTCCAGCCCCTTCCCTGGAGCCTGGCGGACCCAGCTCATGTAGTTGCTACTGACGGTGAATCCAGAGGCTGCACAGGAGAGTCTCAGGGACCCCCCAGGCTGGACCAAGCCTCCCCCAGACTCCACCAGCTGCACCTCACACTGGACAC,CTGCAAACACAGAGACATTGGTCAGAAACTGCCACACATATCCACTGTTTCTCTCACTCATCTTCACTCACACTCGATATCTCTAGTTCTCCATGAATCAC,CTTTTAAAATAGCAACAAGGAAAACCCAGCTCAGCCCAAACTCCAT
B-2,2,IGHV1-69,,GGTTTCTGACACTCTCAGGATGTGGGTTTTCACACTGTGTCTCTCGCACAGTAATACACGGCCGTGTCCTCAGATCTCAGGCTGCTCAGCTCCATGTAGGCTGTGCTCGTGGATTCGTCCGCGGTAATCGTGACTCTGCCCTGGAACTTCTGTGCGTAGTTTGCTGTACCAAAGATAGGGATGATCCCTCCCATCCACTCAAGCCCTTGTCCAGGGGCCTGTCGCACCCAGCTGATAGCATAGCTGCTGAAGGTGCCTCCAGAAGCCTTGCAGGAGACCTTCACCGAGGACCCAGGCTTCTTCACCTCAGCCCCAGACTGCACCAGCTGCACCTGGGACTGGACACCTGTGGAGAGGACACAGGGGTGAATAAAATCCTCTTTAACTAAACCAGGATCCCTTCCTCAGCCTTAGGACTAGGAAGCCCCTTACCTGTAGCTGCTGCCACCACAAAGAGGAACCTCCAGGTCCAGTCCATGGTGATGAGCTGTGCTCCC,CACTGTG,CACTCTCAGGATGTGGGTTTTCA,GGTTTCTGA,TCTCTCGCACAGTAATACACGGCCGTGTCCTCAGATCTCAGGCTGCTCAGCTCCATGTAGGCTGTGCTCGTGGATTCGTCCGCGGTAATCGTGACTCTGCCCTGGAACTTCTGTGCGTAGTTTGCTGTACCAAAGATAGGGATGATCCCTCCCATCCACTCAAGCCCTTGTCCAGGGGCCTGTCGCACCCAGCTGATAGCATAGCTGCTGAAGGTGCCTCCAGAAGCCTTGCAGGAGACCTTCACCGAGGACCCAGGCTTCTTCACCTCAGCCCCAGACTGCACCAGCTGCACCTGGGACTGGACAC,CTGTGGAGAGGACACAGGGGTGAATAAAATCCTCTTTAACTAAACCAGGATCCCTTCCTCAGCCTTAGGACTAGGAAGCCCCTTAC,CTGTAGCTGCTGCCACCACAAAGAGGAACCTCCAGGTCCAGTCCAT
B-2,1,IGHV1-69,,GGTTTCTGACACTCTCAGGATGTGGGTTTTCACACTGTGTCTCTCGCACAGTAATACACGGCCGTGTCCTCAGATCTCAGGCTGCTCAGCTCCATGTAGGCTGTGCTCGTGGATTCGTCCGCGGTAATCGTGACTCTGCCCTGGAACTTCTGTGCGTAGTTTGCTGTACCAAAGATAGGGATGATCCCTCCCATCCACTCAAGCCCTTGTCCAGGGGCCTGTCGCACCCAGCTGATAGCATAGCTGCTGAAGGTGCCTCCAGAAGCCTTGCAGGAGACCTTCACCGAGGACCCAGGCTTCTTCACCTCAGCCCCAGACTGCACCAGCTGGACCTGGGACTGGACACCTGTGGAGAGGACACAGGGGTGAATAAAATCCTCTTTAACTAAACCAGGATCCCTTCCTCAGCCTTAGGACTAGGAAGCCCCTTACCTGTAGCTGCTGCCACCACAAAGAGGAACCTCCAGGTCCAGTCCATGGTGATGAGCTGTGCTCCC,CACTGTG,CACTCTCAGGATGTGGGTTTTCA,GGTTTCTGA,TCTCTCGCACAGTAATACACGGCCGTGTCCTCAGATCTCAGGCTGCTCAGCTCCATGTAGGCTGTGCTCGTGGATTCGTCCGCGGTAATCGTGACTCTGCCCTGGAACTTCTGTGCGTAGTTTGCTGTACCAAAGATAGGGATGATCCCTCCCATCCACTCAAGCCCTTGTCCAGGGGCCTGTCGCACCCAGCTGATAGCATAGCTGCTGAAGGTGCCTCCAGAAGCCTTGCAGGAGACCTTCACCGAGGACCCAGGCTTCTTCACCTCAGCCCCAGACTGCACCAGCTGGACCTGGGACTGGACAC,CTGTGGAGAGGACACAGGGGTGAATAAAATCCTCTTTAACTAAACCAGGATCCCTTCCTCAGCCTTAGGACTAGGAAGCCCCTTAC,CTGTAGCTGCTGCCACCACAAAGAGGAACCTCCAGGTCCAGTCCAT
B-2,1,IGHV1-69D,,GGTTTCTGACACTCTCAGGATGTGGGTTTTCACACTGTGTCTCTCGCACAGTAATACACGGCCGTGTCCTCAGATCTCAGGCTGCTCAGCTCCATGTAGGCTGTGCTCGTGGATTCGTCCGCGGTAATCGTGACTCTGCCCTGGAACTTCTGTGCGTAGTTTGCTGTACCAAAGATAGGGATGATCCCTCCCATCCACTCAAGCCCTTGTCCAGGGGCCTGTCGCACCCAGCTGATAGCATAGCTGCTGAAGGTGCCTCCAGAAGCCTTGCAGGAGACCTTCACCGAGGACCCAGGCTTCTTCACCTCAGCCCCAGACTGCACCAGCTGGACCTGGGACTGGACACCTGTGGAGAGGACACAGGGGTGAATAAAATCCTCTTTAACTAAACCAGGATCCCTTCCTCAGCCTTAGGACTAGGAAGCCCCTTACCTGTAGCTGCTGCCACCACAAAGAGGAACCTCCAGGTCCAGTCCATGGTGATGAGCTGTGCTCCC,CACTGTG,CACTCTCAGGATGTGGGTTTTCA,GGTTTCTGA,TCTCTCGCACAGTAATACACGGCCGTGTCCTCAGATCTCAGGCTGCTCAGCTCCATGTAGGCTGTGCTCGTGGATTCGTCCGCGGTAATCGTGACTCTGCCCTGGAACTTCTGTGCGTAGTTTGCTGTACCAAAGATAGGGATGATCCCTCCCATCCACTCAAGCCCTTGTCCAGGGGCCTGTCGCACCCAGCTGATAGCATAGCTGCTGAAGGTGCCTCCAGAAGCCTTGCAGGAGACCTTCACCGAGGACCCAGGCTTCTTCACCTCAGCCCCAGACTGCACCAGCTGGACCTGGGACTGGACAC,CTGTGGAGAGGACACAGGGGTGAATAAAATCCTCTTTAACTAAACCAGGATCCCTTCCTCAGCCTTAGGACTAGGAAGCCCCTTAC,CTGTAGCTGCTGCCACCACAAAGAGGAACCTCCAGGTCCAGTCCAT
B-2,2,IGHV1-69D,,GGTTTCTGACACTCTCAGGATGTGGGTTTTCACACTGTGTCTCTCGCACAGTAATACACGGCCGTGTCCTCAGATCTCAGGCTGCTCAGCTCCATGTAGGCTGTGCTCGTGGATTCGTCCGCGGTAATCGTGACTCTGCCCTGGAACTTCTGTGCGTAGTTTGCTGTACCAAAGATAGGGATGATCCCTCCCATCCACTCAAGCCCTTGTCCAGGGGCCTGTCGCACCCAGCTGATAGCATAGCTGCTGAAGGTGCCTCCAGAAGCCTTGCAGGAGACCTTCACCGAGGACCCAGGCTTCTTCACCTCAGCCCCAGACTGCACCAGCTGCACCTGGGACTGGACACCTGTGGAGAGGACACAGGGGTGAATAAAATCCTCTTTAACTAAACCAGGATCCCTTCCTCAGCCTTAGGACTAGGAAGCCCCTTACCTGTAGCTGCTGCCACCACAAAGAGGAACCTCCAGGTCCAGTCCATGGTGATGAGCTGTGCTCCC,CACTGTG,CACTCTCAGGATGTGGGTTTTCA,GGTTTCTGA,TCTCTCGCACAGTAATACACGGCCGTGTCCTCAGATCTCAGGCTGCTCAGCTCCATGTAGGCTGTGCTCGTGGATTCGTCCGCGGTAATCGTGACTCTGCCCTGGAACTTCTGTGCGTAGTTTGCTGTACCAAAGATAGGGATGATCCCTCCCATCCACTCAAGCCCTTGTCCAGGGGCCTGTCGCACCCAGCTGATAGCATAGCTGCTGAAGGTGCCTCCAGAAGCCTTGCAGGAGACCTTCACCGAGGACCCAGGCTTCTTCACCTCAGCCCCAGACTGCACCAGCTGCACCTGGGACTGGACAC,CTGTGGAGAGGACACAGGGGTGAATAAAATCCTCTTTAACTAAACCAGGATCCCTTCCTCAGCCTTAGGACTAGGAAGCCCCTTAC,CTGTAGCTGCTGCCACCACAAAGAGGAACCTCCAGGTCCAGTCCAT
B-2,1,IGHV2-70,,GGTTCTTGTACAGGAGGCGCCCTGGGCTGTGTCTCTGTGGTATCCGTGCACAGTAATACGTGGCTGTGTCCACAGGGTCCATGTTGGTCATTGTAAGGACCACCTGGTTTTTGGAGGTGTCCTTGGAGATGGTGAGCCTGGTCTTCAGAGATGTGCTGTAGTATTTATCATCATCCCAATCAATGCGTGCAAGCCACTCCAGGGCCTTCCCTGGGGGCTGACGGATCCAGCTCACACACATTCCACTAGTGCTGAGTGAGAACCCAGAGAAGGTGCAGGTCAGTGTGAGGGTCTGTGTGGGTTTCACCAGCGCAGGACCAGACTCCCTCAAGGTGACCTGGGATAAGACCCCTGTGGAGAAGACATAAGAAGATGAAGCCCACAAAGGAGAGAATAGATTTTTTGCTTCTGAAGTACTACCTGACCACAGCACTCACAGGACGGGACAGTCAGTAGCAGGAGCGTGGAACAAAGTATGTCCATGGTGGGGAGCAGGATTCAC,CTCTGTG,ACAGGAGGCGCCCTGGGCTGTGT,GGTTCTTGT,GTATCCGTGCACAGTAATACGTGGCTGTGTCCACAGGGTCCATGTTGGTCATTGTAAGGACCACCTGGTTTTTGGAGGTGTCCTTGGAGATGGTGAGCCTGGTCTTCAGAGATGTGCTGTAGTATTTATCATCATCCCAATCAATGCGTGCAAGCCACTCCAGGGCCTTCCCTGGGGGCTGACGGATCCAGCTCACACACATTCCACTAGTGCTGAGTGAGAACCCAGAGAAGGTGCAGGTCAGTGTGAGGGTCTGTGTGGGTTTCACCAGCGCAGGACCAGACTCCCTCAAGGTGACCTGGGATAAGACCC,CTGTGGAGAAGACATAAGAAGATGAAGCCCACAAAGGAGAGAATAGATTTTTTGCTTCTGAAGTACTACCTGACCACAGCACTCAC,AGGACGGGACAGTCAGTAGCAGGAGCGTGGAACAAAGTATGTCCAT
B-2,2,IGHV2-70,,GGTTCTTGTACAGGAGGCGCCCTGGGCTGTGTCTCTGTGGTATCCGTGCACAGTAATACGTGGCTGTGTCCACAGGGTCCATGTTGGTCATTGTAAGGACCACCTGGTTTTTGGAGGTGTCCTTGGAGATGGTGAGCCTGGTCTTCAGAGATGTGCTGTAGTATTTATCATCATCCCAATCAATGAGTGCAAGCCACTCCAGGGCCTTCCCTGGGGGCTGACGGATCCAGCTCACACACATTCCACTAGTGCTGAGTGAGAACCCAGAGAAGGTGCAGGTCAGTGTGAGGGTCTGTGTGGGTTTCACCAGCGCAGGACCAGACTCCCTCAAGGTGACCTGGGATAAGACCCCTGTGGAGAAGACATAAGAAGATGAAGCCCACAAAGGAGAGAATAGATTTTTTGCTTCTGAAGTACTACCTGACCACAGCACTCACAGGACGGGACAGTCAGTAGCAGGAGCGTGGAACAAAGTATGTCCATGGTGGAGAGCAGGATTCAC,CTCTGTG,ACAGGAGGCGCCCTGGGCTGTGT,GGTTCTTGT,GTATCCGTGCACAGTAATACGTGGCTGTGTCCACAGGGTCCATGTTGGTCATTGTAAGGACCACCTGGTTTTTGGAGGTGTCCTTGGAGATGGTGAGCCTGGTCTTCAGAGATGTGCTGTAGTATTTATCATCATCCCAATCAATGAGTGCAAGCCACTCCAGGGCCTTCCCTGGGGGCTGACGGATCCAGCTCACACACATTCCACTAGTGCTGAGTGAGAACCCAGAGAAGGTGCAGGTCAGTGTGAGGGTCTGTGTGGGTTTCACCAGCGCAGGACCAGACTCCCTCAAGGTGACCTGGGATAAGACCC,CTGTGGAGAAGACATAAGAAGATGAAGCCCACAAAGGAGAGAATAGATTTTTTGCTTCTGAAGTACTACCTGACCACAGCACTCAC,AGGACGGGACAGTCAGTAGCAGGAGCGTGGAACAAAGTATGTCCAT
B-2,2,IGHV3-72,,TTTGTGTCCGGGCTCACACTGACCTCCCCTCGCTGTGTCTCTAGCACAGTAATACACGGCCGTGTCCTCGGTTTTCAGGCTGTTCATTTGCAGATACAGTGAGTTCTTTGAATCATCTCTTGAGATGGTGAATCTGCCTTTCACAGACGCGGCGTATTCTGTGGTGTAACTGTTAGCTTTGTTTCTAGTACGGCCAACCCACTCCAGCCCCTTCCCTGGAGCCTGGCGGACCCAGTCCATGTAGTGGTCACTGAAGGTGAATCCAGAGGCTGCACAGGAGAGTCTCAGGGACCCTCCAGGCTGGACCAAGCCTCCCCCAGACTCCACCAGCTGCACCTCACACTGGACACCTGCAAACACAGAGACACCCTGGTCAGAAACTGTCACACAAATCCACTGTTTCTCTCACTCACGTCCACTCACACTTAACATCTCTAGTTCTCCATAAATCACCTTGTAAAATAACAACAAGGAAAACCCAGCTCAGCCCAAACTCCATGGTGAGTCCTCTGTGTTCA,CTGTGTC,GGGCTCACACTGACCTCCCCTCG,TTTGTGTCC,TCTAGCACAGTAATACACGGCCGTGTCCTCGGTTTTCAGGCTGTTCATTTGCAGATACAGTGAGTTCTTTGAATCATCTCTTGAGATGGTGAATCTGCCTTTCACAGACGCGGCGTATTCTGTGGTGTAACTGTTAGCTTTGTTTCTAGTACGGCCAACCCACTCCAGCCCCTTCCCTGGAGCCTGGCGGACCCAGTCCATGTAGTGGTCACTGAAGGTGAATCCAGAGGCTGCACAGGAGAGTCTCAGGGACCCTCCAGGCTGGACCAAGCCTCCCCCAGACTCCACCAGCTGCACCTCACACTGGACAC,CTGCAAACACAGAGACACCCTGGTCAGAAACTGTCACACAAATCCACTGTTTCTCTCACTCACGTCCACTCACACTTAACATCTCTAGTTCTCCATAAATCAC,CTTGTAAAATAACAACAAGGAAAACCCAGCTCAGCCCAAACTCCAT
B-2,1,IGHV3-72,,TTTGTGTCCGGGCTCACACTGACCTCCCCTCGCTGTGTCTCTAGCACAGTAATACACGGCCGTGTCCTCGGTTTTCAGGCTGTTCATTTGCAGATACAGTGAGTTCTTTGAATCATCTCTTGAGATGGTGAATCTGCCTTTCACAGACGCGGCGTATTCTGTGGTGTAACTGTTAGCTTTGTTTCTAGTACGGCCAACCCACTCCAGCCCCTTCCCTGGAGCCTGGCGGACCCAGTCCATGTAGTGGTCACTGAAGGTGAATCCAGAGGCTGCACAGGAGAGTCTCAGGGACCCTCCAGGCTGGACCAAGCCTCCCCCAGACTCCACCAGCTGCACCTCACACTGGACACCTGCAAACACAGAGACACCCTGGTCAGAAACTGTCACACAAATCCACTGTTTCTCTCACTCACGTCCACTCACACTTAACATCTCTAGTTCTCCATAAATCACCTTGTAAAATAACAACAAGGAAAACCCAGCTCAGCCCAAACTCCATGGTGAGTCCTCTGTGTTCA,CTGTGTC,GGGCTCACACTGACCTCCCCTCG,TTTGTGTCC,TCTAGCACAGTAATACACGGCCGTGTCCTCGGTTTTCAGGCTGTTCATTTGCAGATACAGTGAGTTCTTTGAATCATCTCTTGAGATGGTGAATCTGCCTTTCACAGACGCGGCGTATTCTGTGGTGTAACTGTTAGCTTTGTTTCTAGTACGGCCAACCCACTCCAGCCCCTTCCCTGGAGCCTGGCGGACCCAGTCCATGTAGTGGTCACTGAAGGTGAATCCAGAGGCTGCACAGGAGAGTCTCAGGGACCCTCCAGGCTGGACCAAGCCTCCCCCAGACTCCACCAGCTGCACCTCACACTGGACAC,CTGCAAACACAGAGACACCCTGGTCAGAAACTGTCACACAAATCCACTGTTTCTCTCACTCACGTCCACTCACACTTAACATCTCTAGTTCTCCATAAATCAC,CTTGTAAAATAACAACAAGGAAAACCCAGCTCAGCCCAAACTCCAT
B-2,2,IGHV3-73,,TTTGTGTCCGGGCTCACACTGACCTCCCCTCACTGTGTGTCTAGTACAGTAATACACGGCCGTGTCCTCGGTTTTCAGGCTGTTCATTTGCAGATACGCCGTGTTCTTTGAATCATCTCTGGAGATGGTGAACCTGCCTTTCACCGACGCAGCATATGCTGTCGCGTAACTGTTAGCTTTGCTTCTAATACGGCCAACCCACTCCAGCCCTTTCCCGGAAGCCTGGCGGACCCAGTGCATAGCAGAGCCACTGAAGGTGAACCCAGAGGCTGCACAGGAGAGTTTCAGGGACCCCCCAGGCTGGACCAAGCCTCCCCCGGACTCCACCAGCTGCACCTCACACTGGACACCTGCAAACACAGAGACACCCTGGTCAGAAAGTGCCACACACGTCCACTGTTTCTCTCACTCATGTCCACTCACACTCAGTATCTCTAGTTCCCCATGAATCACCTTTTAAAATAGCAACAAGGAAAACCCAGCTCAGCCCAAACTCCATGGTGAGTCTCCTGTATTCA,CTGTGTG,GGGCTCACACTGACCTCCCCTCA,TTTGTGTCC,TCTAGTACAGTAATACACGGCCGTGTCCTCGGTTTTCAGGCTGTTCATTTGCAGATACGCCGTGTTCTTTGAATCATCTCTGGAGATGGTGAACCTGCCTTTCACCGACGCAGCATATGCTGTCGCGTAACTGTTAGCTTTGCTTCTAATACGGCCAACCCACTCCAGCCCTTTCCCGGAAGCCTGGCGGACCCAGTGCATAGCAGAGCCACTGAAGGTGAACCCAGAGGCTGCACAGGAGAGTTTCAGGGACCCCCCAGGCTGGACCAAGCCTCCCCCGGACTCCACCAGCTGCACCTCACACTGGACAC,CTGCAAACACAGAGACACCCTGGTCAGAAAGTGCCACACACGTCCACTGTTTCTCTCACTCATGTCCACTCACACTCAGTATCTCTAGTTCCCCATGAATCAC,CTTTTAAAATAGCAACAAGGAAAACCCAGCTCAGCCCAAACTCCAT
B-2,1,IGHV3-73,,TTTGTGTCCGGGCTCACACTGACCTCCCCTCACTGTGTGTCTAGTACAGTAATACACGGCCGTGTCCTCGGTTTTCAGGCTGTTCATTTGCAGATACGCCGTGTTCTTTGAATCATCTCTGGAGATGGTGAACCTGCCTTTCACCGACGCAGCATATGCTGTCGCGTAACTGTTAGCTTTGCTTCTAATACGGCCAACCCACTCCAGCCCTTTCCCGGAAGCCTGGCGGACCCAGTGCATAGCAGAGCCACTGAAGGTGAACCCAGAGGCTGCACAGGAGAGTTTCAGGGACCCCCCAGGCTGGACCAAGCCTCCCCCAGACTCCACCAGCTGCACCTCACACTGGACACCTGCAAACACAGAGACACCCTGGTCAGAAAGTGCCACACACGTCCACTGTTTCTCTCACTCATGTCCACTCACACTCAGTATCTCTAGTTCCCCATGAATCACCTTTTAAAATAGCAACAAGGAAAACCCAGCTCAGCCCAAACTCCATGGTGAGTCTCCTGTATTCA,CTGTGTG,GGGCTCACACTGACCTCCCCTCA,TTTGTGTCC,TCTAGTACAGTAATACACGGCCGTGTCCTCGGTTTTCAGGCTGTTCATTTGCAGATACGCCGTGTTCTTTGAATCATCTCTGGAGATGGTGAACCTGCCTTTCACCGACGCAGCATATGCTGTCGCGTAACTGTTAGCTTTGCTTCTAATACGGCCAACCCACTCCAGCCCTTTCCCGGAAGCCTGGCGGACCCAGTGCATAGCAGAGCCACTGAAGGTGAACCCAGAGGCTGCACAGGAGAGTTTCAGGGACCCCCCAGGCTGGACCAAGCCTCCCCCAGACTCCACCAGCTGCACCTCACACTGGACAC,CTGCAAACACAGAGACACCCTGGTCAGAAAGTGCCACACACGTCCACTGTTTCTCTCACTCATGTCCACTCACACTCAGTATCTCTAGTTCCCCATGAATCAC,CTTTTAAAATAGCAACAAGGAAAACCCAGCTCAGCCCAAACTCCAT
