sample_name,haplotype,gene,allele,allele_sequence,v-heptamer,v-spacer,v-nonamer,v-exon2,v-intron,v-exon1,d-3_heptamer,d-3_spacer,d-3_nonamer,d-exon,d-5_heptamer,d-5_spacer,d-5_nonamer,j-heptamer,j-spacer,j-nonamer,j-exon
SC-17,1,IGHV6-1,,CCTGCAGGGAGGTTTGTGTCTGGGCTCACACTGACTTCCCCTCACTGTGTCTCTTGCACAGTAATACACAGCCGTGTCCTCGGGAGTCACAGAGTTCAGCTGCAGGGAGAACTGGTTCTTGGATGTGTCTGGGTTGATGGTTATTCGACTTTTCACAGATACTGCATAATCATTATACCACTTGGACCTGTAGTATGTCCTTCCCAGCCACTCAAGGCCTCTCGATGGGGACTGCCTGATCCAGTTCCAAGCAGCACTGTTGCTAGAGACACTGTCCCCGGAGATGGCACAGGTGAGTGAGAGGGTCTGCGAGGGCTTCACCAGTCCTGGACCTGACTGCTGCAGCTGTACCTGTGACAGGACACCTGGAGACAAAAGGAAACAGCAAAGTGAAACACCCCTCAGTCTGTGAATGCTGCTGTGAATACGGCATCTCCCTGACACTGACCCCATGGGAGGCCCAGCACGGGCAGGAAGATGAGGAAGGAGACAGACATTGTCTGGAGCTCTGGTGACTGCCCTGGTCAGCCAGAATTCAGCAGGCTCTGCAGTTCTGCAGCGGGGGAGGCTACATTTAAACAGGAAACCACACCCTGGCATTTGCCTGTGTGCGTCACTTGCTGATATAAGGCCCCGGGACGGAGAT,CACTGTG,CTGGGCTCACACTGACTTCCCCT,GGTTTGTGT,TCTCTTGCACAGTAATACACAGCCGTGTCCTCGGGAGTCACAGAGTTCAGCTGCAGGGAGAACTGGTTCTTGGATGTGTCTGGGTTGATGGTTATTCGACTTTTCACAGATACTGCATAATCATTATACCACTTGGACCTGTAGTATGTCCTTCCCAGCCACTCAAGGCCTCTCGATGGGGACTGCCTGATCCAGTTCCAAGCAGCACTGTTGCTAGAGACACTGTCCCCGGAGATGGCACAGGTGAGTGAGAGGGTCTGCGAGGGCTTCACCAGTCCTGGACCTGACTGCTGCAGCTGTACCTGTGACAGGACAC,CTGGAGACAAAAGGAAACAGCAAAGTGAAACACCCCTCAGTCTGTGAATGCTGCTGTGAATACGGCATCTCCCTGACACTGAC,CCCATGGGAGGCCCAGCACGGGCAGGAAGATGAGGAAGGAGACAGACAT,,,,,,,,,,,
SC-17,2,IGHV6-1,,CCTGCAGGGAGGTTTGTGTCTGGGCTCACACTGACTTCCCCTCACTGTGTCTCTTGCACAGTAATACACAGCCGTGTCCTCGGGAGTCACAGAGTTCAGCTGCAGGGAGAACTGGTTCTTGGATGTGTCTGGGTTGATGGTTATTCGACTTTTCACAGATACTGCATAATCATTATACCACTTGGACCTGTAGTATGTCCTTCCCAGCCACTCAAGGCCTCTCGATGGGGACTGCCTGATCCAGTTCCAAGCAGCACTGTTGCTAGAGACACTGTCCCCGGAGATGGCACAGGTGAGTGAGAGGGTCTGCGAGGGCTTCACCAGTCCTGGACCTGACTGCTGCAGCTGTACCTGTGACAGGACACCTGGAGACAAAAGGAAACAGCAAAGTGAAACACCCCTCAGTCTGTGAATGCTGCTGTGAATACGGCATCTCCCTGACACTGACCCCATGGGAGGCCCAGCACGGGCAGGAAGATGAGGAAGGAGACAGACATTGTCTGGAGCTCTGGTGACTGCCCTGGTCAGCCAGAATTCAGCAGGCTCTGCAGTTCTGCAGCGGGGGAGGCTACATTTAAACAGGAAACCACACCCTGGCATTTGCCTGTGTGCGTCACTTGCTGATATAAGGCCCCGGGACGGAGAT,CACTGTG,CTGGGCTCACACTGACTTCCCCT,GGTTTGTGT,TCTCTTGCACAGTAATACACAGCCGTGTCCTCGGGAGTCACAGAGTTCAGCTGCAGGGAGAACTGGTTCTTGGATGTGTCTGGGTTGATGGTTATTCGACTTTTCACAGATACTGCATAATCATTATACCACTTGGACCTGTAGTATGTCCTTCCCAGCCACTCAAGGCCTCTCGATGGGGACTGCCTGATCCAGTTCCAAGCAGCACTGTTGCTAGAGACACTGTCCCCGGAGATGGCACAGGTGAGTGAGAGGGTCTGCGAGGGCTTCACCAGTCCTGGACCTGACTGCTGCAGCTGTACCTGTGACAGGACAC,CTGGAGACAAAAGGAAACAGCAAAGTGAAACACCCCTCAGTCTGTGAATGCTGCTGTGAATACGGCATCTCCCTGACACTGAC,CCCATGGGAGGCCCAGCACGGGCAGGAAGATGAGGAAGGAGACAGACAT,,,,,,,,,,,
SC-17,2,IGHV1-2,,TCCTCCCTGGGGTTTCTGACACCCTCAGGATGTGGGTTTTCACACTGTGTCTCTCGCACAGTAATACACGGCCGTGTCGTCAGATCTCAGCCTGCTCAGCTCCATGTAGGCTGTGCTGATGGACGTGTCCCTGGTCATGGTGACCCTGCCCTGAAACTTCTGTGCATAGTTTGTGCCACCACTGTTAGGGTTGATCCGTCCCATCCACTCAAGCCCTTGTCCAGGGGCCTGTCGCACCCAGTGCATATAGTAGCCGGTGAAGGTGTATCCAGAAGCCTTGCAGGAGACCTTCACTGAGGCCCCAGGCTTCTTCACCTCAGCCCCAGACTGCACCAGCTGCACCTGGGAGTGGGCTCCTGTGGAGAGAACACAGAAGTGGATGAGATCTCCCTGGACTGGACTCAATCTCTTTCTCATCACTGGGACTAGGGAGCCTCTTACCTGTGGCTGCTGCCACCAAGAAGAGGATCCTCCAGGTCCAGTCCATGGTGAGGAACGGAGCTCTCAGGGGATTCTCTAGAGGACAGATGTGGTTGCTGGGTGATGCTCTCAGGGCACAGGACAGATCTGTATTTACTTCAGTAAATCTCAGGTTATTTGCATATTCATGAGGGATACTATTTCATAGCTCTAGAC,CACTGTG,CACCCTCAGGATGTGGGTTTTCA,GGTTTCTGA,TCTCTCGCACAGTAATACACGGCCGTGTCGTCAGATCTCAGCCTGCTCAGCTCCATGTAGGCTGTGCTGATGGACGTGTCCCTGGTCATGGTGACCCTGCCCTGAAACTTCTGTGCATAGTTTGTGCCACCACTGTTAGGGTTGATCCGTCCCATCCACTCAAGCCCTTGTCCAGGGGCCTGTCGCACCCAGTGCATATAGTAGCCGGTGAAGGTGTATCCAGAAGCCTTGCAGGAGACCTTCACTGAGGCCCCAGGCTTCTTCACCTCAGCCCCAGACTGCACCAGCTGCACCTGGGAGTGGGCTC,CTGTGGAGAGAACACAGAAGTGGATGAGATCTCCCTGGACTGGACTCAATCTCTTTCTCATCACTGGGACTAGGGAGCCTCTTAC,CTGTGGCTGCTGCCACCAAGAAGAGGATCCTCCAGGTCCAGTCCAT,,,,,,,,,,,
SC-17,1,IGHV1-2,,TCCTCCCTGGGGTTTCTGACACCCTCAGGATGTGGGTTTTCACACTGTGTCTCTCGCACAGTAATACACGACCGTGTCGTCAGATCTCAGCCTGCTCAGCTCCATGTAGGCTGTGCTGATGGACGTGTCCCTGGTCATGGTGACCCTGCCCTGAAACTTCTGTGCATAGTTTGTGCCACCACTGTTAGGGTTGATCCGTCCCATCCACTCAAGCCCTTGTCCAGGGGCCTGTCGCACCCAGTGCATATAGTAGCCGGTGAAGGTGTATCCAGAAGCCTTGCAGGAGACCTTCACTGAGGCCCCAGGCTTCTTCACCTCAGCCCCAGACTGCACCAGCTGCACCTGGGAGTGGGCTCCTGTGGAGAGAACACAGAAGTGGATGAGATCTCCCTGGACTGGACTCAATCTCTTTCTCATCACTGGGACTAGGGAGCCTCTTACCTGTGGCTGCTGCCACCAAGAAGAGGATCCTCCAGGTCCAGTCCATGGTGAGGAACGGAGCTCTCAGGGGATTCTCTAGAGGACAGATGTGGTTGCTGGGTGATGCTCTCAGGGCACAGGACAGATCTGTATTTACTTCAGTAAATCTCAGGTTATTTGCATATTCATGAGGGATACTATTTCATAGCTCTAGAC,CACTGTG,CACCCTCAGGATGTGGGTTTTCA,GGTTTCTGA,TCTCTCGCACAGTAATACACGACCGTGTCGTCAGATCTCAGCCTGCTCAGCTCCATGTAGGCTGTGCTGATGGACGTGTCCCTGGTCATGGTGACCCTGCCCTGAAACTTCTGTGCATAGTTTGTGCCACCACTGTTAGGGTTGATCCGTCCCATCCACTCAAGCCCTTGTCCAGGGGCCTGTCGCACCCAGTGCATATAGTAGCCGGTGAAGGTGTATCCAGAAGCCTTGCAGGAGACCTTCACTGAGGCCCCAGGCTTCTTCACCTCAGCCCCAGACTGCACCAGCTGCACCTGGGAGTGGGCTC,CTGTGGAGAGAACACAGAAGTGGATGAGATCTCCCTGGACTGGACTCAATCTCTTTCTCATCACTGGGACTAGGGAGCCTCTTAC,CTGTGGCTGCTGCCACCAAGAAGAGGATCCTCCAGGTCCAGTCCAT,,,,,,,,,,,
SC-17,2,IGHV1-3,,TCCCCCCTGGGGTTTCTGACACTCTCAGGATGTGGGTTTTCACACTGTGTCTCTCGCACAGTAATACACAGCCGTGTCTTCAGATCTCAGGCTGCTCAGCTCCATGTAGGCTGTGCTCGCGGATGTGTCCCTGGTAATGGTGACTCTGCCCTGGAACTTCTGTGAATATTTTGTGTTACCATTGCCAGCGTTGATCCATCCCATCCACTCAAGCCTTTGTCCGGGGGCCTGGCGCACCCAATGCATAGCATAGCTAGTGAAGGTGTATCCAGAAGCCTTGCAGGAAACCTTCACTGAGGCCCCAGGCTTCTTCACCTCAGCCCCAGACTGCACAAGCTGGACCTGGGAGTGGGCACCTGTAGAGAAGACACAGGAGTGGATGGAATTCCCCTTGACTGGCCTCGATCCCTTCCTCCTCACTGGGATTTGGCAGCCCCTTACCTGTGGCTGCTGCCACCAAAAAGAGGATCCTCCAGGTCCAGTCCATGGTAAGGAGTTGTGCTCTGGGGGCTTCTGAGGAGGGATGTGGTTGTTGGGTGATGCTCTCAGGGCACAAAGATATCTATAGTCATCTCAGTTATTTGCATATTCATGAGCGATGCTATTTCATACCTAACACAGCATGAGAAAGAGTGG,CACTGTG,CACTCTCAGGATGTGGGTTTTCA,GGTTTCTGA,TCTCTCGCACAGTAATACACAGCCGTGTCTTCAGATCTCAGGCTGCTCAGCTCCATGTAGGCTGTGCTCGCGGATGTGTCCCTGGTAATGGTGACTCTGCCCTGGAACTTCTGTGAATATTTTGTGTTACCATTGCCAGCGTTGATCCATCCCATCCACTCAAGCCTTTGTCCGGGGGCCTGGCGCACCCAATGCATAGCATAGCTAGTGAAGGTGTATCCAGAAGCCTTGCAGGAAACCTTCACTGAGGCCCCAGGCTTCTTCACCTCAGCCCCAGACTGCACAAGCTGGACCTGGGAGTGGGCAC,CTGTAGAGAAGACACAGGAGTGGATGGAATTCCCCTTGACTGGCCTCGATCCCTTCCTCCTCACTGGGATTTGGCAGCCCCTTAC,CTGTGGCTGCTGCCACCAAAAAGAGGATCCTCCAGGTCCAGTCCAT,,,,,,,,,,,
SC-17,1,IGHV1-3,,TCCCCCCTGGGGTTTCTGACACTCTCAGGATGTGGGTTTTCACACTGTGTCTCTCGCACAGTAATACACAGCCGTGTCTTCAGATCTCAGGCTGCTCAGCTCCATGTAGGCTGTGCTCGCGGATGTGTCCCTGGTAATGGTGACTCTGCCCTGGAACTTCTGTGAATATTTTGTGTTACCATTGCCAGCGTTGATCCATCCCATCCACTCAAGCCTTTGTCCGGGGGCCTGGCGCACCCAATGCATAGCATAGCTAGTGAAGGTGTATCCAGAAGCCTTGCAGGAAACCTTCACTGAGGCCCCAGGCTTCTTCACCTCAGCCCCAGACTGCACAAGCTGGACCTGGGAGTGGGCACCTGTAGAGAAGACACAGGAGTGGATGGAATTCCCCTTGACTGGCCTCGATCCCTTCCTCCTCACTGGGATTTGGCAGCCCCTTACCTGTGGCTGCTGCCACCAAAAAGAGGATCCTCCAGGTCCAGTCCATGGTAAGGAGTTGTGCTCTGGGGGCTTCTGAGGAGGGATGTGGTTGTTGGGTGATGCTCTCAGGGCACAAAGATATCTATAGTCATCTCAGTTATTTGCATATTCATGAGCGATGCTATTTCATACCTAACACAGCATGAGAAAGAGTGG,CACTGTG,CACTCTCAGGATGTGGGTTTTCA,GGTTTCTGA,TCTCTCGCACAGTAATACACAGCCGTGTCTTCAGATCTCAGGCTGCTCAGCTCCATGTAGGCTGTGCTCGCGGATGTGTCCCTGGTAATGGTGACTCTGCCCTGGAACTTCTGTGAATATTTTGTGTTACCATTGCCAGCGTTGATCCATCCCATCCACTCAAGCCTTTGTCCGGGGGCCTGGCGCACCCAATGCATAGCATAGCTAGTGAAGGTGTATCCAGAAGCCTTGCAGGAAACCTTCACTGAGGCCCCAGGCTTCTTCACCTCAGCCCCAGACTGCACAAGCTGGACCTGGGAGTGGGCAC,CTGTAGAGAAGACACAGGAGTGGATGGAATTCCCCTTGACTGGCCTCGATCCCTTCCTCCTCACTGGGATTTGGCAGCCCCTTAC,CTGTGGCTGCTGCCACCAAAAAGAGGATCCTCCAGGTCCAGTCCAT,,,,,,,,,,,
SC-17,2,IGHV4-4,,CCTGCAGGGAGGTTTGTGTCTGGGCTCACACTCACCTCCCCTCACTGTGTCTCTCGCACAGTAATACACGGCCGTGTCCGCGGCGGTCACAGAGCTCAGCTTCAGGGAGAACTGGTTCTTGGACTTGTCTACTGATATGGTGACTCGACTCTTGAGGGACGGGTTGTAGTTGGTGCTCCCACTATGATAGATTTCCCCAATCCACTCCAGCCCCTTCCCTGGGGGCTGGCGGACCCAACTCCACCAGTTACTACTGCTGATGGAGCCACCAGAGACAGCGCAGGTGAGGGACAGGGTCCCCGAAGGCTTCACCAGTCCTGGGCCCGACTCCTGCAGCTGCACCTGAGACAGGACCCCTGTGAACAGAGAGACCCACAGTGAGCCCTGGGATCAGAGGCACCTCCCATACCCCCATGTCTGCAGCCTTGAGACACTCACATCTGGGAGCTGCCACCAGGAGGAGGAAGAACCACAGGTGTTTCATGTTCTTGTGCAGGAGGTCCAGGACTCTCAGAAAGTATTTCCCATGTGAGCTGGACCCTGAATTTAAGGAAATGTGTGGTGGTTTCCTGTGGGTGCCTAAGTGAGGATTTGCATGTAGGTGGTGCCTTTGTATAAAGAGGTGAAAAGGGA,CACTGTG,CTGGGCTCACACTCACCTCCCCT,GGTTTGTGT,TCTCTCGCACAGTAATACACGGCCGTGTCCGCGGCGGTCACAGAGCTCAGCTTCAGGGAGAACTGGTTCTTGGACTTGTCTACTGATATGGTGACTCGACTCTTGAGGGACGGGTTGTAGTTGGTGCTCCCACTATGATAGATTTCCCCAATCCACTCCAGCCCCTTCCCTGGGGGCTGGCGGACCCAACTCCACCAGTTACTACTGCTGATGGAGCCACCAGAGACAGCGCAGGTGAGGGACAGGGTCCCCGAAGGCTTCACCAGTCCTGGGCCCGACTCCTGCAGCTGCACCTGAGACAGGACCC,CTGTGAACAGAGAGACCCACAGTGAGCCCTGGGATCAGAGGCACCTCCCATACCCCCATGTCTGCAGCCTTGAGACACTCAC,ATCTGGGAGCTGCCACCAGGAGGAGGAAGAACCACAGGTGTTTCAT,,,,,,,,,,,
SC-17,1,IGHV4-4,,CCTGCAGGGAGGTTTGTGTCTGGGCTCACACTCACCTCCCCTCCGCCTCCCTGCAGGGAGGTTTGTGTCTGGGCTCACACTCACCTCCCCTCACTGTGTCTCTCGCACAGCAATACACGGCCGTGTCCGCGGCGGTCACAGAGCTCAGCTTCAGGGAGAACTGGTTCTTGGACTTGTCTACTGATATGGTGACTCGACTCTTGAGGGACGGGTTGTAGTTGGTGCTCCCACTATGATAGATTTCCCCAATCCACTCCAGCCCCTTCCCTGGGGGCTGGCGGACCCAACTCCACCAGTTACTACTGCTGATGGAGCCACCAGAGACAGCGCAGGTGAGGGACAGGGTCCCCGGAGGCTTCACCAGTCCTGGGCCCGACTCCTGCAGCTGCACCTGAGACAGGACCCCTGTGAACAGAGAGACCCACAGTGAGCCCTGGGATCAGAGGCACCTCCCATACCCCCATGTCTGCAGCCTTGAGACACTCACATCTGGGAGCTGCCACCAGGAGGAGGAAGAACCACAGGTGTTTCATGTTCTTGTGCAGGAGGCCCATGAGTCTCAGAAAGTATTTCCCATGTGAGCTGGACCCTGAATTTAAGGAAATGTGTGGTGGTTTCCTGTGGGTGCCTAAGTGAGGATTTGCATGTAGGTGGTGCCTTTGTATAAAGAGGTGAAAAGGGA,CACTGTG,CTGGGCTCACACTCACCTCCCCTCCGCCTCCCTGCAGGGAGGTTTGTGTCTGGGCTCACACTCACCTCCCCT,GGTTTGTGT,TCTCTCGCACAGCAATACACGGCCGTGTCCGCGGCGGTCACAGAGCTCAGCTTCAGGGAGAACTGGTTCTTGGACTTGTCTACTGATATGGTGACTCGACTCTTGAGGGACGGGTTGTAGTTGGTGCTCCCACTATGATAGATTTCCCCAATCCACTCCAGCCCCTTCCCTGGGGGCTGGCGGACCCAACTCCACCAGTTACTACTGCTGATGGAGCCACCAGAGACAGCGCAGGTGAGGGACAGGGTCCCCGGAGGCTTCACCAGTCCTGGGCCCGACTCCTGCAGCTGCACCTGAGACAGGACCC,CTGTGAACAGAGAGACCCACAGTGAGCCCTGGGATCAGAGGCACCTCCCATACCCCCATGTCTGCAGCCTTGAGACACTCAC,ATCTGGGAGCTGCCACCAGGAGGAGGAAGAACCACAGGTGTTTCAT,,,,,,,,,,,
SC-17,2,IGHV7-4-1,,CCTCCCACAGGGTTTTTGACACTCTCAGGATGTGGGTTTCCACACTGTGTCTCTCGCACAGTAATACACGGCAGTGTCCTCAGCCTTTAGGCTGCTGATCTGCAGATATGCCGTGCTGACAGAGGTGTCCAAGGAGAAGACAAACCGTCCTGTGAAGCCCTGGGCATACGTTGGGTTCCCAGTGTTGGTGTTGATCCATCCCATCCACTCAAGCCCTTGTCCAGGGGCCTGTCGCACCCAATTCATAGCATAGCTAGTGAAGGTGTATCCAGAAGCCTTGCAGGAAACCTTCACTGAGGCCCCAGGCTTCTTCAACTCAGACCCAGATTGCACCAGCTGCACCTGGGAGTGGGCACCTGTGGAGAGGAGATGGGAGTGCATGAAGTCTCACTTGACTGTGCTGGTTTCTCCCTCAGCCCAGTGACTGGGGAGCCCCTTACCTGTTGCTGCTGCCACCAAGAAGAGGATCCTCCAGGTCCAGTCCATGGTGTGGAGCTGTGGTCTAGGGGCTTCTTCTTAGGAGGGGTGTGGTTGTTGGGTGATGCTCTCAGGGCCCAAAGATAGCTATATTTACCTCAGTTATTTGCATATTCATGAGTGATCCTATTTCATACCTGATATTGCATGAGAAAGAG,CACTGTG,CACTCTCAGGATGTGGGTTTCCA,GGTTTTTGA,TCTCTCGCACAGTAATACACGGCAGTGTCCTCAGCCTTTAGGCTGCTGATCTGCAGATATGCCGTGCTGACAGAGGTGTCCAAGGAGAAGACAAACCGTCCTGTGAAGCCCTGGGCATACGTTGGGTTCCCAGTGTTGGTGTTGATCCATCCCATCCACTCAAGCCCTTGTCCAGGGGCCTGTCGCACCCAATTCATAGCATAGCTAGTGAAGGTGTATCCAGAAGCCTTGCAGGAAACCTTCACTGAGGCCCCAGGCTTCTTCAACTCAGACCCAGATTGCACCAGCTGCACCTGGGAGTGGGCAC,CTGTGGAGAGGAGATGGGAGTGCATGAAGTCTCACTTGACTGTGCTGGTTTCTCCCTCAGCCCAGTGACTGGGGAGCCCCTTAC,CTGTTGCTGCTGCCACCAAGAAGAGGATCCTCCAGGTCCAGTCCAT,,,,,,,,,,,
SC-17,1,IGHV7-4-1,,CCTCCCACAGGGTTTTTGACACTCTCAGGATGTGGGTTTCCACACTGTGTCTCTCGCACAGTAATACACGGCAGTGTCCTCAGCCTTTAGGCTGCTGATCTGCAGATATGCCGTGCTGACAGAGGTGTCCAAGGAGAAGACAAACCGTCCTGTGAAGCCCTGGGCATACGTTGGGTTCCCAGTGTTGGTGTTGATCCATCCCATCCACTCAAGCCCTTGTCCAGGGGCCTGTCGCACCCAATTCATAGCATAGCTAGTGAAGGTGTATCCAGAAGCCTTGCAGGAAACCTTCACTGAGGCCCCAGGCTTCTTCAACTCAGACCCAGATTGCACCAGCTGCACCTGGGAGTGGGCACCTGTGGAGAGGAGATGGGAGTGCATGAAGTCTCACTTGACTGTGCTGGTTTCTCCCTCAGCCCAGTGACTGGGGAGCCCCTTACCTGTTGCTGCTGCCACCAAGAAGAGGATCCTCCAGTCCAGTCCATGGTGTGGAGCTGTGGTCTAGGGGCTTCTTCTTAGGAGGGGTGTGGTTGTTGGGTGATGCTCTCAGGGCCCAAAGATAGCTATATTTACCTCAGTTATTTGCATATTCATGAGTGATCCTATTTCATACCTGATATTGCATGAGAAAGAG,CACTGTG,CACTCTCAGGATGTGGGTTTCCA,GGTTTTTGA,TCTCTCGCACAGTAATACACGGCAGTGTCCTCAGCCTTTAGGCTGCTGATCTGCAGATATGCCGTGCTGACAGAGGTGTCCAAGGAGAAGACAAACCGTCCTGTGAAGCCCTGGGCATACGTTGGGTTCCCAGTGTTGGTGTTGATCCATCCCATCCACTCAAGCCCTTGTCCAGGGGCCTGTCGCACCCAATTCATAGCATAGCTAGTGAAGGTGTATCCAGAAGCCTTGCAGGAAACCTTCACTGAGGCCCCAGGCTTCTTCAACTCAGACCCAGATTGCACCAGCTGCACCTGGGAGTGGGCAC,CTGTGGAGAGGAGATGGGAGTGCATGAAGTCTCACTTGACTGTGCTGGTTTCTCCCTCAGCCCAGTGACTGGGGAGCCCCTTAC,CTGTTGCTGCTGCCACCAAGAAGAGGATCCTCCAGTCCAGTCCAT,,,,,,,,,,,
SC-17,2,IGHV2-5,,AAGCAGCCTGGGTTTTTGTACAGGAGGTGCCCTGGGCTGTGTCTTTGTGGTCTGTGTGCACAGTAATATGTGGCTGTGTCCACAGGGTCCATGTTGGTCATTGTAAGGACCACCTGGTTTTTGGAGGTGTCCTTGGTGATGGTGAGCCTGCTCTTCAGAGATGGGCTGTAGCGCTTATCATCATCCCAATAAATGAGTGCAAGCCACTCCAGGGCCTTTCCTGGGGGCTGACGGATCCAGCCCACACCCACTCCACTAGTGCTGAGTGAGAACCCAGAGAAGGTGCAGGTCAGCGTGAGGGTCTGTGTGGGTTTCACCAGCGTAGGACCAGACTCCTTCAAGGTGATCTGGGACAAGACCCCTGTGGAGAAAGCATAAGAAGATGAAGCCCACAAACAAGAAAACTGATGTTTCACCCGTGAAGGAGTCCCTGACCACAGCACTCACATGAAGGGATGGTCAGCAGCAGGAGCGTGGAGCAAAGTGTGTCCATGGTGGGGCACAGGAGTCACTGAGCTGGGACCTGTGCTCGGCTTTTTCAACCCAGAGGAGGGTGGAGCTGGTGGAGATTTGCATTCCCCTCATCTGTGCCCTACTCTATGGGATGGAGTCAGGTTTCAGGACTCAGGAGGGTGTTGCATC,CTTTGTG,ACAGGAGGTGCCCTGGGCTGTGT,GGTTTTTGT,GTCTGTGTGCACAGTAATATGTGGCTGTGTCCACAGGGTCCATGTTGGTCATTGTAAGGACCACCTGGTTTTTGGAGGTGTCCTTGGTGATGGTGAGCCTGCTCTTCAGAGATGGGCTGTAGCGCTTATCATCATCCCAATAAATGAGTGCAAGCCACTCCAGGGCCTTTCCTGGGGGCTGACGGATCCAGCCCACACCCACTCCACTAGTGCTGAGTGAGAACCCAGAGAAGGTGCAGGTCAGCGTGAGGGTCTGTGTGGGTTTCACCAGCGTAGGACCAGACTCCTTCAAGGTGATCTGGGACAAGACCC,CTGTGGAGAAAGCATAAGAAGATGAAGCCCACAAACAAGAAAACTGATGTTTCACCCGTGAAGGAGTCCCTGACCACAGCACTCAC,ATGAAGGGATGGTCAGCAGCAGGAGCGTGGAGCAAAGTGTGTCCAT,,,,,,,,,,,
SC-17,1,IGHV2-5,,AAGCAGCCTGGGTTTTTGTACAGGAGGTGCCCTGGGCTGTGTCTTTGTGGTCTGTGTGCACAGTAATATGTGGCTGTGTCCACAGGGTCCATGTTGGTCATTGTAAGGACCACCTGGTTTTTGGAGGTGTCCTTGGTGATGGTGAGCCTGCTCTTCAGAGATGGGCTGTAGCGCTTATCATCATCCCAATAAATGAGTGCAAGCCACTCCAGGGCCTTTCCTGGGGGCTGACGGATCCAGCCCACACCCACTCCACTAGTGCTGAGTGAGAACCCAGAGAAGGTGCAGGTCAGCGTGAGGGTCTGTGTGGGTTTCACCAGCGTAGGACCAGACTCCTTCAAGGTGATCTGGGACAAGACCCCTGTGGAGAAAGCATAAGAAGATGAAGCCCACAAACAAGAAAACTGATGTTTCACCCGTGAAGGAGTCCCTGACCACAGCACTCACATGAAGGGATGGTCAGCAGCAGGAGCGTGGAGCAAAGTGTGTCCATGGTGGGGCACAGGAGTCACTGAGCTGGGACCTGTGCTCGGCTTTTTCAACCCAGAGGAGGGTGGAGCTGGTGGAGATTTGCATTCCCCTCATCTGTGCCCTACTCTATGGGATGGAGTCAGGTTTCAGGACTCAGGAGGGTGTTGCATC,CTTTGTG,ACAGGAGGTGCCCTGGGCTGTGT,GGTTTTTGT,GTCTGTGTGCACAGTAATATGTGGCTGTGTCCACAGGGTCCATGTTGGTCATTGTAAGGACCACCTGGTTTTTGGAGGTGTCCTTGGTGATGGTGAGCCTGCTCTTCAGAGATGGGCTGTAGCGCTTATCATCATCCCAATAAATGAGTGCAAGCCACTCCAGGGCCTTTCCTGGGGGCTGACGGATCCAGCCCACACCCACTCCACTAGTGCTGAGTGAGAACCCAGAGAAGGTGCAGGTCAGCGTGAGGGTCTGTGTGGGTTTCACCAGCGTAGGACCAGACTCCTTCAAGGTGATCTGGGACAAGACCC,CTGTGGAGAAAGCATAAGAAGATGAAGCCCACAAACAAGAAAACTGATGTTTCACCCGTGAAGGAGTCCCTGACCACAGCACTCAC,ATGAAGGGATGGTCAGCAGCAGGAGCGTGGAGCAAAGTGTGTCCAT,,,,,,,,,,,
SC-17,2,IGHV3-7,,CCTGCAGGGAGGTTTGTGTCTGGGCTCACACTGACTTCCCCTCACTGTGTCTCTCGCACAGTAATACACAGCCGTGTCCTCGGCTCTCAGGCTGTTCATTTGCAGATACAGTGAGTTCTTGGCGTTGTCTCTGGAGATGGTGAATCGGCCCTTCACAGAGTCCACATAGTATTTCTCACTTCCATCTTGCTTTATGTTGGCCACCCACTCCAGCCCCTTCCCTGGAGCCTGGCGGACCCAGCTCATCCAATAGCTACTAAAGGTGAATCCAGAGGCTGCACAGGAGAGTCTCAGGGACCCCCCAGGCTGGACCAAGCCTCCCCCAGACTCCACCAGCTGCACCTCACACTGGACACCTGCAAACAAAGAGACACCAAGGTCAGAAACTGCCACACAAATCCACTGTTTCTCACACTCATATCCACACACACTCAATCTTCCTAGTTTTCCATGAATCACCTTCTAAAATAGCAACAAGGAAAACCCAGCTCAGCCCCAATTCCATGGTGAGTCCTCTGTGCTCAGTGCTGATCACCAAGTGGAAAGGCCTTGGAGTCCAGGGCTAAGGCTCCTCTCTGAGACCTGCAGGGTCAGGGTTGGGTTGGTTTTCATCAGTAGAGGGAGGGCCCTATTTGCATGTCTCCTACTATATAA,CACTGTG,CTGGGCTCACACTGACTTCCCCT,GGTTTGTGT,TCTCTCGCACAGTAATACACAGCCGTGTCCTCGGCTCTCAGGCTGTTCATTTGCAGATACAGTGAGTTCTTGGCGTTGTCTCTGGAGATGGTGAATCGGCCCTTCACAGAGTCCACATAGTATTTCTCACTTCCATCTTGCTTTATGTTGGCCACCCACTCCAGCCCCTTCCCTGGAGCCTGGCGGACCCAGCTCATCCAATAGCTACTAAAGGTGAATCCAGAGGCTGCACAGGAGAGTCTCAGGGACCCCCCAGGCTGGACCAAGCCTCCCCCAGACTCCACCAGCTGCACCTCACACTGGACAC,CTGCAAACAAAGAGACACCAAGGTCAGAAACTGCCACACAAATCCACTGTTTCTCACACTCATATCCACACACACTCAATCTTCCTAGTTTTCCATGAATCAC,CTTCTAAAATAGCAACAAGGAAAACCCAGCTCAGCCCCAATTCCAT,,,,,,,,,,,
SC-17,1,IGHV3-7,,CCTGCAGGGAGGTTTGTGTCTGGGCTCACACTGACTTCCCCTCACTGTGTCTCTCGCACAGTAATACACGGCCGTGTCCTCGGCTCTCAGGCTGTTCATTTGCAGATACAGTGAGTTCTTGGCGTTGTCTCTGGAGATGGTGAATCGGCCCTTCACAGAGTCCACATAGTATTTCTCACTTCCATCTTGCTTTATGTTGGCCACCCACTCCAGCCCCTTCCCTGGAGCCTGGCGGACCCAGCTCATCCAATAGCTACTAAAGGTGAATCCAGAGGCTGCACAGGAGAGTCTCAGGGACCCCCCAGGCTGGACCAAGCCTCCCCCAGACTCCACCAGCTGCACCTCACACTGGACACCTGCAAACAAAGAGACACCAAGGTCAGAAACTGCCACACAAATCCACTGTTTCTCACACTCATATCCACACACACTCAATCTTCCTAGTTTTCCATGAATCACCTTCTAAAATAGCAACAAGGAAAACCCAGCTCAGCCCCAACTCCATGGTGAGTCCTCTGTGCTCAGTGCTGATCACCAAGTGGAAAGGCCTTGGAGTCCAGGGCTAAGGCTCCTCTCTGAGACCTGCAGGGTCAGGGTTGGGTTGGTTTTCATCAGTAGAGGGAGGGCCCTATTTGCATGTCTCCTACTATATAA,CACTGTG,CTGGGCTCACACTGACTTCCCCT,GGTTTGTGT,TCTCTCGCACAGTAATACACGGCCGTGTCCTCGGCTCTCAGGCTGTTCATTTGCAGATACAGTGAGTTCTTGGCGTTGTCTCTGGAGATGGTGAATCGGCCCTTCACAGAGTCCACATAGTATTTCTCACTTCCATCTTGCTTTATGTTGGCCACCCACTCCAGCCCCTTCCCTGGAGCCTGGCGGACCCAGCTCATCCAATAGCTACTAAAGGTGAATCCAGAGGCTGCACAGGAGAGTCTCAGGGACCCCCCAGGCTGGACCAAGCCTCCCCCAGACTCCACCAGCTGCACCTCACACTGGACAC,CTGCAAACAAAGAGACACCAAGGTCAGAAACTGCCACACAAATCCACTGTTTCTCACACTCATATCCACACACACTCAATCTTCCTAGTTTTCCATGAATCAC,CTTCTAAAATAGCAACAAGGAAAACCCAGCTCAGCCCCAACTCCAT,,,,,,,,,,,
SC-17,0,IGHV3-11,,CCTGCAGGGAGGTTTGTGTCTGGGCTCACACTGACTTCCCCTCACTGTGTCTCTCGCACAGTAATACACGGCCGTGTCCTCGGCTCTCAGGCTGTTCATTTGCAGATACAGTGAGTTCTTGGCGTTGTCCCTGGAGATGGTGAATCGGCCCTTCACAGAGTCTGCGTAGTATATGGTACTACCACTACTACTAATGTATGAAACCCACTCCAGCCCCTTCCCTGGAGCCTGGCGGATCCAGCTCATGTAGTAGTCACTGAAGGTGAATCCAGAGGCTGCACAGGAGAGTCTCAGGGACCCTCCAGGCTTGACCAAGCCTCCCCCAGACTCCACCAGCTGCACCTGACACTGGACACCTGCAAACACAGAGACAACCTAGTCAGAAACTGCCACATATATTCACTGCTTATCTCACTCACGTCCACTCAATGTCTCTAGTTCTCCATAAATCACCTTTTATAATAGCAACAAGGAAAACCCAGCTCAGCCCAAACTCCATGGTGAGTCCTCTGTGTTCAGTGCTGATCACCGAATGGAAACTCCTGGGAATTCTGGGGCTGGGGCTCTTCTCCCAGAGCTGCAGGGTCTGGGCTCGGCTGGTTTTTATCAGCAGAGGGAGGGCCCTATTTGCATGTCTCCTACTATATA,CACTGTG,CTGGGCTCACACTGACTTCCCCT,GGTTTGTGT,TCTCTCGCACAGTAATACACGGCCGTGTCCTCGGCTCTCAGGCTGTTCATTTGCAGATACAGTGAGTTCTTGGCGTTGTCCCTGGAGATGGTGAATCGGCCCTTCACAGAGTCTGCGTAGTATATGGTACTACCACTACTACTAATGTATGAAACCCACTCCAGCCCCTTCCCTGGAGCCTGGCGGATCCAGCTCATGTAGTAGTCACTGAAGGTGAATCCAGAGGCTGCACAGGAGAGTCTCAGGGACCCTCCAGGCTTGACCAAGCCTCCCCCAGACTCCACCAGCTGCACCTGACACTGGACAC,CTGCAAACACAGAGACAACCTAGTCAGAAACTGCCACATATATTCACTGCTTATCTCACTCACGTCCACTCAATGTCTCTAGTTCTCCATAAATCAC,CTTTTATAATAGCAACAAGGAAAACCCAGCTCAGCCCAAACTCCAT,,,,,,,,,,,
SC-17,0,IGHV3-13,,TCTGCAGGGAGGTTTGTGTCTGGGCTCATACTGACTTCCCCTCACTGTGTCTCTTGCACAGTAATACACAGCCGTGTCCCCGGCTCTCAGGCTGTTCATTTGAAGATACAAGGAGTTCTTGGCATTTTCTCTGGAGATGGTGAATCGGCCCTTCACGGAGCCTGGATAGTATGTGTCACCAGCAGTACCAATAGCTGAGACCCACTCCAGACCTTTTCCTGTAGCTTGGCGGACCCAGTGCATGTCGTAGCTACTGAAGGTGAATCCAGAGGCTGCACAGGAGAGTCTCAGGGACCCCCCAGGCTGTACCAAGCCTCCCCCAGACTCCACCAGCTGCACCTCACACTGGACACCTGCAAACACAGAGACACAAAAGTCAGAAATTGCCACACATACCCACTGTTTCTCTCATTCATGCCCATTCACACTCAATATCTCTAGTTCTCCATGAATCACCTTCTAATATAGCAACAAGGAAAACCCAGCTCAGCCCCAACTCCATGGTGAGTCCTGTGTGTTCAGTCCTGATCACTGAATACAAACACTTGGGAATCCCAAGGCTGGGGCTCCACTCCCAGAGCTGCAGGGTCAGGGCTGGGCTGGTTTTCATCAGGAGAGGGAGTCAACTATTTGCATGTCTGTTACTATATA,CACTGTG,CTGGGCTCATACTGACTTCCCCT,GGTTTGTGT,TCTCTTGCACAGTAATACACAGCCGTGTCCCCGGCTCTCAGGCTGTTCATTTGAAGATACAAGGAGTTCTTGGCATTTTCTCTGGAGATGGTGAATCGGCCCTTCACGGAGCCTGGATAGTATGTGTCACCAGCAGTACCAATAGCTGAGACCCACTCCAGACCTTTTCCTGTAGCTTGGCGGACCCAGTGCATGTCGTAGCTACTGAAGGTGAATCCAGAGGCTGCACAGGAGAGTCTCAGGGACCCCCCAGGCTGTACCAAGCCTCCCCCAGACTCCACCAGCTGCACCTCACACTGGACAC,CTGCAAACACAGAGACACAAAAGTCAGAAATTGCCACACATACCCACTGTTTCTCTCATTCATGCCCATTCACACTCAATATCTCTAGTTCTCCATGAATCAC,CTTCTAATATAGCAACAAGGAAAACCCAGCTCAGCCCCAACTCCAT,,,,,,,,,,,
SC-17,0,IGHV3-15,,CCTGCAGGGAGGTTTGTGTCCGGGCTCACACTGACCTCCCCTCACTGTGTCTGTGGTACAGTAATACACGGCTGTGTCCTCGGTTTTCAGGCTGTTCATTTGCAGATACAGCGTGTTTTTTGAATCATCTCTTGAGATGGTGAATCTGCCTTTCACGGGTGCAGCGTAGTCTGTTGTCCCACCATCAGTTTTGCTTTTAATACGGCCAACCCACTCCAGCCCCTTCCCTGGAGCCTGGCGGACCCAGCTCATCCAGGCGTTACTGAAAGTGAATCCAGAGGCTGCACAGGAGAGTCTAAGGGACCCCCCAGGCTTTACCAAGCCTCCCCCAGACTCCACCAGCTGCACCTCACACTGGACACCTGCAAACACAGAGACACTAAGATCAGAAACTGCCACACATATCCACTGTTTCTCTCACTCACGTCCACTCACACTTAATCTCTCTAGTTCTCCATAAATCACCTTTTAAAATAGCAGCAAGGAAAATCCAGCTCAGCCCAAACTCCATGGTGAGTCCTCTGTGTTCAGTCCTGATCACTGAATGAAAACACTTGGGAATCCCAAGGCTGGGGCTCCTCTCCCAGAGCTGCAGGGTCAGGACTGGGCTGGTTTTCATCAGGAGAGGGAGGGCCCTATTTGCATGTCACCTACTATATA,CACTGTG,CCGGGCTCACACTGACCTCCCCT,GGTTTGTGT,TCTGTGGTACAGTAATACACGGCTGTGTCCTCGGTTTTCAGGCTGTTCATTTGCAGATACAGCGTGTTTTTTGAATCATCTCTTGAGATGGTGAATCTGCCTTTCACGGGTGCAGCGTAGTCTGTTGTCCCACCATCAGTTTTGCTTTTAATACGGCCAACCCACTCCAGCCCCTTCCCTGGAGCCTGGCGGACCCAGCTCATCCAGGCGTTACTGAAAGTGAATCCAGAGGCTGCACAGGAGAGTCTAAGGGACCCCCCAGGCTTTACCAAGCCTCCCCCAGACTCCACCAGCTGCACCTCACACTGGACAC,CTGCAAACACAGAGACACTAAGATCAGAAACTGCCACACATATCCACTGTTTCTCTCACTCACGTCCACTCACACTTAATCTCTCTAGTTCTCCATAAATCAC,CTTTTAAAATAGCAGCAAGGAAAATCCAGCTCAGCCCAAACTCCAT,,,,,,,,,,,
SC-17,0,IGHV3-16,,CTGCAGGAGGTTTGTGTCTGGGCTCACACTTGTGTCCCCTCACAGGATTTCTCACACAGTAATACACGGCCATGTCCTTGGCTCTCTGTCTGTTCTTTTGCAGATACAGGGACTTGCTGGAATTGTCTCTGGAGATGGAAAATTGGCCCTTCACGGAGTCCACATAGTGCGTCTTACCGCCATTCCAACTAATACCCGAGACCCACTCCAGCCCCTTTCCTGGAGCCTAGAGGACCCAGTTTATGTCACTGTTACTGAAGGTGAATACAGAGGCTGCACAGGAGAGTCTCAGGGACCCCCCAGGCTGGACCAAGCCTCCCCCAGACTCCACCAGCTGCACTTCACACTGCACACCTGCAAACACAGAGACATCCTGGTCAGAAACTGCCACACATAGCCACTGTTCTGTCACTCATGTCCCCTCACACTCAATATCCTTAGTTCTCCATGAATTACCTTTTAAAATAGCAGCAAGAAAAACCCAGCTCAGCCCAAATTCCATGGTAATTTGTTTATTGCTGTTGACCCAATAGAAACACCTGAGAATCCCAGGGCTGGGGCTTCTCTCCCACGGCTGCAGGGTCAGGGCTGGGCTGCTTTTCATCAGAAAAGGGAGGGTCCTATTTGCATGTCTCCTATTACATAGCAAGC,CAGGATT,GGGCTCACACTTGTGTCCCCTCA,TTTGTGTCT,TCTCACACAGTAATACACGGCCATGTCCTTGGCTCTCTGTCTGTTCTTTTGCAGATACAGGGACTTGCTGGAATTGTCTCTGGAGATGGAAAATTGGCCCTTCACGGAGTCCACATAGTGCGTCTTACCGCCATTCCAACTAATACCCGAGACCCACTCCAGCCCCTTTCCTGGAGCCTAGAGGACCCAGTTTATGTCACTGTTACTGAAGGTGAATACAGAGGCTGCACAGGAGAGTCTCAGGGACCCCCCAGGCTGGACCAAGCCTCCCCCAGACTCCACCAGCTGCACTTCACACTGCACAC,CTGCAAACACAGAGACATCCTGGTCAGAAACTGCCACACATAGCCACTGTTCTGTCACTCATGTCCCCTCACACTCAATATCCTTAGTTCTCCATGAATTAC,CTTTTAAAATAGCAGCAAGAAAAACCCAGCTCAGCCCAAATTCCAT,,,,,,,,,,,
SC-17,0,IGHV1-18,,TCCTCCCTGGGGTTTCTGAAACCCTCAGGATGTGGGTTTTCACACTGTGTCTCTCGCACAGTAATACACGGCCGTGTCGTCAGATCTCAGGCTCCTCAGCTCCATGTAGGCTGTGCTCGTGGATGTGTCTGTGGTCATGGTGACTCTGCCCTGGAGCTTCTGTGCATAGTTTGTGTTACCATTGTAAGCGCTGATCCATCCCATCCACTCAAGCCCTTGTCCAGGGGCCTGTCGCACCCAGCTGATACCATAGCTGGTAAAGGTGTAACCAGAAGCCTTGCAGGAGACCTTCACTGAGGCCCCAGGCTTCTTCACCTCAGCTCCAGACTGCACCAGCTGAACCTGGGAGTGGGCACCTGTGGAGAGGACACAGGAGTGGGTGAAGTCTCACATGACTGGCCTGGTTTCTCTCTCAGCCCTGGGACTGGGGAGTCCGTTACCTGTTGCTGCTGCCACCAAGAAAAGGATGCTCCAGGTCCAGTCCATGGTGAGGAGCTGTGATCTAGGGGATTCTCCCAAGGAGGGGTGTGGTTTTTGGGTGATGCTCTCAGGGCACACAGATATCTATATTCACCTCAGTTATTTGCATATTCATGAAGGATGCTATTTAATAGCCCAATTCCTGACCCAGGATG,CACTGTG,AACCCTCAGGATGTGGGTTTTCA,GGTTTCTGA,TCTCTCGCACAGTAATACACGGCCGTGTCGTCAGATCTCAGGCTCCTCAGCTCCATGTAGGCTGTGCTCGTGGATGTGTCTGTGGTCATGGTGACTCTGCCCTGGAGCTTCTGTGCATAGTTTGTGTTACCATTGTAAGCGCTGATCCATCCCATCCACTCAAGCCCTTGTCCAGGGGCCTGTCGCACCCAGCTGATACCATAGCTGGTAAAGGTGTAACCAGAAGCCTTGCAGGAGACCTTCACTGAGGCCCCAGGCTTCTTCACCTCAGCTCCAGACTGCACCAGCTGAACCTGGGAGTGGGCAC,CTGTGGAGAGGACACAGGAGTGGGTGAAGTCTCACATGACTGGCCTGGTTTCTCTCTCAGCCCTGGGACTGGGGAGTCCGTTAC,CTGTTGCTGCTGCCACCAAGAAAAGGATGCTCCAGGTCCAGTCCAT,,,,,,,,,,,
SC-17,0,IGHV3-20,,CCTGCAGGGACGTTTGTGTCTGGGCTCTCACTGGCTTCCCCTCACTGTGTCTCTCGCACAGTGATACAAGGCCGTGTCCTCGGCTCTCAGACTGTTCATTTGCAGATACAGGGAGTTCTTGGCGTTGTCTCTGGAGATGGTGAATCGGCCCTTCACAGAGTCTGCATAACCTGTGCTACCACCATTCCAATTAATACCAGAGACCCACTCCAGCCCCTTCCCTGGAGCTTGGCGGACCCAGCTCATGCCATAATCATCAAAGGTGAATCCAGAGGCTGCAAAGGAGAGTCTCAGGGACCCCCCAGGCCGTACCACACCTCCCCCAGACTCCACCAGCTGCACCTCACACTGGACACCTGCAAACACAGAGACACCCTGGTCAGAAACTGCCACACAAATCCACTGTTTCTCTCACTCGTGTTCACTCACACTCAACATCTCTATTGATCCATGAATCACCTTTTAAAATAGCAACAAGGAAAACCCAGCTCAGCCCAAACTCCATGGCGAGTCCTCTGTGTTCAGTGCTGATCACTGAATGGAAACACGTGGGAATCTCAGGGCTGGGGCTCCTCTCCCAGAGCTGCAGGGTCAGGGCTGGGCTGGTTTTCATCGGCAGAGGGAGGACCCCATTTGCATGTCTCCTACTATATA,CACTGTG,CTGGGCTCTCACTGGCTTCCCCT,CGTTTGTGT,TCTCTCGCACAGTGATACAAGGCCGTGTCCTCGGCTCTCAGACTGTTCATTTGCAGATACAGGGAGTTCTTGGCGTTGTCTCTGGAGATGGTGAATCGGCCCTTCACAGAGTCTGCATAACCTGTGCTACCACCATTCCAATTAATACCAGAGACCCACTCCAGCCCCTTCCCTGGAGCTTGGCGGACCCAGCTCATGCCATAATCATCAAAGGTGAATCCAGAGGCTGCAAAGGAGAGTCTCAGGGACCCCCCAGGCCGTACCACACCTCCCCCAGACTCCACCAGCTGCACCTCACACTGGACAC,CTGCAAACACAGAGACACCCTGGTCAGAAACTGCCACACAAATCCACTGTTTCTCTCACTCGTGTTCACTCACACTCAACATCTCTATTGATCCATGAATCAC,CTTTTAAAATAGCAACAAGGAAAACCCAGCTCAGCCCAAACTCCAT,,,,,,,,,,,
SC-17,0,IGHV3-21,,CCTGCAGGGAGGTTTGTGTCTGGGCTCACACTGACTTCCCCTCACTGTGTCTCTCGCACAGTAATACACAGCCGTGTCCTCGGCTCTCAGGCTGTTCATTTGCAGATACAGTGAGTTCTTGGCGTTGTCTCTGGAGATGGTGAATCGGCCCTTCACTGAGTCTGCGTAGTATATGTAACTACTACTACTACTAATGGATGAGACCCACTCCAGCCCCTTCCCTGGAGCCTGGCGGACCCAGTTCATGCTATAGCTACTGAAGGTGAATCCAGAGGCTGCACAGGAGAGTCTCAGGGACCCCCCAGGCTTGACCAGGCCTCCCCCAGACTCCACCAGCTGCACCTCACACTGGACACCTGCAAACAGAGAGACATTGGTCAGAAACTGTCACACACATCCACCGTTTCTCTCACTCATATCCACACACACTAAATCTCTCTACTTTTCCATGATTCACCTTCTAAAATAGCAACAAGGAAAACCCAGCGGAGCCCCAGTTCCATGGTGAATCCTCGGTGCTCAGTGCTGATCACCAAGTGGATAGGCCTTGGAATCCAGGGCTAAGGCTCCTCTCTCAGAGCTGCAGGGTCAGGGTTCGGTTGGTTTTCATCAGTAGAGGGAGGTCCCTATTTGCATATCTCCTACTATATAA,CACTGTG,CTGGGCTCACACTGACTTCCCCT,GGTTTGTGT,TCTCTCGCACAGTAATACACAGCCGTGTCCTCGGCTCTCAGGCTGTTCATTTGCAGATACAGTGAGTTCTTGGCGTTGTCTCTGGAGATGGTGAATCGGCCCTTCACTGAGTCTGCGTAGTATATGTAACTACTACTACTACTAATGGATGAGACCCACTCCAGCCCCTTCCCTGGAGCCTGGCGGACCCAGTTCATGCTATAGCTACTGAAGGTGAATCCAGAGGCTGCACAGGAGAGTCTCAGGGACCCCCCAGGCTTGACCAGGCCTCCCCCAGACTCCACCAGCTGCACCTCACACTGGACAC,CTGCAAACAGAGAGACATTGGTCAGAAACTGTCACACACATCCACCGTTTCTCTCACTCATATCCACACACACTAAATCTCTCTACTTTTCCATGATTCAC,CTTCTAAAATAGCAACAAGGAAAACCCAGCGGAGCCCCAGTTCCAT,,,,,,,,,,,
SC-17,0,IGHV3-23,,CCTGCAGGGAGGTTTGTGTCTGGGCTCACAATGACTTCCCCTCACTGTGTCTTTCGCACAGTAATATACGGCCGTGTCCTCGGCTCTCAGGCTGTTCATTTGCAGATACAGCGTGTTCTTGGAATTGTCTCTGGAGATGGTGAACCGGCCCTTCACGGAGTCTGCGTAGTATGTGCTACCACCACTACCACTAATAGCTGAGACCCACTCCAGCCCCTTCCCTGGAGCCTGGCGGACCCAGCTCATGGCATAGCTGCTAAAGGTGAATCCAGAGGCTGCACAGGAGAGTCTCAGGGACCCCCCAGGCTGTACCAAGCCTCCCCCAGACTCCAACAGCTGCACCTCACACTGGACACCTGCAAACAAAAAGAAACCCTGGTCAGAAACTGCCACACGTATCCACTGTTTCTCTCACTCTTATCCATTCACACTCAATTTTTCTATTTCTCCATGAATTACCTTTTAAAATAGCCACAAGAAAAAGCCAGCTCAGCCCAAACTCCATGGTGAGTTCTCTCTGTTCAGTCCTGATCACCAAATGAAAACACCTGAAAATCCCAGGGCTGGGCTCCTCTCTCAGAGCTGCAGGGTCAGGGCTGGGCTGGTTTTCATCAGCAGACGGAGGGCTCTATTTGCATATCTCCTACTATATAG,CACTGTG,CTGGGCTCACAATGACTTCCCCT,GGTTTGTGT,TCTTTCGCACAGTAATATACGGCCGTGTCCTCGGCTCTCAGGCTGTTCATTTGCAGATACAGCGTGTTCTTGGAATTGTCTCTGGAGATGGTGAACCGGCCCTTCACGGAGTCTGCGTAGTATGTGCTACCACCACTACCACTAATAGCTGAGACCCACTCCAGCCCCTTCCCTGGAGCCTGGCGGACCCAGCTCATGGCATAGCTGCTAAAGGTGAATCCAGAGGCTGCACAGGAGAGTCTCAGGGACCCCCCAGGCTGTACCAAGCCTCCCCCAGACTCCAACAGCTGCACCTCACACTGGACAC,CTGCAAACAAAAAGAAACCCTGGTCAGAAACTGCCACACGTATCCACTGTTTCTCTCACTCTTATCCATTCACACTCAATTTTTCTATTTCTCCATGAATTAC,CTTTTAAAATAGCCACAAGAAAAAGCCAGCTCAGCCCAAACTCCAT,,,,,,,,,,,
SC-17,0,IGHV1-24,,CATTCCTCAGGGTTTCTGACGCTCTCAGGATGTGGGTTTTCACACTGTGTCTGTTGCACAGTAATACACGGCCGTGTCCTCAGATCTCAGGCTGCTCAGCTCCATGTAGGCTGTGTCTGTAGATGTGTCCTCGGTCATGGTGACTCTGCCCTGGAACTTCTGTGCGTAGATTGTTTCACCATCTTCAGGATCAAAACCTCCCATCCACTCAAGCCCTTTTCCAGGAGCCTGTCGCACCCAGTGCATGGATAATTCAGTGAGGGTGTATCCGGAAACCTTGCAGGAGACCTTCACTGAGGCCCCAGGCTTCTTCACCTCAGCCCCAGACTGTACCAGCTGGACCTGGGCGTGGGTGCCTGTGGAGAGGACAGAGGAGTGGATGAGACACCACTTAACTGGACCCAGTCCCCTCATCAGCCCTGGAACTAAGGATTCTCTTGCCTGTAGCTGCTGCCACCAAGAAGAGGATCCTCCAGGTGCAGTCCATGGTGAGGTGCTGCACTCTGGGGGCTTCTGTAGGGGAGGGATGTGGCTGTTGTGTGATGGTCTCTGGGCAAGGAAAGATCTGTATTTACCTCGGTAGACAGCAGTGCATTTGCATATTCATGAGGCAGGTTTTTCATAGCTCAGGCCACG,CACTGTG,CGCTCTCAGGATGTGGGTTTTCA,GGTTTCTGA,TCTGTTGCACAGTAATACACGGCCGTGTCCTCAGATCTCAGGCTGCTCAGCTCCATGTAGGCTGTGTCTGTAGATGTGTCCTCGGTCATGGTGACTCTGCCCTGGAACTTCTGTGCGTAGATTGTTTCACCATCTTCAGGATCAAAACCTCCCATCCACTCAAGCCCTTTTCCAGGAGCCTGTCGCACCCAGTGCATGGATAATTCAGTGAGGGTGTATCCGGAAACCTTGCAGGAGACCTTCACTGAGGCCCCAGGCTTCTTCACCTCAGCCCCAGACTGTACCAGCTGGACCTGGGCGTGGGTGC,CTGTGGAGAGGACAGAGGAGTGGATGAGACACCACTTAACTGGACCCAGTCCCCTCATCAGCCCTGGAACTAAGGATTCTCTTGC,CTGTAGCTGCTGCCACCAAGAAGAGGATCCTCCAGGTGCAGTCCAT,,,,,,,,,,,
SC-17,0,IGHV2-26,,ATGCAGCTAGGTTCTTGTACAGGAGGCATCCTGGGCTGTGTCTCTGTGGTATCCGTGCACAGTAATATGTGGCTGTGTCCACAGGGTCCATGTTGGTCATGGTAAGGACCACCTGGCTTTTGGAGGTGTCCTTGGAGATGGTGAGCCTGCTCTTCAGAGATGTGCTGTAGGATTTTTCGTCATTCGAAAAAATGTGTGCAAGCCACTCCAGGGCCTTCCCTGGGGGCTGACGGATCCAGCTCACACCCATTCTAGCATTGCTGAGTGAGAACCCAGAGACGGTGCAGGTCAGCGTGAGGGTCTCTGTGGGTTTCACCAGCACAGGACCAGACTCCTTCAAGGTGACCTGGGACAAGACCCCTGTGGAGAAGACATAAGAAGATGAAGCCCACAAAGGAGACAACTGATGTTTCACTTCTGAGGAAGTCCCTGACCACAGCACTCACAGGAAGGGGTGGTCAGCAGCAGGAGTGTGTAGCAAAGTGTGTCCATGGTGGGGCACAGGAGTCACTGAGCGAGGCCCCGTGCTCAGCTTTTGAACCCAGAGGAGGGTGGAGCTGGTGGAGATTTGCATTCCCTCATCTGAGTCCTACTCTATGGTGTGCACTCAGGTCTCAGGACTCAGTAGGGGAGTGCATCTG,TCTGTGG,CAGGAGGCATCCTGGGCTGTGTC,GTTCTTGTA,TATCCGTGCACAGTAATATGTGGCTGTGTCCACAGGGTCCATGTTGGTCATGGTAAGGACCACCTGGCTTTTGGAGGTGTCCTTGGAGATGGTGAGCCTGCTCTTCAGAGATGTGCTGTAGGATTTTTCGTCATTCGAAAAAATGTGTGCAAGCCACTCCAGGGCCTTCCCTGGGGGCTGACGGATCCAGCTCACACCCATTCTAGCATTGCTGAGTGAGAACCCAGAGACGGTGCAGGTCAGCGTGAGGGTCTCTGTGGGTTTCACCAGCACAGGACCAGACTCCTTCAAGGTGACCTGGGACAAGACCC,CTGTGGAGAAGACATAAGAAGATGAAGCCCACAAAGGAGACAACTGATGTTTCACTTCTGAGGAAGTCCCTGACCACAGCACTCAC,AGGAAGGGGTGGTCAGCAGCAGGAGTGTGTAGCAAAGTGTGTCCAT,,,,,,,,,,,
SC-17,0,IGHV4-28,,CCTGCAGGGAGGTTTGTGTCTGGGCTCACACTCACCTCCCCTCACTGTGTTTCTCGCACAGTAATACACGGCCGTGTCCACGGCGGTCACAGAGCTCAGCTTCAGGGAGAACTGGTTCTTGGACGTGTCTACTGACATGGTGACTCGACTCTTGAGGGACGGGTTGTAGTAGGTGCTCCCACTATAATAGATGTACCCAATCCACTCCAGTCCCTTCCCTGGGGGCTGCCGGATCCAGCCCCACCAGTTACTACTGCTGATGGAGTAACCAGAGACAGCGCAGGTGAGGGACAGGGTGTCCGAAGGCTTCACCAGTCCTGGGCCCGACTCCTGCAGCTGCACCTGGGACAGGACCCCTGTGAACAGAGAGACCCACAGTGAGCCCTGGGCTCAGAGGCACCTCCCATATCTCCATGTCTGCAGCCTTGAGACACTCACATCTGGGAGCTGCCACCAGCAGGAGGAAGAACCACAGGTGTTTCATGTTCTTGCACAGGAGGTCCAGGACTCTCAGAAAGTATTTCCCATGTGAGCAGGACCCTGAATTTAAGGAAATGTGTGATGGTTTCCCTTGGGTGCCTAAGTGAGATTTGCATGTGGGTGGTGCCTCTGTATGGAGAGGTGAAAAGGGAT,CACTGTG,CTGGGCTCACACTCACCTCCCCT,GGTTTGTGT,TTTCTCGCACAGTAATACACGGCCGTGTCCACGGCGGTCACAGAGCTCAGCTTCAGGGAGAACTGGTTCTTGGACGTGTCTACTGACATGGTGACTCGACTCTTGAGGGACGGGTTGTAGTAGGTGCTCCCACTATAATAGATGTACCCAATCCACTCCAGTCCCTTCCCTGGGGGCTGCCGGATCCAGCCCCACCAGTTACTACTGCTGATGGAGTAACCAGAGACAGCGCAGGTGAGGGACAGGGTGTCCGAAGGCTTCACCAGTCCTGGGCCCGACTCCTGCAGCTGCACCTGGGACAGGACCC,CTGTGAACAGAGAGACCCACAGTGAGCCCTGGGCTCAGAGGCACCTCCCATATCTCCATGTCTGCAGCCTTGAGACACTCAC,ATCTGGGAGCTGCCACCAGCAGGAGGAAGAACCACAGGTGTTTCAT,,,,,,,,,,,
SC-17,1,IGHV3-30,,CCTGCAGGGAGGTTTGTGTCTGGGCGCACAATGACTTCCCCTCACTGTGTCTTTCGCACAGTAATACACAGCCGTGTCCTCAGCTCTCAGGCTGTTCATTTGCAGATACAGCGTGTTCTTGGAATTGTCTCTGGAGATGGTGAATCGGCCCTTCACGGAGTCTGCATAGTATTTATTACTTCCATCATATGATATAACTGCCACCCACTCCAGCCCCTTGCCTGGAGCCTGGCGGACCCAGTGCATGCCATAGCTACTGAAGGTGAATCCAGAGGCTGCACAGGAGAGTCTCAGGGACCTCCCAGGCTGGACCACGCCTCCCCCAGACTCCACCAGCTGCACCTGACACTGGACACCTGCAAACAGAAGGACACCGTTATCAGAAAATGCCACACAAATCCAGTTTTTCTCACTCATGTTCACTCACACTCAGTCTCTCTATTTCTCCATGAATCACCTCTTAAAAGAGCAACGAGGAAAACCCAGCTCAGCCCAAACTCCATGGTGAGTCCTCTGTGTTCAGTGCTGATCACCGAATGGAAACACCGCCGACTTCTAGTGCTGGGCTCCTCTCCCAGAGCTGCAGGGTCAGGGCTGGGCTGGTTTTCATCAGTAGAGGGAGGGCCCTATTTGCATGTCCCCCACTATATAG,CACTGTG,CTGGGCGCACAATGACTTCCCCT,GGTTTGTGT,TCTTTCGCACAGTAATACACAGCCGTGTCCTCAGCTCTCAGGCTGTTCATTTGCAGATACAGCGTGTTCTTGGAATTGTCTCTGGAGATGGTGAATCGGCCCTTCACGGAGTCTGCATAGTATTTATTACTTCCATCATATGATATAACTGCCACCCACTCCAGCCCCTTGCCTGGAGCCTGGCGGACCCAGTGCATGCCATAGCTACTGAAGGTGAATCCAGAGGCTGCACAGGAGAGTCTCAGGGACCTCCCAGGCTGGACCACGCCTCCCCCAGACTCCACCAGCTGCACCTGACACTGGACAC,CTGCAAACAGAAGGACACCGTTATCAGAAAATGCCACACAAATCCAGTTTTTCTCACTCATGTTCACTCACACTCAGTCTCTCTATTTCTCCATGAATCAC,CTCTTAAAAGAGCAACGAGGAAAACCCAGCTCAGCCCAAACTCCAT,,,,,,,,,,,
SC-17,1,IGHV4-30-2,,CCTGCAGGGAGGTTTGTGTCTGGGCTCACACTCACCTCCCCTCATTGTGTCTCTGGCACAGTAATACACGGCCGTGTCCGCGGCGGTCACAGAGCTCAGCTTCAGGGAGAACTGGTTCTTGGACCTGTCTACTGATATGGTGACTCGACTCTTGAGGGACGGGTTGTAGTAGGTGCTCCCACTATGATAGATGTACCCAATCCACTCCAGGCCCTTCCCTGGTGGCTGCCGGATCCAGCTCCAGGAGTAACCACCACTGCTGATGGAGCCACCAGAGACAGCGCAGGTGAGGGACAGGGTCTGTGAAGGCTTCACCAGTCCTGAGCCGGACTCCTGCAGCTGCAGCTGGGACAGGACCCCTGTGAACAGAGAGACCCACAGTGAGCCCTGGGCTCAGAGGCACCTCCCATATCTCCATGTCTGCAGCCTTGAGACACTCACATCTGGGAGCTGCCACCAGCAGGAGGAAGAACCACAGGTGTTTCATGTTCTTGCACAGGAGGTCCAGGACTCTCAGAAAGTATTTCCCATGTGAGCTGGACCCTGAATTTAAGGAAATGTGTGGTGGTTTCCTGTGGGTGCCTAAGTGAGATTTGCATGGGGGTGGTGCCTCTGTATGGAGAAGTGAAAAGGGAT,CATTGTG,CTGGGCTCACACTCACCTCCCCT,GGTTTGTGT,TCTCTGGCACAGTAATACACGGCCGTGTCCGCGGCGGTCACAGAGCTCAGCTTCAGGGAGAACTGGTTCTTGGACCTGTCTACTGATATGGTGACTCGACTCTTGAGGGACGGGTTGTAGTAGGTGCTCCCACTATGATAGATGTACCCAATCCACTCCAGGCCCTTCCCTGGTGGCTGCCGGATCCAGCTCCAGGAGTAACCACCACTGCTGATGGAGCCACCAGAGACAGCGCAGGTGAGGGACAGGGTCTGTGAAGGCTTCACCAGTCCTGAGCCGGACTCCTGCAGCTGCAGCTGGGACAGGACCC,CTGTGAACAGAGAGACCCACAGTGAGCCCTGGGCTCAGAGGCACCTCCCATATCTCCATGTCTGCAGCCTTGAGACACTCAC,ATCTGGGAGCTGCCACCAGCAGGAGGAAGAACCACAGGTGTTTCAT,,,,,,,,,,,
SC-17,2,IGHV4-30-2,,CCTGCAGGGAGGTTTGTGTCTGGGCTCACACTCACCTCCCCTCATTGTGTCTCTGGCACAGTAATACACGGCCGTGTCTGCGGCAGTCACAGAGCTCAGCTTCAGGGAGAACTGGTTCTTGGACGTGTCTACTGATATGGTAACTCGACTCTTGAGGGACGGGTTGTAGTAGGTGCTCCCACTGTAATAGATGTACCCAATCCACTCCAGGCCCTTCCCTGGGGGCTGGCGGATCCAACTCCAGTAGTAATCACCACTGCTGATGGAGCCACCAGAGACAGTGCAGGTGAGGGACAGGGTCTGTGAAGGCTTCACCAGTCCTGGGCCCGACTCCTGCAGCTGCACCTGGGACAGGACCCCTGTGAACAGAGAGACACACAGTGAGCCCTGGGATCAGAGGCACCTCCCATATCTCCATGTCTGCAGCCTTGAGACACTCACATCTGGGAGCTGCCACCAGCAGGAGGAAGAACCACAGGTGTTTCATGTTCTTGCACAGGAGGTCCAGGACTCTCAGAAAGTATTTCCCATGTGAGCAGGACCCTGAATTTAAGGAAATGTGTGGTGGTTTTCTGTGGGTGCCTAAGTGAGATTTGCATGTGGGTGGTGCCTCTGTATGGACAGGTGAAAAGGGAT,CATTGTG,CTGGGCTCACACTCACCTCCCCT,GGTTTGTGT,TCTCTGGCACAGTAATACACGGCCGTGTCTGCGGCAGTCACAGAGCTCAGCTTCAGGGAGAACTGGTTCTTGGACGTGTCTACTGATATGGTAACTCGACTCTTGAGGGACGGGTTGTAGTAGGTGCTCCCACTGTAATAGATGTACCCAATCCACTCCAGGCCCTTCCCTGGGGGCTGGCGGATCCAACTCCAGTAGTAATCACCACTGCTGATGGAGCCACCAGAGACAGTGCAGGTGAGGGACAGGGTCTGTGAAGGCTTCACCAGTCCTGGGCCCGACTCCTGCAGCTGCACCTGGGACAGGACCC,CTGTGAACAGAGAGACACACAGTGAGCCCTGGGATCAGAGGCACCTCCCATATCTCCATGTCTGCAGCCTTGAGACACTCAC,ATCTGGGAGCTGCCACCAGCAGGAGGAAGAACCACAGGTGTTTCAT,,,,,,,,,,,
SC-17,1,IGHV3-30-3,,CCTGCAGGGAGGTTTGTGTCTGGGCGCACAATGACTTCCCCTCACTGTGTCTCTCGCACAGTAATACACAGCCGTGTCCTCAGCTCTCAGGCTGTTCATTTGCAGATACAGCGTGTTCTTGGAATTGTCTCTGGAGATGGTGAATCGGCCCTTCACGGAGTCTGCGTAGTATTTATTGCTTCCATCATATGATATAACTGCCACCCACTCCAGCCCCTTGCCTGGAGCCTGGCGGACCCAGTGCATAGCATAGCTACTGAAGGTGAATCCAGAGGCTGCACAGGAGAGTCTCAGGGACCTCCCAGGCTGGACCACGCCTCCCCCAGACTCCACCAGCTGCACCTGACACTGGACACCTGCAAACAGAAGGACACCGTTATCAGAAAATGCCACACAAATCCAGTTTTTCTCACTCATGTTCACTCACACTCAGTCTCTCTATTTCTCCATGAATCACCTCTTAAAAGAGCAACGAGGAAAACCCAGCTCAGCCCAAACTCCATGGTGAGTCCTCTGTGTTCAGTGATGATCACCGAATGGAAACACCGGCGACTTCCAGTGCTGGGCTCGTCTCCCAGAGCTGCAGGGTCAGGGCTGGGCTGGTTTTCATCAGTAGAGGGAGGGCCCTATTTGCATGTCCCCCACTATATAG,CACTGTG,CTGGGCGCACAATGACTTCCCCT,GGTTTGTGT,TCTCTCGCACAGTAATACACAGCCGTGTCCTCAGCTCTCAGGCTGTTCATTTGCAGATACAGCGTGTTCTTGGAATTGTCTCTGGAGATGGTGAATCGGCCCTTCACGGAGTCTGCGTAGTATTTATTGCTTCCATCATATGATATAACTGCCACCCACTCCAGCCCCTTGCCTGGAGCCTGGCGGACCCAGTGCATAGCATAGCTACTGAAGGTGAATCCAGAGGCTGCACAGGAGAGTCTCAGGGACCTCCCAGGCTGGACCACGCCTCCCCCAGACTCCACCAGCTGCACCTGACACTGGACAC,CTGCAAACAGAAGGACACCGTTATCAGAAAATGCCACACAAATCCAGTTTTTCTCACTCATGTTCACTCACACTCAGTCTCTCTATTTCTCCATGAATCAC,CTCTTAAAAGAGCAACGAGGAAAACCCAGCTCAGCCCAAACTCCAT,,,,,,,,,,,
SC-17,2,IGHV3-30-3,,CCTGCAGGGAGGTTTGTGTCTGGGCGCACAATGACTTCCCCTCACTGTGTCTCTCGCACAGTAATACACAGCCGTGTCCTCAGCTCTCAGGCTGTTCATTTGCAGATACAGCGTGTTCTTGGAATTGTCTCTGGAGATGGTGAATCGGCCCTTCACGGAGTCTGCGTAGTATTTATTACTTCCATCATATGATATAACTGCCACCCACTCCAGCCCCTTGCCTGGAGCCTGGCGGACCCAGTGCATAGCATAGCTACTGAAGGTGAATCCAGAGGCTGCACAGGAGAGTCTCAGGGACCTCCCAGGCTGGACCACGCCTCCCCCAGACTCCACCAGCTGCACCTGACACTGGACACCTGCAAACAGAAGGACACCGTTATCAGAAAATGCCACACAAATCCAGTTTTTCTCACTCATGTTCACTCACACTCAGTCTCTCTATTTCTCCATGAATCACCTCTTAAAAGAGCAACGAGGAAAACCCAGCTCAGCCCAAACTCCATGGTGAGTCCTCTGTGTTCAGTGCTGATCACCGAATGGAAACACCGGCGACTTCCAGTGCTGGGCTCGTCTCCCAGAGCTGCAGGGTCAGGGCTGGGCTGGTTTTCATCAGTAGAGGGAGGGCCCTATTTGCATGTCCCCCACTATATAG,CACTGTG,CTGGGCGCACAATGACTTCCCCT,GGTTTGTGT,TCTCTCGCACAGTAATACACAGCCGTGTCCTCAGCTCTCAGGCTGTTCATTTGCAGATACAGCGTGTTCTTGGAATTGTCTCTGGAGATGGTGAATCGGCCCTTCACGGAGTCTGCGTAGTATTTATTACTTCCATCATATGATATAACTGCCACCCACTCCAGCCCCTTGCCTGGAGCCTGGCGGACCCAGTGCATAGCATAGCTACTGAAGGTGAATCCAGAGGCTGCACAGGAGAGTCTCAGGGACCTCCCAGGCTGGACCACGCCTCCCCCAGACTCCACCAGCTGCACCTGACACTGGACAC,CTGCAAACAGAAGGACACCGTTATCAGAAAATGCCACACAAATCCAGTTTTTCTCACTCATGTTCACTCACACTCAGTCTCTCTATTTCTCCATGAATCAC,CTCTTAAAAGAGCAACGAGGAAAACCCAGCTCAGCCCAAACTCCAT,,,,,,,,,,,
SC-17,1,IGHV4-30-4,,GAGGTTTGTGTCTGGGCTCACACTCACCTCCCCTCATTGTGTCTCTGGCACAGTAATACACGGCCGTGTCTGCGGCAGTCACAGAGCTCAGCTTCAGGGAGAACTGGTTCTTGGACGTGTCTACTGATATGGTAACTCGACTCTTGAGGGACGGGTTGTAGTAGGTGCTCCCACTGTAATAGATGTACCCAATCCACTCCAGGCCCTTCCCTGGGGGCTGGCGGATCCAACTCCAGTAGTAATCACCACTGCTGATGGAGCCACCAGAGACAGTGCAGGTGAGGGACAGGGTCTGTGAAGGCTTCACCAGTCCTGGGCCCGACTCCTGCAGCTGCACCTGGGACAGGACCCCTGTGAACAGAGAGACACACAGTGAGCCCTGGGATCAGAGGCACCTCCCATATCTCCATGTCTGCAGCCTTGAGACACTCACATCTGGGAGCTGCCACCAGCAGGAGGAAGAACCACAGGTGTTTCATGTTCTTGCACAGGAGGTCCAGGACTCTCAGAAAGTATTTCCCATGTGAGCAGGACCCTGAATTTAAGGAAATGTGTGGTGGTTTTCTGTGGGTGCCTAAGTGAGATTTGCATGTGGGTGGTGCCTCTGTATGGACAGGTGAAAAGGGATG,CTCTGGC,ACACTCACCTCCCCTCATTGTGT,TCTGGGCTC,ACAGTAATACACGGCCGTGTCTGCGGCAGTCACAGAGCTCAGCTTCAGGGAGAACTGGTTCTTGGACGTGTCTACTGATATGGTAACTCGACTCTTGAGGGACGGGTTGTAGTAGGTGCTCCCACTGTAATAGATGTACCCAATCCACTCCAGGCCCTTCCCTGGGGGCTGGCGGATCCAACTCCAGTAGTAATCACCACTGCTGATGGAGCCACCAGAGACAGTGCAGGTGAGGGACAGGGTCTGTGAAGGCTTCACCAGTCCTGGGCCCGACTCCTGCAGCTGCACCTGGGACAGGACCC,CTGTGAACAGAGAGACACACAGTGAGCCCTGGGATCAGAGGCACCTCCCATATCTCCATGTCTGCAGCCTTGAGACACTCAC,ATCTGGGAGCTGCCACCAGCAGGAGGAAGAACCACAGGTGTTTCATG,,,,,,,,,,,
SC-17,2,IGHV4-30-4,,GAGGTTTGTGTCTGGGCTCACACTCACCTCCCCTCATTGTGTCTCTGGCACAGTAATACACGGCCGTGTCTGCGGCAGTCACAGAGCTCAGCTTCAGGGAGAACTGGTTCTTGGACGTGTCTACTGATATGGTAACTCGACTCTTGAGGGACGGGTTGTAGTAGGTGCTCCCACTGTAATAGATGTACCCAATCCACTCCAGGCCCTTCCCTGGGGGCTGGCGGATCCAACTCCAGTAGTAATCACCACTGCTGATGGAGCCACCAGAGACAGTGCAGGTGAGGGACAGGGTCTGTGAAGGCTTCACCAGTCCTGGGCCCGACTCCTGCAGCTGCACCTGGGACAGGACCCCTGTGAACAGAGAGACACACAGTGAGCCCTGGGATCAGAGGCACCTCCCATATCTCCATGTCTGCAGCCTTGAGACACTCACATCTGGGAGCTGCCACCAGCAGGAGGAAGAACCACAGGTGTTTCATGTTCTTGCACAGGAGGTCCAGGACTCTCAGAAAGTATTTCCCATGTGAGCAGGACCCTGAATTTAAGGAAATGTGTGGTGGTTTTCTGTGGGTGCCTAAGTGAGATTTGCATGTGGGTGGTGCCTCTGTATGGACAGGTGAAAAGGGATG,CTCTGGC,ACACTCACCTCCCCTCATTGTGT,TCTGGGCTC,ACAGTAATACACGGCCGTGTCTGCGGCAGTCACAGAGCTCAGCTTCAGGGAGAACTGGTTCTTGGACGTGTCTACTGATATGGTAACTCGACTCTTGAGGGACGGGTTGTAGTAGGTGCTCCCACTGTAATAGATGTACCCAATCCACTCCAGGCCCTTCCCTGGGGGCTGGCGGATCCAACTCCAGTAGTAATCACCACTGCTGATGGAGCCACCAGAGACAGTGCAGGTGAGGGACAGGGTCTGTGAAGGCTTCACCAGTCCTGGGCCCGACTCCTGCAGCTGCACCTGGGACAGGACCC,CTGTGAACAGAGAGACACACAGTGAGCCCTGGGATCAGAGGCACCTCCCATATCTCCATGTCTGCAGCCTTGAGACACTCAC,ATCTGGGAGCTGCCACCAGCAGGAGGAAGAACCACAGGTGTTTCATG,,,,,,,,,,,
SC-17,0,IGHV3-30-5,,CCTGCAGGGAGGTTTGTGTCTGGGCGCACAATGACTTCCCCTCACTGTGTCTTTCGCACAGTAATACACAGCCGTGTCCTCAGCTCTCAGGCTGTTCATTTGCAGATACAGCGTGTTCTTGGAATTGTCTCTGGAGATGGTGAATCGGCCCTTCACGGAGTCTGCATAGTATTTATTACTTCCATCATATGATATAACTGCCACCCACTCCAGCCCCTTGCCTGGAGCCTGGCGGACCCAGTGCATGCCATAGCTACTGAAGGTGAATCCAGAGGCTGCACAGGAGAGTCTCAGGGACCTCCCAGGCTGGACCACGCCTCCCCCAGACTCCACCAGCTGCACCTGACACTGGACACCTGCAAACAGAAGGACACCGTTATCAGAAAATGCCACACAAATCCAGTTTTTCTCACTCATGTTCACTCACACTCAGTCTCTCTATTTCTCCATGAATCACCTCTTAAAAGAGCAACGAGGAAAACCCAGCTCAGCCCAAACTCCATGGTGAGTCCTCTGTGTTCAGTGCTGATCACCGAATGGAAACACCGCCGACTTCTAGTGCTGGGCTCCTCTCCCAGAGCTGCAGGGTCAGGGCTGGGCTGGTTTTCATCAGTAGAGGGAGGGCCCTATTTGCATGTCCCCCACTATATAG,CACTGTG,CTGGGCGCACAATGACTTCCCCT,GGTTTGTGT,TCTTTCGCACAGTAATACACAGCCGTGTCCTCAGCTCTCAGGCTGTTCATTTGCAGATACAGCGTGTTCTTGGAATTGTCTCTGGAGATGGTGAATCGGCCCTTCACGGAGTCTGCATAGTATTTATTACTTCCATCATATGATATAACTGCCACCCACTCCAGCCCCTTGCCTGGAGCCTGGCGGACCCAGTGCATGCCATAGCTACTGAAGGTGAATCCAGAGGCTGCACAGGAGAGTCTCAGGGACCTCCCAGGCTGGACCACGCCTCCCCCAGACTCCACCAGCTGCACCTGACACTGGACAC,CTGCAAACAGAAGGACACCGTTATCAGAAAATGCCACACAAATCCAGTTTTTCTCACTCATGTTCACTCACACTCAGTCTCTCTATTTCTCCATGAATCAC,CTCTTAAAAGAGCAACGAGGAAAACCCAGCTCAGCCCAAACTCCAT,,,,,,,,,,,
SC-17,0,IGHV4-31,,CCTGCAGGGAGGTTTGTGTCTGGGCTCACACTCACCTCCCCTCATTGTGTCTCTCGCACAGTAATACACGGCCGTGTCCGCGGCAGTCACAGAGCTCAGCTTCAGGGAGAACTGGTTCTTAGACGTGTCTACTGATATGGTAACTCGACTCTTGAGGGACGGGTTGTAGTAGGTGCTCCCACTGTAATAGATGTACCCAATCCACTCCAGGCCCTTCCCTGGGTGCTGGCGGATCCAGCTCCAGTAGTAACCACCACTGCTGATGGAGCCACCAGAGACAGTGCAGGTGAGGGACAGGGTCTGTGAAGGCTTCACCAGTCCTGGGCCCGACTCCTGCAGCTGCACCTGGGACAGGACCCCTGTGAACAGAGAGACACACAGTGAGCCCTGGGATCAGAGGCACCTCCCATATCTCCATGTCTGCAGCCTTGAGACACTCACATCTGGGAGCTGCCACCAGCAGGAGGAAGAACCACAGGTGTTTCATGTTCTTGCACAGGAGGTCCAGGACTCTCAGAAAGTATTTCCCATGTGAGCAGGACCCTGAATTTAAGGAAATGTGTGGTGGTTTTCTGTGGGTGCCTAAGTGAGATTTGCATGTGGGTGGTGCCTCTGTATGGACAGGTGAAAAGGGAT,CATTGTG,CTGGGCTCACACTCACCTCCCCT,GGTTTGTGT,TCTCTCGCACAGTAATACACGGCCGTGTCCGCGGCAGTCACAGAGCTCAGCTTCAGGGAGAACTGGTTCTTAGACGTGTCTACTGATATGGTAACTCGACTCTTGAGGGACGGGTTGTAGTAGGTGCTCCCACTGTAATAGATGTACCCAATCCACTCCAGGCCCTTCCCTGGGTGCTGGCGGATCCAGCTCCAGTAGTAACCACCACTGCTGATGGAGCCACCAGAGACAGTGCAGGTGAGGGACAGGGTCTGTGAAGGCTTCACCAGTCCTGGGCCCGACTCCTGCAGCTGCACCTGGGACAGGACCC,CTGTGAACAGAGAGACACACAGTGAGCCCTGGGATCAGAGGCACCTCCCATATCTCCATGTCTGCAGCCTTGAGACACTCAC,ATCTGGGAGCTGCCACCAGCAGGAGGAAGAACCACAGGTGTTTCAT,,,,,,,,,,,
SC-17,2,IGHV3-33,,CCTGCAGGGAGGTTTGTGTCTGGGCGCACAATGACCTCCCCTCACTGTGTCTCTCGCACAGTAATACACAGCCGTGTCCTCGGCTCTCAGGCTGTTCATTTGCAGATACAGCGTGTTCTTGGAATTGTCTCTGGAGATGGTGAATCGGCCCTTCACGGAGTCTGCATAGTATTTATTACTTCCATCATACCATATAACTGCCACCCACTCCAGCCCCTTGCCTGGAGCCTGGCGGACCCAGTGCATGCCATAGCTACTGAAGGTGAATCCAGACGCTGCACAGGAGAGTCTCAGGGACCTCCCAGGCTGGACCACGCCTCCCCCAGACTCCACCAGCTGCACCTGACACTGGACACCTGCAAACAGAAGGACACCGTTATCAGAAAATGCCACACAAATCCAGTTTTTCTCACTCATGTTCACTCACACTCAGTCTCTCTATTTCTCCATGAATCACCTCTTAAAAGAGCAACGAGGAAAACCCAGCTCAGCCCAAACTCCATGGTGAGTCCTCTGTGTTCAGTGCTGATCACCGAATGGAAACACCGCCGACTTCTAGTGCTGGGCTCCTCTCCCAGAGCTGCAGGGTCAGGGCTGGGCTGGTTTTCATCAGTAGAGGGAGGGCCCTATTTGCATGTCCCCCACTATATAG,CACTGTG,CTGGGCGCACAATGACCTCCCCT,GGTTTGTGT,TCTCTCGCACAGTAATACACAGCCGTGTCCTCGGCTCTCAGGCTGTTCATTTGCAGATACAGCGTGTTCTTGGAATTGTCTCTGGAGATGGTGAATCGGCCCTTCACGGAGTCTGCATAGTATTTATTACTTCCATCATACCATATAACTGCCACCCACTCCAGCCCCTTGCCTGGAGCCTGGCGGACCCAGTGCATGCCATAGCTACTGAAGGTGAATCCAGACGCTGCACAGGAGAGTCTCAGGGACCTCCCAGGCTGGACCACGCCTCCCCCAGACTCCACCAGCTGCACCTGACACTGGACAC,CTGCAAACAGAAGGACACCGTTATCAGAAAATGCCACACAAATCCAGTTTTTCTCACTCATGTTCACTCACACTCAGTCTCTCTATTTCTCCATGAATCAC,CTCTTAAAAGAGCAACGAGGAAAACCCAGCTCAGCCCAAACTCCAT,,,,,,,,,,,
SC-17,2,IGHV4-34,,CCTGCAGGGAGGTTTTTGTCTGGGCTCACACTCACCTCCCCTCACTGTGCCTCTCGCACAGTAATACACAGCCGTGTCCGCGGCGGTCACAGAGCTCAGCTTCAGGGAGAACTGGTTCTTGGACGTGTCTACTGATATGGTGACTCGACTCTTGAGGGACGGGTTGTAGTTGGTGCTTCCACTATGATTGATTTCCCCAATCCACTCCAGCCCCTTCCCTGGGGGCTGGCGGATCCAGCTCCAGTAGTAACCACTGAAGGACCCACCATAGACAGCGCAGGTGAGGGACAGGGTCTCCGAAGGCTTCAACAGTCCTGCGCCCCACTGCTGTAGCTGCACCTGGGACAGGACCCCTGTGAACAGAGAAACCCACAGTGAGCCCTGGGATCAGAGGCAGCATCTCATATCTTCATATCCGCATTCCTGAGACACTCACATCTGGGAGCTGCCACCAGGAGGAGGAAGAACCACAGGTGTTTCATGTTCTTGTGCAGGAGGTCCATGACTCTCAGAAAGCACTTCCCATGTGAGCTGGACCCTGAATTTAAGGAAATGTGTAGTCATTTCCTGTGGGTGCCTAAGTGAGGATTTGCATGTGGGTGGTGCCTTTGTATGGATAGGTAAAAAGGGATGAGGGAGGCCCCAGTCTTTT,CACTGTG,CTGGGCTCACACTCACCTCCCCT,GGTTTTTGT,CCTCTCGCACAGTAATACACAGCCGTGTCCGCGGCGGTCACAGAGCTCAGCTTCAGGGAGAACTGGTTCTTGGACGTGTCTACTGATATGGTGACTCGACTCTTGAGGGACGGGTTGTAGTTGGTGCTTCCACTATGATTGATTTCCCCAATCCACTCCAGCCCCTTCCCTGGGGGCTGGCGGATCCAGCTCCAGTAGTAACCACTGAAGGACCCACCATAGACAGCGCAGGTGAGGGACAGGGTCTCCGAAGGCTTCAACAGTCCTGCGCCCCACTGCTGTAGCTGCACCTGGGACAGGACCC,CTGTGAACAGAGAAACCCACAGTGAGCCCTGGGATCAGAGGCAGCATCTCATATCTTCATATCCGCATTCCTGAGACACTCAC,ATCTGGGAGCTGCCACCAGGAGGAGGAAGAACCACAGGTGTTTCATGTTCTTGTGCAGGAGGTCCAT,,,,,,,,,,,
SC-17,1,IGHV4-34,,CCTGCAGGGAGGTTTTTGTCTGGGCTCACACTCACCTCCCCTCACTGTGCCTCTCGCACAGTAATACACAGCCGTGTCCGCGGCGGTCACAGAGCTCAGCTTCAGGGAGAACTGGTTCTTGGACGTGTCTACTGATATGGTGACTCGACTCTTGAGGGACGGGTTGTAGTTGGTGCTTCCACTATGATTGATTTCCCCAATCCACTCCAGCCCCTTCCCTGGGGGCTGGCGGATCCAGCTCCAGTAGTAACCACTGAAGGACCCACCATAGACAGCGCAGGTGAGGGACAGGGTCTCCGAAGGCTTCAACAGTCCTGCGCCCCACTGCTGTAGCTGCACCTGGGACAGGACCCCTGTGAACAGAGAAACCCACAGTGAGCCCTGGGATCAGAGGCAGCATCTCATATCTTCATATCCGCATTCCTGAGACACTCACATCTGGGAGCTGCCACCAGGAGGAGGAAGAACCACAGGTGTTTCATGTTCTTGTGCAGGAGGTCCATGACTCTCAGAAAGCACTTCCCATGTGAGCTGGACCCTGAATTTAAGGAAATGTGTAGTCATTTCCTGTGGGTGCCTAAGTGAGGATTTGCATGTGGGTGGTGCCTTTGTATGGATAGGTAAAAAGGGATGAGGGAGGCCCCAGTCTTTT,CACTGTG,CTGGGCTCACACTCACCTCCCCT,GGTTTTTGT,CCTCTCGCACAGTAATACACAGCCGTGTCCGCGGCGGTCACAGAGCTCAGCTTCAGGGAGAACTGGTTCTTGGACGTGTCTACTGATATGGTGACTCGACTCTTGAGGGACGGGTTGTAGTTGGTGCTTCCACTATGATTGATTTCCCCAATCCACTCCAGCCCCTTCCCTGGGGGCTGGCGGATCCAGCTCCAGTAGTAACCACTGAAGGACCCACCATAGACAGCGCAGGTGAGGGACAGGGTCTCCGAAGGCTTCAACAGTCCTGCGCCCCACTGCTGTAGCTGCACCTGGGACAGGACCC,CTGTGAACAGAGAAACCCACAGTGAGCCCTGGGATCAGAGGCAGCATCTCATATCTTCATATCCGCATTCCTGAGACACTCAC,ATCTGGGAGCTGCCACCAGGAGGAGGAAGAACCACAGGTGTTTCATGTTCTTGTGCAGGAGGTCCAT,,,,,,,,,,,
SC-17,2,IGHV3-35,,CTGCAGGAGGTTTGTGTCTGGGCTCACACTTCCGACCTCTCACAGTGTTTCTCACACAGTAATACACAGCCGTGTCCTCGGCCCTCAGGCTATTCGTTTGCAGATACAGGGTGTTCCTGGAATTGTCTCTGGAGATGATGAATCGGCCCTTCACAGAGTCTGCATAGTGCGTCCTACTGCCATTCCAACTAACACCCGATACCCACTCCAGCCCCTTTCCTGGAGCCTGATGGACCCAGTTCATGTCACTGTTACTGAAGGTGAATCCAGAGGCTGCACAGGAGAGTCTCAGGGATCCCCCAGGCTGTACCAAGCCTCCCCCAGACTCCACCAGCTGCACCTCACACTGGACACCTGCAAACACAGAGACACCCTGGTCAGAAACTGCCACACAAATCCACTGTTTCTCTCACTCATGTCCACTCACTCAATATCCTTAGTTCTTCATGAATCACCTTTTAAAATAGCAGCAAGAAAAACCCAGCTCAGCCCAAATTCCATGGTAATTTGTTTGTTGCTGATGACAAAGTGGAAACACCTGAGAATCCCAGGGCTGGTGCTTCTCTCCCAGGGCTGCAGGGTCAGGACTGGGCTGCTTTTTATCAGGAAAGGGGGGGCCCTATTTGCATGTCTCCTATTTCACAGCGAGC,CAGTGTT,GGGCTCACACTTCCGACCTCTCA,TTTGTGTCT,TCTCACACAGTAATACACAGCCGTGTCCTCGGCCCTCAGGCTATTCGTTTGCAGATACAGGGTGTTCCTGGAATTGTCTCTGGAGATGATGAATCGGCCCTTCACAGAGTCTGCATAGTGCGTCCTACTGCCATTCCAACTAACACCCGATACCCACTCCAGCCCCTTTCCTGGAGCCTGATGGACCCAGTTCATGTCACTGTTACTGAAGGTGAATCCAGAGGCTGCACAGGAGAGTCTCAGGGATCCCCCAGGCTGTACCAAGCCTCCCCCAGACTCCACCAGCTGCACCTCACACTGGACAC,CTGCAAACACAGAGACACCCTGGTCAGAAACTGCCACACAAATCCACTGTTTCTCTCACTCATGTCCACTCACTCAATATCCTTAGTTCTTCATGAATCAC,CTTTTAAAATAGCAGCAAGAAAAACCCAGCTCAGCCCAAATTCCAT,,,,,,,,,,,
SC-17,1,IGHV3-35,,CTGCAGGAGGTTTGTGTCTGGGCTCACACTTCCGACCTCTCACAGTGTTTCTCACACAGTAATACACAGCCGTGTCCTCGGCCCTCAGGCTATTCGTTTGCAGATACAGGGTGTTCCTGGAATTGTCTCTGGAGATGATGAATCGGCCCTTCACAGAGTCTGCATAGTGCGTCCTACTGCCATTCCAACTAACACCCGATACCCACTCCAGCCCCTTTCCTGGAGCCTGATGGACCCAGTTCATGTCACTGTTACTGAAGGTGAATCCAGAGGCTGCACAGGAGAGTCTCAGGGATCCCCCAGGCTGTACCAAGCCTCCCCCAGACTCCACCAGCTGCACCTCACACTGGACACCTGCAAACACAGAGACACCCTGGTCAGAAACTGCCACACAAATCCACTGTTTCTCTCACTCATGTCCACTCACTCAATATCCTTAGTTCTTCATGAATCACCTTTTAAAATAGCAGCAAGAAAAACCCAGCTCAGCCCAAATTCCATGGTAATTTGTTTGTTGCTGATGACAAAGTGGAAACACCTGAGAATCCCAGGGCTGGTGCTTCTCTCCCAGGGCTGCAGGGTCAGGACTGGGCTGCTTTTTATCAGGAAAGGGGGGGCCCTATTTGCATGTCTCCTATTTCACAGCGAGC,CAGTGTT,GGGCTCACACTTCCGACCTCTCA,TTTGTGTCT,TCTCACACAGTAATACACAGCCGTGTCCTCGGCCCTCAGGCTATTCGTTTGCAGATACAGGGTGTTCCTGGAATTGTCTCTGGAGATGATGAATCGGCCCTTCACAGAGTCTGCATAGTGCGTCCTACTGCCATTCCAACTAACACCCGATACCCACTCCAGCCCCTTTCCTGGAGCCTGATGGACCCAGTTCATGTCACTGTTACTGAAGGTGAATCCAGAGGCTGCACAGGAGAGTCTCAGGGATCCCCCAGGCTGTACCAAGCCTCCCCCAGACTCCACCAGCTGCACCTCACACTGGACAC,CTGCAAACACAGAGACACCCTGGTCAGAAACTGCCACACAAATCCACTGTTTCTCTCACTCATGTCCACTCACTCAATATCCTTAGTTCTTCATGAATCAC,CTTTTAAAATAGCAGCAAGAAAAACCCAGCTCAGCCCAAATTCCAT,,,,,,,,,,,
SC-17,1,IGHV3-38,,TCCTGCAGGGAGGTTTGTGTCTGGGCGCACAATGACTTCCCCTCTGTGTATATCTGGCACAGTAATACACGGCCGTGCCCTCAGCTCTCAGGTTGTTCATTTGAAGATACAGCGTGTTCTTGGAATTGTCTCTGGAGATGGTGAATCTGCCCTTCCTGGAGTCTGCGTAGTATGTGCTACCACCACTAATGGATGAGACCCACTCCAGCCCCTTCCCTGGAGCCTGGCGGATCCAGCTCATCTCATTGCTACTGACGGTGAATCCAGAGGCTGCACAGGAGAGTCTCAGGGACCCCCTAGGCTGTACCAAGCCTCCCCCAGACTCCACCAGCTGCACCTCACACTGGACACCTGCAAACACAGAGACACCAAGGTCAGAAACTGCCACACAAACCCACTGTTTTGCTCACTCATGTCCACTCACACTCAACATCTGTAGTTCTCCATGAATCACCTTTTAAAATACCAACAAGGAAAACCCAGCTCAGCACAAACTGCATGATGAGTTGTGTGTGTTCAGTCCTGATCACTGAAGGGAAACACCTGGGAATCCCAAGGCTGGGGCTCCACTCCCAGAGTGCTAAAAAGGGGAAGAGGATTTTCCATGCTAGGTCCCAGGTACCTCCTTGCAAGTGCAGGCATCCTAAAC,TCTGTGT,TCTGGGCGCACAATGACTTCCCC,AGGTTTGTG,ATATCTGGCACAGTAATACACGGCCGTGCCCTCAGCTCTCAGGTTGTTCATTTGAAGATACAGCGTGTTCTTGGAATTGTCTCTGGAGATGGTGAATCTGCCCTTCCTGGAGTCTGCGTAGTATGTGCTACCACCACTAATGGATGAGACCCACTCCAGCCCCTTCCCTGGAGCCTGGCGGATCCAGCTCATCTCATTGCTACTGACGGTGAATCCAGAGGCTGCACAGGAGAGTCTCAGGGACCCCCTAGGCTGTACCAAGCCTCCCCCAGACTCCACCAGCTGCACCTCACACTGGACAC,CTGCAAACACAGAGACACCAAGGTCAGAAACTGCCACACAAACCCACTGTTTTGCTCACTCATGTCCACTCACACTCAACATCTGTAGTTCTCCATGAATCAC,CTTTTAAAATACCAACAAGGAAAACCCAGCTCAGCACAAACTGCAT,,,,,,,,,,,
SC-17,2,IGHV3-38,,TCCTGCAGGGAGGTTTGTGTCTGGGCGCACAATGACTTCCCCTCTGTGTATATCTGGCACAGTAATACACGGCCGTGCCCTCAGCTCTCAGGTTGTTCATTTGAAGATACAGCGTGTTCTTGGAATTGTCTCTGGAGATGGTGAATCTGCCCTTCCTGGAGTCTGCGTAGTATGTGCTACCACCACTAATGGATGAGACCCACTCCAGACCCTTCCCTGGAGCCTGGCGGATCCAGCTCATCTCATTGCTACTGACGGTGAATCCAGAGGCTGCACAGGAGAGTCTCAGGGACCCCCTAGGCTGTACCAAGCCTCCCCCAGACTCCACCAGCTGCACCTCACACTGGACACCTGCAAACACAGAGACACCAAGGTCAGAAACTGCCACACAAACCCACTGTTTTGCTCACTCATGTCCACTCACACTCAACATCTGTAGTTCTCCATGAATCACCTTTTAAAATACCAACAAGGAAAACCCAGCTCAGCACAAACTGCATGATGAGTTGTGTGTGTTCAGTCCTGATCACTGAAGGGAAACACCTGGGAATCCCAAGGCTGGGGCTCCACTCCCAGAGTGCTAAAAAGGGGAAGAGGATTTTCCATGCTAGGTCCCAGGTACCTCCTTGCAAGTGCAGGCATCCTAAAC,TCTGTGT,TCTGGGCGCACAATGACTTCCCC,AGGTTTGTG,ATATCTGGCACAGTAATACACGGCCGTGCCCTCAGCTCTCAGGTTGTTCATTTGAAGATACAGCGTGTTCTTGGAATTGTCTCTGGAGATGGTGAATCTGCCCTTCCTGGAGTCTGCGTAGTATGTGCTACCACCACTAATGGATGAGACCCACTCCAGACCCTTCCCTGGAGCCTGGCGGATCCAGCTCATCTCATTGCTACTGACGGTGAATCCAGAGGCTGCACAGGAGAGTCTCAGGGACCCCCTAGGCTGTACCAAGCCTCCCCCAGACTCCACCAGCTGCACCTCACACTGGACAC,CTGCAAACACAGAGACACCAAGGTCAGAAACTGCCACACAAACCCACTGTTTTGCTCACTCATGTCCACTCACACTCAACATCTGTAGTTCTCCATGAATCAC,CTTTTAAAATACCAACAAGGAAAACCCAGCTCAGCACAAACTGCAT,,,,,,,,,,,
SC-17,1,IGHV4-39,,CCTGCAGGGAGGTTTTTGTCTGGGCTCACACTCACCTCCCCTCACTGTGTCTCTCGCACAGTAATACACGGCCGTGTCCGCGGCGGTCACAGAGCTCAGCTTCAGGGAGAACTGGTTCTTGGACGTGTCTACTGATATGGTGACTCGACTCTTGAGGGACGGGTTGTAGTAGGTGCTCCCACTATAATAGATACTCCCAATCCACTCCAGCCCCTTCCCTGGGGGCTGGCGGATCCAGCCCCAGTAGTAACTACTACTGCTGATGGAGCCACCAGAGACAGTGCAGGTGAGGGACAGGGTCTCCGAAGGCTTCACCAGTCCTGGGCCCGACTCCTGCAGCTGCAGCTGGGACAGGACCCCTGTGAACAGAAAAACCCACAGTGAGCCCTGGGATCAGAGGCAGCCTCCCATATCTCCATGTCTGCATCCTAGAAACACTCACATCTGGGAGCCGCCACCAGCAGGAGGAAGAACCACAGGTGCTTCATGTTCTTGCACAGGAGGTCCATGACTCTCAGAAAGCATTTCCCTTATGAGTTGGACCTGAATTTAAGGAAATGTGTGGTGGCTTCCTGTGGGCGCCTAAGTGAGGATTTGCATGGGGGTGGTGCGTTTGTACGGAGCAGTGAAAAGGGATGAGAGAGGCGCCGGTCTTTTG,CACTGTG,CTGGGCTCACACTCACCTCCCCT,GGTTTTTGT,TCTCTCGCACAGTAATACACGGCCGTGTCCGCGGCGGTCACAGAGCTCAGCTTCAGGGAGAACTGGTTCTTGGACGTGTCTACTGATATGGTGACTCGACTCTTGAGGGACGGGTTGTAGTAGGTGCTCCCACTATAATAGATACTCCCAATCCACTCCAGCCCCTTCCCTGGGGGCTGGCGGATCCAGCCCCAGTAGTAACTACTACTGCTGATGGAGCCACCAGAGACAGTGCAGGTGAGGGACAGGGTCTCCGAAGGCTTCACCAGTCCTGGGCCCGACTCCTGCAGCTGCAGCTGGGACAGGACCC,CTGTGAACAGAAAAACCCACAGTGAGCCCTGGGATCAGAGGCAGCCTCCCATATCTCCATGTCTGCATCCTAGAAACACTCAC,ATCTGGGAGCCGCCACCAGCAGGAGGAAGAACCACAGGTGCTTCATGTTCTTGCACAGGAGGTCCAT,,,,,,,,,,,
SC-17,2,IGHV4-39,,CCTGCAGGGAGGTTTTTGTCTGGGCTCACACTCACCTCCCCTCACTGTGTGTCTCGCACAGTAATACACAGCCGTGTCTGCGGCGGTCACAGAGCTCAGCTTCAGGGAGAACTGGTTCTTGGACGTGTCTACGGATATGGTGACTCGACTCTTGAGGGACGGGTTGTAGTAGGTGCTCCCACTATAATAGATACTCCCAATCCACTCCAGCCCCTTCCCTGGGGGCTGGCGGATCCAGCCCCAGTAGTAACTACTACTGCTGATGGAGCCACCAGAGACAGTGCAGGTGAGGGACAGGGTCTCCGAAGGCTTCACCAGTCCTGGGCCCGACTCCTGCAGCTGCAGCTGGGACAGGACCCCTGTGAACAGAAAAACCCACAGTGAGCCCTGGGATCAGAGGCAGCCTCCCATATCTCCATGTCTGCATCCTAGAAACACTCACATCTGGGAGCCGCCACCAGCAGGAGGAAGAACCACAGGTGCTTCATTTTCTTGCACATGAGATCCATGACTCTCAGAAAGCATTTCCCTTATGAGTTGGACCTGAATTTAAGGAAATGTGTGGTGGCTTCCTGTGGGCGCCTAAGTGAGGATTTGCATGGGGGTGGTGCGTTTGTACGGAGCAGTGAAAAGGGATGAGAGAGGCGCCAGTCTTTTG,CACTGTG,CTGGGCTCACACTCACCTCCCCT,GGTTTTTGT,TGTCTCGCACAGTAATACACAGCCGTGTCTGCGGCGGTCACAGAGCTCAGCTTCAGGGAGAACTGGTTCTTGGACGTGTCTACGGATATGGTGACTCGACTCTTGAGGGACGGGTTGTAGTAGGTGCTCCCACTATAATAGATACTCCCAATCCACTCCAGCCCCTTCCCTGGGGGCTGGCGGATCCAGCCCCAGTAGTAACTACTACTGCTGATGGAGCCACCAGAGACAGTGCAGGTGAGGGACAGGGTCTCCGAAGGCTTCACCAGTCCTGGGCCCGACTCCTGCAGCTGCAGCTGGGACAGGACCC,CTGTGAACAGAAAAACCCACAGTGAGCCCTGGGATCAGAGGCAGCCTCCCATATCTCCATGTCTGCATCCTAGAAACACTCAC,ATCTGGGAGCCGCCACCAGCAGGAGGAAGAACCACAGGTGCTTCATTTTCTTGCACATGAGATCCAT,,,,,,,,,,,
SC-17,0,IGHV3-43,,CCTGCAGCGAGGTTTTTGTCTGGGCTCTCGCTGACTTCCCCTCACTGTGTATCTTTTGCACAGTAATACAAGGCGGTGTCCTCAGTTCTCAGACTGTTCATTTGCAGATACAGGGAGTTTTTGCTGTTGTCTCTGGAGATGGTGAATCGGCCCTTCACAGAGTCTGCATAGTATGTGCTACCACCATCCCAACTAATAAGAGAGACCCACTCCAGACCCTTCCCCGGAGCTTGACGGACCCAGTGCATGGTATAATCATCAAAGGTGAATCCAGAGGCTGCACAGGAGAGTCTCAGGGACCCCCCAGGCTGTACCACGACTCCCCCAGACTCCACCAGCTGCACTTCACACTGGACACCTGCAAACACAGAGACACCCTGGTCAGACACTGCCACACATATCCACTGTTTCTCTCACTCATGTTCACTCACACTCAACATCTCTATTTATCCATGAATCACCTTTTAAAATAGCAACAAGGAAAACCCAGCTCAGTCCAAACTCCATGGTGCGTTCTCTGTGTTCAGTGCTGATCACCGAATGGAAACACCTGGGAATCTCAGGGCTGGGGCTCCTCTCCCAGAGCTGCAGGGTCAGGGCTGGGCTGGTTTTCATCAGCAGAGGGAGGACCCTATTTGCATGTCTCCTACTATATA,CACTGTG,CTGGGCTCTCGCTGACTTCCCCT,GGTTTTTGT,TATCTTTTGCACAGTAATACAAGGCGGTGTCCTCAGTTCTCAGACTGTTCATTTGCAGATACAGGGAGTTTTTGCTGTTGTCTCTGGAGATGGTGAATCGGCCCTTCACAGAGTCTGCATAGTATGTGCTACCACCATCCCAACTAATAAGAGAGACCCACTCCAGACCCTTCCCCGGAGCTTGACGGACCCAGTGCATGGTATAATCATCAAAGGTGAATCCAGAGGCTGCACAGGAGAGTCTCAGGGACCCCCCAGGCTGTACCACGACTCCCCCAGACTCCACCAGCTGCACTTCACACTGGACAC,CTGCAAACACAGAGACACCCTGGTCAGACACTGCCACACATATCCACTGTTTCTCTCACTCATGTTCACTCACACTCAACATCTCTATTTATCCATGAATCAC,CTTTTAAAATAGCAACAAGGAAAACCCAGCTCAGTCCAAACTCCAT,,,,,,,,,,,
SC-17,0,IGHV1-45,,TCCTCCTTGGGGTTTCTGACGGTCTCAGGATGTGGGTTTTCACACTGTGTATCTTGCACAGTAATACATGGCTGTGTCCTCAGATCTCAGGCTGCTCAGCTCCATGTAGGCTGTGCTCATAGACCTGTCCCTGGTAATGGTGACTCTGTCCTGGAATTTCTGTGCGTAGTTGGTGTTACCATTGAAAGGTGTGATCCATCCCATCCACTCAAGCGCTTGTCCGGGGGCCTGTCGCACCCAGTGCAGGTAGCGGTAGGTGAAGGTGTATCCGGAAGCCTTGCAGGAAACCTTCACTGAGGACCCAGTCTTCTTCACCTCAGCCCCAGACTGCACCAGCTGCATCTGGGAGTAGGCATCTGTGGAGGGGACACAGGAGTGGATAAAAGCCACCTTGACTGGACTCAATCCCCTCCTCATCACTGGGACTTGGGAGCCCCTTACCTGTGGCTGCTGCCACCAAGAAGAGGATTCTCCAGGTCCAGTCCATGGTGAGGAGCTGTGCTTTCAGGGGATTCTCTAGAGGAGGGATGTGGTTGTTGGGTGATGCTCTCAGGGCACAGACATATCCATATTTACCTCAGTCGATCTCAGGTTATTTGCATATTGATGAGACAGGGCATTTCATAGCTCAAAGCC,CACTGTG,CGGTCTCAGGATGTGGGTTTTCA,GGTTTCTGA,TATCTTGCACAGTAATACATGGCTGTGTCCTCAGATCTCAGGCTGCTCAGCTCCATGTAGGCTGTGCTCATAGACCTGTCCCTGGTAATGGTGACTCTGTCCTGGAATTTCTGTGCGTAGTTGGTGTTACCATTGAAAGGTGTGATCCATCCCATCCACTCAAGCGCTTGTCCGGGGGCCTGTCGCACCCAGTGCAGGTAGCGGTAGGTGAAGGTGTATCCGGAAGCCTTGCAGGAAACCTTCACTGAGGACCCAGTCTTCTTCACCTCAGCCCCAGACTGCACCAGCTGCATCTGGGAGTAGGCAT,CTGTGGAGGGGACACAGGAGTGGATAAAAGCCACCTTGACTGGACTCAATCCCCTCCTCATCACTGGGACTTGGGAGCCCCTTAC,CTGTGGCTGCTGCCACCAAGAAGAGGATTCTCCAGGTCCAGTCCAT,,,,,,,,,,,
SC-17,2,IGHV1-46,,CCTCCCTCAGGGTTTCTGACACTCTGAGGATGTGGTTTCTCACACTGTGTCTCTCGCACAGTAATACACGGCCGTGTCCTCAGATCTCAGGCTGCTCAGCTCCATGTAGACTGTGCTCGTGGACGTGTCCCTGGTCATGGTGACTCTGCCCTGGAACTTCTGTGCGTAGCTTGTGCTACCACCACTAGGGTTGATTATTCCCATCCACTCAAGCCCTTGTCCAGGGGCCTGTCGCACCCAGTGCATATAGTAGCTGGTGAAGGTGTATCCAGATGCCTTGCAGGAAACCTTCACTGAGGCCCCAGGCTTCTTCACCTCAGCCCCAGACTGCACCAGCTGCACCTGGGAGTGAGCACCTGCGGAGAGGACACAGTAGAGAATGACAGTCCTCTAAACTGGAAAAAATCCCTTCCTCAGCCCTGGAACCAGTTGGCCCTTTACCTGGAGCTACAGCCAGCAAGCAGAAGACCCTCCAGGTCCAGTCCATGGTGAAGAACTTTCCTCTCAGAGGCTTCTGTAGAGAAGGGATGTGGTTGTTGGATGATGCTTTCAGGGCCCAGATGTATCCATATTTACCTCAGTAGATCTAAGGTTATTTGCATATTCATGAGACAGATTATTTCATACCTCAAAGCC,CACTGTG,CACTCTGAGGATGTGGTTTCTCA,GGTTTCTGA,TCTCTCGCACAGTAATACACGGCCGTGTCCTCAGATCTCAGGCTGCTCAGCTCCATGTAGACTGTGCTCGTGGACGTGTCCCTGGTCATGGTGACTCTGCCCTGGAACTTCTGTGCGTAGCTTGTGCTACCACCACTAGGGTTGATTATTCCCATCCACTCAAGCCCTTGTCCAGGGGCCTGTCGCACCCAGTGCATATAGTAGCTGGTGAAGGTGTATCCAGATGCCTTGCAGGAAACCTTCACTGAGGCCCCAGGCTTCTTCACCTCAGCCCCAGACTGCACCAGCTGCACCTGGGAGTGAGCAC,CTGCGGAGAGGACACAGTAGAGAATGACAGTCCTCTAAACTGGAAAAAATCCCTTCCTCAGCCCTGGAACCAGTTGGCCCTTTAC,CTGGAGCTACAGCCAGCAAGCAGAAGACCCTCCAGGTCCAGTCCAT,,,,,,,,,,,
SC-17,1,IGHV1-46,,CCTCCCTCAGGGTTTCTGACACTCTGAGGATGTGGTTTCTCACACTGTGTCTCTCGCACAGTAATACACGGCCGTGTCCTCAGATCTCAGGCTGCTCAGCTCCATGTAGACTGTGCTCGTGGACGTGTCCCTGGTCATGGTGACTCTGCCCTGGAACTTCTGTGCGTAGCTTGTGCTACCACCACTAGGGTTGATTATTCCCATCCACTCAAGCCCTTGTCCAGGGGCCTGTCGCACCCAGTGCATATAGTAGCTGGTGAAGGTGTATCCAGATGCCTTGCAGGAAACCTTCACTGAGGCCCCAGGCTTCTTCACCTCAGCCCCAGACTGCACCAGCTGCACCTGGGAGTGAGCACCTGCGGAGAGGACACAGTAGAGAATGACAGTCCTCTAAACTGGAAAAAATCCCTTCCTCAGCCCTGGAACCAGTTGGCCCTTTACCTGGAGCTACAGCCAGCAAGCAGAAGACCCTCCAGGTCCAGTCCATGGTGAAGAACTTTCCTCTCAGAGGCTTCTGTAGAGAAGGGATGTGGTTGTTGGATGATGCTTTCAGGGCCCAGATGTATCCATATTTACCTCAGTAGATCTAAGGTTATTTGCATATTCATGAGACAGATTATTTCATACCTCAAAGCC,CACTGTG,CACTCTGAGGATGTGGTTTCTCA,GGTTTCTGA,TCTCTCGCACAGTAATACACGGCCGTGTCCTCAGATCTCAGGCTGCTCAGCTCCATGTAGACTGTGCTCGTGGACGTGTCCCTGGTCATGGTGACTCTGCCCTGGAACTTCTGTGCGTAGCTTGTGCTACCACCACTAGGGTTGATTATTCCCATCCACTCAAGCCCTTGTCCAGGGGCCTGTCGCACCCAGTGCATATAGTAGCTGGTGAAGGTGTATCCAGATGCCTTGCAGGAAACCTTCACTGAGGCCCCAGGCTTCTTCACCTCAGCCCCAGACTGCACCAGCTGCACCTGGGAGTGAGCAC,CTGCGGAGAGGACACAGTAGAGAATGACAGTCCTCTAAACTGGAAAAAATCCCTTCCTCAGCCCTGGAACCAGTTGGCCCTTTAC,CTGGAGCTACAGCCAGCAAGCAGAAGACCCTCCAGGTCCAGTCCAT,,,,,,,,,,,
SC-17,0,IGHV3-48,,CCTGCAGGGAGGTTTGTGTCTGGGCTCACACTGACCTCCCCTCACTGTGTCTCTCGCACAGTAATACACAGCCGTGTCCTCGTCTCTCAGGCTGTTCATTTGCAGATACAGTGAGTTCTTGGCATTGTCTCTGGAGATGGTGAATCGGCCCTTCACAGAGTCTGCGTAGTATATGGTACTACTACTACTACTAATGTATGAAACCCACTCCAGCCCCTTCCCTGGAGCCTGGCGGACCCAGTTCATGCTATAGCTACTGAAGGTGAATCCAGAGGCTGCACAGGAGAGTCTCAGGGACCCCCCAGGCTGTACCAAGCCTCCCCCAGACTCCACCAGCTGCACCTCACACTGGACACCTGCAAACAAAGAGACACCAAGGTCAGAAACTGCCACACATATCCACTGTTTCTCTCACTCATATCCACACACACTAAATCTCTCTAGTTTTCCATGAATCACCTTCTAAAATAGCAACAAGGAAAACCCAGCACAGCCCCAACTCCATGGTGAGTCCTCTGTGTTCAGTGCTGATCACCAAGTGGAAATGCCTTGGAATCCAGGGCTAAGGCACCTCTCTGAGAGCTGCAGGGTCAGGGTTGGGTTGGTTTTCATCAGTAGAGGGAGGGCCCTATTTGCATATCTCCTACTATATAG,CACTGTG,CTGGGCTCACACTGACCTCCCCT,GGTTTGTGT,TCTCTCGCACAGTAATACACAGCCGTGTCCTCGTCTCTCAGGCTGTTCATTTGCAGATACAGTGAGTTCTTGGCATTGTCTCTGGAGATGGTGAATCGGCCCTTCACAGAGTCTGCGTAGTATATGGTACTACTACTACTACTAATGTATGAAACCCACTCCAGCCCCTTCCCTGGAGCCTGGCGGACCCAGTTCATGCTATAGCTACTGAAGGTGAATCCAGAGGCTGCACAGGAGAGTCTCAGGGACCCCCCAGGCTGTACCAAGCCTCCCCCAGACTCCACCAGCTGCACCTCACACTGGACAC,CTGCAAACAAAGAGACACCAAGGTCAGAAACTGCCACACATATCCACTGTTTCTCTCACTCATATCCACACACACTAAATCTCTCTAGTTTTCCATGAATCAC,CTTCTAAAATAGCAACAAGGAAAACCCAGCACAGCCCCAACTCCAT,,,,,,,,,,,
SC-17,2,IGHV3-49,,CCTGCAGGGAGGTTTGTGTCTGGGCTCACATTGACCTCCCCTCACTGTGTCTCTAGTACAGTAATACACGGCTGTGTCCTCGGTTTTCAGGCTGTTCATTTGCAGATAGGCGATGCTTTTGGAATCATCTCTTGAGATGGTGAATCTGCCTTTCACAGACGCGGCGTATTCTGTTGTCCCACCATAAGCTTTGCTTCTAATGAAACCTACCCACTCCAGCCCCTTCCCTGGAGCCTGGCGGAACCAGCTCATAGCATAATCACCAAAGGTGAATCCAGAAGCTGTACAGGAGAGTCTCAGGGACCGCCCTGGCTTTACCAAGCCTCCCCCAGACTCCACCAGCTGCACCTCACATTGGACACCTGCAAACACAGAAACACCAAGGTCAGAAACTGCCACACATATCCACTGTTTCTACCACTCATGTCCCCTCACACTCAGTATCTCTAGTACACCATGAATTACCTTTTAAAATAGCAACAAGGAAAACCCAGCTAAGCCCAAACTCCATGGTTGGTGGTCTGTGTTCAGTGCTGATCACCAAGTGGAAACTCCTGGGAATCTCACGGCTGGGGCTCCTCTCCCAGAGCTGCAGGGTCAGGGCTGGGCTCATTTTCATCAGCAGAGGGAGGGCCTTATTTGCATGTCTCCTACTATATA,CACTGTG,CTGGGCTCACATTGACCTCCCCT,GGTTTGTGT,TCTCTAGTACAGTAATACACGGCTGTGTCCTCGGTTTTCAGGCTGTTCATTTGCAGATAGGCGATGCTTTTGGAATCATCTCTTGAGATGGTGAATCTGCCTTTCACAGACGCGGCGTATTCTGTTGTCCCACCATAAGCTTTGCTTCTAATGAAACCTACCCACTCCAGCCCCTTCCCTGGAGCCTGGCGGAACCAGCTCATAGCATAATCACCAAAGGTGAATCCAGAAGCTGTACAGGAGAGTCTCAGGGACCGCCCTGGCTTTACCAAGCCTCCCCCAGACTCCACCAGCTGCACCTCACATTGGACAC,CTGCAAACACAGAAACACCAAGGTCAGAAACTGCCACACATATCCACTGTTTCTACCACTCATGTCCCCTCACACTCAGTATCTCTAGTACACCATGAATTAC,CTTTTAAAATAGCAACAAGGAAAACCCAGCTAAGCCCAAACTCCAT,,,,,,,,,,,
SC-17,1,IGHV3-49,,CCTGCAGGGAGGTTTGTGTCTGGGCTCACATTGACCTCCCCTCACTGTGTCTCTAGTACAGTAATACACGGCTGTGTCCTCGGTTTTCAGGCTGTTCATTTGCAGATAGGCGATGCTTTTGGAATCATCTCTTGAGATGGTGAATCTGCCTTTCACAGACGCGGCGTATTCTGTTGTCCCACCATAAGCTTTGCTTCTAATGAAACCTACCCACTCCAGCCCCTTCCCTGGAGCCTGGCGGAACCAGCTCATAGCATAATCACCAAAGGTGAATCCAGAAGCTGTACAGGAGAGTCTCAGGGACCGCCCTGGCTTTACCAAGCCTCCCCCAGACTCCACCAGCTGCACCTCACATTGGACACCTGCAAACACAGAAACACCAAGGTCAGAAACTGCCACACATATCCACTGTTTCTACCACTCATGTCCCCTCACACTCAGTATCTCTAGTACACCATGAATTACCTTTTAAAATAGCAACAAGGAAAACCCAGCTAAGCCCAAACTCCATGGTTGGTGGTCTGTGTTCAGTGCTGATCACCAAGTGGAAACTCCTGGGAATCTCACGGCTGGGGCTCCTCTCCCAGAGCTGCAGGGTCAGGGCTGGGCTCATTTTCATCAGCAGAGGGAGGGCCTTATTTGCATGTCTCCTACTATATA,CACTGTG,CTGGGCTCACATTGACCTCCCCT,GGTTTGTGT,TCTCTAGTACAGTAATACACGGCTGTGTCCTCGGTTTTCAGGCTGTTCATTTGCAGATAGGCGATGCTTTTGGAATCATCTCTTGAGATGGTGAATCTGCCTTTCACAGACGCGGCGTATTCTGTTGTCCCACCATAAGCTTTGCTTCTAATGAAACCTACCCACTCCAGCCCCTTCCCTGGAGCCTGGCGGAACCAGCTCATAGCATAATCACCAAAGGTGAATCCAGAAGCTGTACAGGAGAGTCTCAGGGACCGCCCTGGCTTTACCAAGCCTCCCCCAGACTCCACCAGCTGCACCTCACATTGGACAC,CTGCAAACACAGAAACACCAAGGTCAGAAACTGCCACACATATCCACTGTTTCTACCACTCATGTCCCCTCACACTCAGTATCTCTAGTACACCATGAATTAC,CTTTTAAAATAGCAACAAGGAAAACCCAGCTAAGCCCAAACTCCAT,,,,,,,,,,,
SC-17,0,IGHV5-51,,GGTGTGGAGGGTTTTAGACGGGCTCGGGGCTGGTTTCTCTCACTGTGTGTCTCGCACAGTAATACATGGCGGTGTCCGAGGCCTTCAGGCTGCTCCACTGCAGGTAGGCGGTGCTGATGGACTTGTCGGCTGAGATGGTGACCTGGCCTTGGAAGGACGGGCTGTATCTGGTATCAGAGTCACCAGGATAGATGATCCCCATCCACTCCAGGCCTTTCCCGGGCATCTGGCGCACCCAGCCGATCCAGTAGCTGGTAAAGCTGTATCCAGAACCCTTACAGGAGATCTTCAGAGACTCCCCGGGCTTTTTCACCTCTGCTCCAGACTGCACCAGCTGCACCTCGGCACAGACTCCTGTGGGGGAGACACAAAATTTGAATCAGGGGCTCCTTTCCACCCGTTCTCCTCTGTGACCTCAAGCCCTCGGCAGGACTGACCTTGGAGAACAGCCAGGAGGAGGGCGAGGATGGCGGTTGACCCCATGATGGTGGAGGACAGAAAATGAAGCCCTGAGATCCCAGCTGGGCAGTGAGGGAGACTCACTGTGGAGGGGAGCCCTGGGTTTAAGTGGGGAGGCCCCCACTTGCATTTGCATAGTTGTCACCCTGCCCTGAAGGGAGGAGTCTACAGCG,CTGTGTG,GGGCTCGGGGCTGGTTTCTCTCA,GTTTTAGAC,TCTCGCACAGTAATACATGGCGGTGTCCGAGGCCTTCAGGCTGCTCCACTGCAGGTAGGCGGTGCTGATGGACTTGTCGGCTGAGATGGTGACCTGGCCTTGGAAGGACGGGCTGTATCTGGTATCAGAGTCACCAGGATAGATGATCCCCATCCACTCCAGGCCTTTCCCGGGCATCTGGCGCACCCAGCCGATCCAGTAGCTGGTAAAGCTGTATCCAGAACCCTTACAGGAGATCTTCAGAGACTCCCCGGGCTTTTTCACCTCTGCTCCAGACTGCACCAGCTGCACCTCGGCACAGACTC,CTGTGGGGGAGACACAAAATTTGAATCAGGGGCTCCTTTCCACCCGTTCTCCTCTGTGACCTCAAGCCCTCGGCAGGACTGAC,CTTGGAGAACAGCCAGGAGGAGGGCGAGGATGGCGGTTGACCCCAT,,,,,,,,,,,
SC-17,0,IGHV3-53,,CCTGCAGGGAGGTTTGTGTCTGGGCGCACAATGACTTCCCCTCACTGTGTCTCTCGCACAGTAATACACGGCCGTGTCCTCGGCTCTCAGGCTGTTCATTTGAAGATACAGCGTGTTCTTGGAATTGTCTCTGGAGATGGTGAATCGGCCCTTCACGGAGTCTGCGTAGTATGTGCTACCACCGCTATAAATAACTGAGACCCACTCCAGCCCCTTCCCTGGAGCCTGGCGGACCCAGCTCATGTAGTTGCTACTGACGGTGAACCCAGAGGCTGCACAGGAGAGTCTCAGGGACCCCCCAGGCTGGATCAAGCCTCCTCCAGACTCCACCAGCTGCACCTCACACTGGACACCTGCAAACACAGAGACATTGGTTAGAAACTGCCACACATATCCACTGTTTCTCTCACTCGTGTTCACTCACACTCAATATCTCTAGTTCTCCATGAATCACCTTTTAAAATAGCAACAAGGAAAACCCAGCTCAGCCAAAACTCCATGGTGAGTCCTCTGTGTTCAGTGCTGATCACCGAATGGAAACACCTCGGAATCCCAGTGCTGGGCTCCTCTCCCAGAGCTGCAGGGTCAGCTGGGCTGGTTTTCATCAGCAGAGGGAGGGCCCTATTTGCATGTCCCCGACTATATAGCA,CACTGTG,CTGGGCGCACAATGACTTCCCCT,GGTTTGTGT,TCTCTCGCACAGTAATACACGGCCGTGTCCTCGGCTCTCAGGCTGTTCATTTGAAGATACAGCGTGTTCTTGGAATTGTCTCTGGAGATGGTGAATCGGCCCTTCACGGAGTCTGCGTAGTATGTGCTACCACCGCTATAAATAACTGAGACCCACTCCAGCCCCTTCCCTGGAGCCTGGCGGACCCAGCTCATGTAGTTGCTACTGACGGTGAACCCAGAGGCTGCACAGGAGAGTCTCAGGGACCCCCCAGGCTGGATCAAGCCTCCTCCAGACTCCACCAGCTGCACCTCACACTGGACAC,CTGCAAACACAGAGACATTGGTTAGAAACTGCCACACATATCCACTGTTTCTCTCACTCGTGTTCACTCACACTCAATATCTCTAGTTCTCCATGAATCAC,CTTTTAAAATAGCAACAAGGAAAACCCAGCTCAGCCAAAACTCCAT,,,,,,,,,,,
SC-17,2,IGHV1-58,,TCCTTCCTGGCGTTTCTGACACTCTCAGGATGTGGGTTTTCACACTGTGTCTGCCGCACAGTAATACACGGCCGTGTCCTCGGATCTCAGGCTGCTCAGCTCCATGTAGGCTGTGCTTGTGGACATGTCCCTGGTAATGGTGACTCTTTCCTGGAACTTCTGTGCGTAGTTTGTGTTACCACTGCCAACGACGATCCATCCTATCCACTCAAGGCGTTGTCCACGAGCCTGTCGCACCCACTGCATAGCAGAGCTAGTAAAGGTGAATCCAGAAGCCTTGCAGGAGACCTTCACTGAGGTCCCAGGCTTCTTCACCTCAGGCCCAGACTGCACCAGCTGCATTTGGGAGTGGGCACCTGTGGAGAGAACACAGGAGTGGATGAAAGCCACCTTGACTGGACTCAATCCCCTCCTCATCACTGGGACTTGGCATCTCCTTGCCTGTCGCTGCTCCCACCAAGAAGAGGATCCTCCAAATCCAGTCCATAGTGAGGAACTGTGCCGTCAGGGGCTTCTCTAGCGGAGGGATGTGGTTTCTGGATGATGCTCTCAGGGCTGACAAATATCCATATTTACCTCAGTGCATCTCAGGTTATTTGCATATTCATGAGTCAGAGCATTTCATAGCTGAAGACC,CACTGTG,CACTCTCAGGATGTGGGTTTTCA,CGTTTCTGA,TCTGCCGCACAGTAATACACGGCCGTGTCCTCGGATCTCAGGCTGCTCAGCTCCATGTAGGCTGTGCTTGTGGACATGTCCCTGGTAATGGTGACTCTTTCCTGGAACTTCTGTGCGTAGTTTGTGTTACCACTGCCAACGACGATCCATCCTATCCACTCAAGGCGTTGTCCACGAGCCTGTCGCACCCACTGCATAGCAGAGCTAGTAAAGGTGAATCCAGAAGCCTTGCAGGAGACCTTCACTGAGGTCCCAGGCTTCTTCACCTCAGGCCCAGACTGCACCAGCTGCATTTGGGAGTGGGCAC,CTGTGGAGAGAACACAGGAGTGGATGAAAGCCACCTTGACTGGACTCAATCCCCTCCTCATCACTGGGACTTGGCATCTCCTTGC,CTGTCGCTGCTCCCACCAAGAAGAGGATCCTCCAAATCCAGTCCAT,,,,,,,,,,,
SC-17,1,IGHV1-58,,TCCTTCCTGGCGTTTCTGACACTCTCAGGATGTGGGTTTTCACACTGTGTCTGCCGCACAGTAATACACGGCCGTGTCCTCGGATCTCAGGCTGCTCAGCTCCATGTAGGCTGTGCTTGTGGACATGTCCCTGGTAATGGTGACTCTTTCCTGGAACTTCTGTGCGTAGTTTGTGTTACCACTGCCAACGACGATCCATCCTATCCACTCAAGGCGTTGTCCACGAGCCTGTCGCACCCACTGCACAGCAGAGCTAGTAAAGGTGAATCCAGAAGCCTTGCAGGAGACCTTCACTGAGGTCCCAGGCTTCTTCACCTCAGGCCCAGACTGCACCAGCTGCATTTGGGAGTGGGCACCTGTGGAGAGAACACAGGAGTGGATGAAAGCCACCTTGACTGGACTCAATCCCCTCCTCATCACTGGGACTTGGCATCTCCTTGCCTGTCGCTGCTCCCACCAAGAAGAGGATCCTCCAAATCCAGTCCATAGTGAGGAACTGTGCCGTCAGGGGCTTCTCTAGCGGAGGGATGTGGTTTCTGGATGATGCTCTCAGGGCTGACAAATATCCATATTTACCTCAGTGCATCTCAGGTTATTTGCATATTCATGAGTCAGAGCATTTCATAGCTGAAGACC,CACTGTG,CACTCTCAGGATGTGGGTTTTCA,CGTTTCTGA,TCTGCCGCACAGTAATACACGGCCGTGTCCTCGGATCTCAGGCTGCTCAGCTCCATGTAGGCTGTGCTTGTGGACATGTCCCTGGTAATGGTGACTCTTTCCTGGAACTTCTGTGCGTAGTTTGTGTTACCACTGCCAACGACGATCCATCCTATCCACTCAAGGCGTTGTCCACGAGCCTGTCGCACCCACTGCACAGCAGAGCTAGTAAAGGTGAATCCAGAAGCCTTGCAGGAGACCTTCACTGAGGTCCCAGGCTTCTTCACCTCAGGCCCAGACTGCACCAGCTGCATTTGGGAGTGGGCAC,CTGTGGAGAGAACACAGGAGTGGATGAAAGCCACCTTGACTGGACTCAATCCCCTCCTCATCACTGGGACTTGGCATCTCCTTGC,CTGTCGCTGCTCCCACCAAGAAGAGGATCCTCCAAATCCAGTCCAT,,,,,,,,,,,
SC-17,2,IGHV4-59,,CCTGCACGGAGGTTTTTGTCTGGGCTCACACTCACCTCCCCTCACTGTGTCTCTCGCACAGTAATACACGGCCGTGTCCGCAGCGGTCACAGAGCTCAGCTTCAGGGAGAACTGGTTCTTGGACGTGTCTACTGATATGGTGACTCGACTCTTGAGGGAGGGGTTGTAGTTGGTGCTCCCACTGTAATAGATATACCCAATCCACTCCAGTCCCTTCCCTGGGGGCTGCCGGATCCAGCTCCAGTAGTAACTACTGATGGAGCCACCAGAGACAGTGCAGGTGAGGGACAGGGTCTCCGAAGGCTTCACCAGTCCTGGGCCCGACTCCTGCAGCTGCACCTGGGACAGGACCCCTGTGAACAGAGAGACCCACAGTGAGCCCTGGGATCAGAGGCACCTCCCATATCCCCATGTCTGGATCCCTGAGACACTCACATCTGGGAGCTGCCACCAGGAGAAGGAAGAACCACAGATGTTTCATGTTCTTGCACAGGAGGTCCAGGACTCTCAGAAAGTATTTCCCATGTGAGCTGGACCCTGAATTTAAGGAAATGTGTGGTGGTTTCCTGTGGGTGCTTAAGTGAGGATTTGCATGTGGGTGGTGCCTTTGTATGGAGAGGTGAAAAAGGA,CACTGTG,CTGGGCTCACACTCACCTCCCCT,GGTTTTTGT,TCTCTCGCACAGTAATACACGGCCGTGTCCGCAGCGGTCACAGAGCTCAGCTTCAGGGAGAACTGGTTCTTGGACGTGTCTACTGATATGGTGACTCGACTCTTGAGGGAGGGGTTGTAGTTGGTGCTCCCACTGTAATAGATATACCCAATCCACTCCAGTCCCTTCCCTGGGGGCTGCCGGATCCAGCTCCAGTAGTAACTACTGATGGAGCCACCAGAGACAGTGCAGGTGAGGGACAGGGTCTCCGAAGGCTTCACCAGTCCTGGGCCCGACTCCTGCAGCTGCACCTGGGACAGGACCC,CTGTGAACAGAGAGACCCACAGTGAGCCCTGGGATCAGAGGCACCTCCCATATCCCCATGTCTGGATCCCTGAGACACTCAC,ATCTGGGAGCTGCCACCAGGAGAAGGAAGAACCACAGATGTTTCAT,,,,,,,,,,,
SC-17,1,IGHV4-59,,CCTGCACGGAGGTTTTTGTCTGGGCTCACACTCACCTCCCCTCACTGTGTCTCTCGCACAGTAATACACGGCCGTGTCCGCAGCGGTCACAGAGCTCAGCTTCAGGGAGAACTGGTTCTTGGACGTGTCTACTGATATGGTGACTCGACTCTTGAGGGAGGGGTTGTAGTTGGTGCTCCCACTGTAATAGATATACCCAATCCACTCCAGTCCCTTCCCTGGGGGCTGCCGGATCCAGCTCCAGTAGTAACTACTGATGGAGCCACCAGAGACAGTGCAGGTGAGGGACAGGGTCTCCGAAGGCTTCACCAGTCCTGGGCCCGACTCCTGCAGCTGCACCTGGGACAGGACCCCTGTGAACAGAGAGACCCACAGTGAGCCCTGGGATCAGAGGCACCTCCCATATCCCCATGTCTGGATCCCTGAGATACTCACATCTGGGAGCTGCCACCAGGAGAAGGAAGAACCACAGATGTTTCATGTTCTTGCACAGGAGGTCCAGGACTCTCAGAAAGTATTTCCCATGTGAGCTGGAACCTGAATTTAAGGAAATGTGTGGTGGTTTCCTGTGGGTGCTTAAGTGAGGATTTGCATGTGGGTGGTGCCTTTGTATGGAGAGGTGAAAAAGGA,CACTGTG,CTGGGCTCACACTCACCTCCCCT,GGTTTTTGT,TCTCTCGCACAGTAATACACGGCCGTGTCCGCAGCGGTCACAGAGCTCAGCTTCAGGGAGAACTGGTTCTTGGACGTGTCTACTGATATGGTGACTCGACTCTTGAGGGAGGGGTTGTAGTTGGTGCTCCCACTGTAATAGATATACCCAATCCACTCCAGTCCCTTCCCTGGGGGCTGCCGGATCCAGCTCCAGTAGTAACTACTGATGGAGCCACCAGAGACAGTGCAGGTGAGGGACAGGGTCTCCGAAGGCTTCACCAGTCCTGGGCCCGACTCCTGCAGCTGCACCTGGGACAGGACCC,CTGTGAACAGAGAGACCCACAGTGAGCCCTGGGATCAGAGGCACCTCCCATATCCCCATGTCTGGATCCCTGAGATACTCAC,ATCTGGGAGCTGCCACCAGGAGAAGGAAGAACCACAGATGTTTCAT,,,,,,,,,,,
SC-17,2,IGHV4-61,,CCTGCAGGGAGGTTTTTGTCTGGCCTCACACTCACCTCCCCTCACTGTGTGTCTCGCACAGTAATACACGGCCGTGTCTGCGGCGGTCACAGAGCTCAGCTTCAGGGAGAACTGGTTCTTGGACGTGTCTACTGATATGGTGACTCGACTCTTGAGGGAGGGGTTGTAGTTGGTGCTCCCACTGTAATAGATATACCCAATCCACTCCAGTCCCTTCCCTGGGGGCTGCCGGATCCAGCTCCAGTAGTAACTACTGATGGAGCCACCAGAGACAGTGCAGGTGAGGGACAGGGTCTCCGAAGGCTTCACCAGTCCTGGGCCCGACTCCTGCAGCTGCACCTGGGACAGGACCCCTGTGAACAGAGAGACCCACAGTGAGCCCTGGGATCAGAGGCACCTCCCATATCCCCATGTCTGGATCCCTGAGACACTCACATCTGGGAGCTGCCACCAGGAGAAGGAAGAACCACAGATGTTTCATGTTCTTGCACAGGAGGTCCAGGACTCTCAGAAAGTATTTCCCATGTGAGCTGGACCCTGAATTTAAGGAAATGTGTGGTGGTTTCCTGTGGGTGCTTAAGTGAGGATTTGCATGTGGGTGGTGCCTTTGTATGGAGAGGTGAAAAAGGA,CACTGTG,CTGGCCTCACACTCACCTCCCCT,GGTTTTTGT,TGTCTCGCACAGTAATACACGGCCGTGTCTGCGGCGGTCACAGAGCTCAGCTTCAGGGAGAACTGGTTCTTGGACGTGTCTACTGATATGGTGACTCGACTCTTGAGGGAGGGGTTGTAGTTGGTGCTCCCACTGTAATAGATATACCCAATCCACTCCAGTCCCTTCCCTGGGGGCTGCCGGATCCAGCTCCAGTAGTAACTACTGATGGAGCCACCAGAGACAGTGCAGGTGAGGGACAGGGTCTCCGAAGGCTTCACCAGTCCTGGGCCCGACTCCTGCAGCTGCACCTGGGACAGGACCC,CTGTGAACAGAGAGACCCACAGTGAGCCCTGGGATCAGAGGCACCTCCCATATCCCCATGTCTGGATCCCTGAGACACTCAC,ATCTGGGAGCTGCCACCAGGAGAAGGAAGAACCACAGATGTTTCAT,,,,,,,,,,,
SC-17,1,IGHV4-61,,CATGCAGGGAGGTTTGTGTCTGGGCTCACACTCACCTCCCCTCACTGTGTCTCTCGCACAGTAATACACGGCCGTGTCCGCAGCGGTCACAGAGCTCAGCTTCAGGGAGAACTGGTTCTTGGACGTGTCTACTGATATGGTGACTCGACTCTTGAGGGAGGGGTTGTAGTTGGTGCTCCCACTGTAATAGATATACCCAATCCACTCCAGTCCCTTCCCTGGGGGCTGCCGGATCCAGCTCCAGTAGTAACTACCACTGCTGACGGAGCCACCAGAGACAGTGCAGGTGAGGGACAGGGTCTCCGAAGGCTTCACCAGTCCTGGGCCCGACTCCTGCAGCTGCACCTGGGACAGGACCCCTGTGAACAGAGAGACCCACAGTGAGCCCTGGGATCAGAGGCACCTCCCATACCCCCATGTCTGGATCCCTGAGACACTCACATCTGGGAGCTGCCACCAGGAGGAGGAAGAACCACAGGTGTTTCATGTTCTTGCACAGGAGGTCCAGGACTCTCAGAAAGTATTTCCCATGTGAGCTGGAACCTGAATTTAAGGAAATGTGTGGTGGTTTCCTGTGGGTGCTTAAGTAAGGATTTGCATGTGGGTGGTGCCTTTGTACGGAGAGGTGAAAAAGGA,CACTGTG,CTGGGCTCACACTCACCTCCCCT,GGTTTGTGT,TCTCTCGCACAGTAATACACGGCCGTGTCCGCAGCGGTCACAGAGCTCAGCTTCAGGGAGAACTGGTTCTTGGACGTGTCTACTGATATGGTGACTCGACTCTTGAGGGAGGGGTTGTAGTTGGTGCTCCCACTGTAATAGATATACCCAATCCACTCCAGTCCCTTCCCTGGGGGCTGCCGGATCCAGCTCCAGTAGTAACTACCACTGCTGACGGAGCCACCAGAGACAGTGCAGGTGAGGGACAGGGTCTCCGAAGGCTTCACCAGTCCTGGGCCCGACTCCTGCAGCTGCACCTGGGACAGGACCC,CTGTGAACAGAGAGACCCACAGTGAGCCCTGGGATCAGAGGCACCTCCCATACCCCCATGTCTGGATCCCTGAGACACTCAC,ATCTGGGAGCTGCCACCAGGAGGAGGAAGAACCACAGGTGTTTCAT,,,,,,,,,,,
SC-17,2,IGHV3-64,,CCCGCAGGGAGGTTTCTGCATGGTCCCACATTAACTTCTCCTCACTGTGTCTCTCGCACAGTAATACACAGCCATGTCCTCAGCTCTCAGGCTGCCCATTTGAAGATACAGCGTGTTCTTGGAATTGTCTCTGGAGATGGTGAATCTGCCCTTCACAGAGTTTGCATAATATGTGCTACCCCCATTACTACTAATAGCTGAAACATATTCCAGTCCCTTCCCTGGAGCCTGGCGGACCCAGTGCATAGCATAGCTACTGAAGGTGAATCCAGAGGCTGCACAGGAGAGTCTCAGGGACCCCCCAGGCTGGACCAAGCCTCCCCCAGACTCCACCAGCTGCACCTCACACTGGACACCTGCAAACACAGAGACACCAAGGTCAGAAACTGCCACACAAATCCACTGTTTCTCTCACTCATGTCCACTCACACTCAATATCTCTATTTCCTCATGAATCACCTTTAAAAATAGCAACAAGGAAAACCCAGCTCAGCCCAAACTCCGTCATGACTCTTCTGTGTTCAGTGCTGATCACCAAATGAAAACACCTGGGAATCCCAGGGCGGGGGCTCCTCTCCCAGAGCTGCGGAGTCAGGGCTGGGCTGGTTTTCATCAGGAGAGGGAGGGACCTATTTGCATGTCTCCTACTATATAGCA,CACTGTG,ATGGTCCCACATTAACTTCTCCT,GGTTTCTGC,TCTCTCGCACAGTAATACACAGCCATGTCCTCAGCTCTCAGGCTGCCCATTTGAAGATACAGCGTGTTCTTGGAATTGTCTCTGGAGATGGTGAATCTGCCCTTCACAGAGTTTGCATAATATGTGCTACCCCCATTACTACTAATAGCTGAAACATATTCCAGTCCCTTCCCTGGAGCCTGGCGGACCCAGTGCATAGCATAGCTACTGAAGGTGAATCCAGAGGCTGCACAGGAGAGTCTCAGGGACCCCCCAGGCTGGACCAAGCCTCCCCCAGACTCCACCAGCTGCACCTCACACTGGACAC,CTGCAAACACAGAGACACCAAGGTCAGAAACTGCCACACAAATCCACTGTTTCTCTCACTCATGTCCACTCACACTCAATATCTCTATTTCCTCATGAATCAC,CTTTAAAAATAGCAACAAGGAAAACCCAGCTCAGCCCAAACTCCGTCAT,,,,,,,,,,,
SC-17,1,IGHV3-64,,CCCGCAGGGAGGTTTCTGCATGGTCCCACATTAACTTCTCCTCACTGTGTCTCTCGCACAGTAATACACAGCCATGTCCTCAGCTCTCAGGCTGCCCATTTGAAGATACAGCGTGTTCTTGGAATTGTCTCTGGAGATGGTGAATCTGCCCTTCACAGAGTCTGCATAATATGTGCTACCCCCATTACTACTAATAGCTGAAACATATTCCAGTCCCTTCCCTGGAGCCTGGCGGACCCAGTGCATAGCATAGCTACTGAAGGTGAATCCAGAGGCTGCACAGGAGAGTCTCAGGGACCCCCCAGGCTGGACCAAGCCTTCCCCAGACTCCACCAGCTGCACCTCACACTGGACACCTGCAAACACAGAGACACCAAGGTCAGAAACTGCCACACAAATCCACTGTTTCTCTCACTCATGTCCACTCACACTCAATATCTCTATTTCCTCATGAATCACCTTTAAAAATAGCAACAAGGAAAACCCAGCTCAGCCCAAACTCCATCATGACTCTTCTGTGTTCAGTGCTGATCACCAAATGAAAACACCTGGGAATCCCAGGGCGGGGGCTCCTCTCCCAGAGCTGCGGAGTCAGGGCTGGGCTGGTTTTCATCAGGAGAGGGAGGGACCTATTTGCATGTCTCCTACTATATAGCA,CACTGTG,ATGGTCCCACATTAACTTCTCCT,GGTTTCTGC,TCTCTCGCACAGTAATACACAGCCATGTCCTCAGCTCTCAGGCTGCCCATTTGAAGATACAGCGTGTTCTTGGAATTGTCTCTGGAGATGGTGAATCTGCCCTTCACAGAGTCTGCATAATATGTGCTACCCCCATTACTACTAATAGCTGAAACATATTCCAGTCCCTTCCCTGGAGCCTGGCGGACCCAGTGCATAGCATAGCTACTGAAGGTGAATCCAGAGGCTGCACAGGAGAGTCTCAGGGACCCCCCAGGCTGGACCAAGCCTTCCCCAGACTCCACCAGCTGCACCTCACACTGGACAC,CTGCAAACACAGAGACACCAAGGTCAGAAACTGCCACACAAATCCACTGTTTCTCTCACTCATGTCCACTCACACTCAATATCTCTATTTCCTCATGAATCAC,CTTTAAAAATAGCAACAAGGAAAACCCAGCTCAGCCCAAACTCCATCAT,,,,,,,,,,,
SC-17,2,IGHV3-66,,CCTGCAGGGAGGTTTGTGTCTGGGCGCACAATGGCCTCCCCTCACTGTGTCTCTCGCACAGTAATACACAGCCGTGTCCTCGGCTCTCAGGCTGTTCATTTGAAGATACAGCGTGTTCTTGGAATTGTCTCTGGAGATGGTGAATCTGCCCTTCACGGAGTCTGCGTAGTATGTGCTACCACCGCTATAAATAACTGAGACCCACTCCAGCCCCTTCCCTGGAGCCTGGCGGACCCAGCTCATGTAGTTGCTACTGACGGTGAATCCAGAGGCTGCACAGGAGAGTCTCAGGGACCCCCCAGGCTGGACCAAGCCTCCCCCAGACTCCACCAGCTGCACCTCACACTGGACACCTGCAAACACAGAGACATTGGTCAGAAACTGCCACACATATCCACTGTTTCTCTCACTCATCTTCACTCACACTCGATATCTCTAGTTCTCCATGAATCACCTTTTAAAATAGCAACAAGGAAAACCCAGCTCAGCCCAAACTCCATGGCGAGTCCTCTGTGTTCAGTGCAGATCACTGAATGGAAACACCTCGGAATCCCAGTGCTGGGCTCCTCTCCCAGAGCTGCAGGGTCAGGGCTGGGCTGGTTTTCATCAGCAGAGGGAGGGCCCTATTTGCATGTCCCCCATTATATAG,CACTGTG,CTGGGCGCACAATGGCCTCCCCT,GGTTTGTGT,TCTCTCGCACAGTAATACACAGCCGTGTCCTCGGCTCTCAGGCTGTTCATTTGAAGATACAGCGTGTTCTTGGAATTGTCTCTGGAGATGGTGAATCTGCCCTTCACGGAGTCTGCGTAGTATGTGCTACCACCGCTATAAATAACTGAGACCCACTCCAGCCCCTTCCCTGGAGCCTGGCGGACCCAGCTCATGTAGTTGCTACTGACGGTGAATCCAGAGGCTGCACAGGAGAGTCTCAGGGACCCCCCAGGCTGGACCAAGCCTCCCCCAGACTCCACCAGCTGCACCTCACACTGGACAC,CTGCAAACACAGAGACATTGGTCAGAAACTGCCACACATATCCACTGTTTCTCTCACTCATCTTCACTCACACTCGATATCTCTAGTTCTCCATGAATCAC,CTTTTAAAATAGCAACAAGGAAAACCCAGCTCAGCCCAAACTCCAT,,,,,,,,,,,
SC-17,1,IGHV3-66,,CCTGCAGGGAGGTTTGTGTCTGGGCGCACAATGGCCTCCCCTCACTGTGTCTCTCGCACAGTAATACACAGCCGTGTCCTCAGCTCTCAGGCTGTTCATTTGAAGATACAGCGTGTTCTTGGAATTGTCTCTGGAGATGGTGAATCGGCCCTTCACGGAGTCTGCGTAGTATGTGCTACCACAGCTATAAATAACTGAGACCCACTCCAGCCCCTTCCCTGGAGCCTGGCGGACCCAGCTCATGTAGTTGCTACTGACGGTGAACCCAGAGGCTGCACAGGAGAGTCTCAGGGACCCCCCAGGCTGGATCAAGCCTCCTCCAGACTCCACCAGCTGCACCTCACACTGGACACCTGCAAACACAGAGACATTGGTTAGAAACTGCCACACATATCCACTGTTTCTCTCACTCGTGTTCACTCACACTCAATATCTCTAGTTCTCCATGAATCACCTTTTAAAATAGCAACAAGGAAAACCCAGCTCAGCCCAAACTCCATGGCGAGTCCTCTGTGTTCAGTGCAGATCACTGAATGGAAACACCTCGGAATCCCAGTGCTGGGCTCCTCTCCCAGAGCTGCAGGGTCAGGGCTGGGCTGGTTTTCATCAGCAGAGGGAGGGCCCTATTTGCATGTCCCCCATTATATAG,CACTGTG,CTGGGCGCACAATGGCCTCCCCT,GGTTTGTGT,TCTCTCGCACAGTAATACACAGCCGTGTCCTCAGCTCTCAGGCTGTTCATTTGAAGATACAGCGTGTTCTTGGAATTGTCTCTGGAGATGGTGAATCGGCCCTTCACGGAGTCTGCGTAGTATGTGCTACCACAGCTATAAATAACTGAGACCCACTCCAGCCCCTTCCCTGGAGCCTGGCGGACCCAGCTCATGTAGTTGCTACTGACGGTGAACCCAGAGGCTGCACAGGAGAGTCTCAGGGACCCCCCAGGCTGGATCAAGCCTCCTCCAGACTCCACCAGCTGCACCTCACACTGGACAC,CTGCAAACACAGAGACATTGGTTAGAAACTGCCACACATATCCACTGTTTCTCTCACTCGTGTTCACTCACACTCAATATCTCTAGTTCTCCATGAATCAC,CTTTTAAAATAGCAACAAGGAAAACCCAGCTCAGCCCAAACTCCAT,,,,,,,,,,,
SC-17,1,IGHV1-69,,TCTCCCTCAGGGTTTCTGACACTCTCAGGATGTGGGTTTTCACACTGTGTCTCTCGCACAGTAATACACGGCCGTGTCCTCAGATCTCAGGCTGCTCAGCTCCATGTAGGCTGTGCTCGTGGATTTGTCCGCGGTAATCGTGACTCTGCCCTGGAACTTCTGTGCGTAGTTTGCTGTACCAAAGATAGGGATGATCCCTCCCATCCACTCAAGCCCTTGTCCAGGGGCCTGTCGCACCCAGCTGATAGCATAGCTGCTGAAGGTGCCTCCAGAAGCCTTGCAGGAGACCTTCACCGAGGACCCAGGCTTCTTCACCTCAGCCCCAGACTGCACCAGCTGCACCTGGGACTGGACACCTGTGGAGAGGACACAGGGGTGAATAAAATCCTCTTTAACTAAACCAGGATCCCTTCCTCAGCCTTAGGACTAGGAAGCCCCTTACCTGTAGCTGCTGCCACCACAAAGAGGAACCTCCAGGTCCAGTCCATGGTGATGAGCTGTGCTCCCAGGGGCTTCTTCAGAGGAGGAATGTGGTTGTTATGTGATGCTCTCAGGGCACCAATATATCTATATTTATCTCAGAAGACCTCAGGTTATTTGCATATGCATGAGGCAGGGTATTTCACAGCTCAAAGCC,CACTGTG,CACTCTCAGGATGTGGGTTTTCA,GGTTTCTGA,TCTCTCGCACAGTAATACACGGCCGTGTCCTCAGATCTCAGGCTGCTCAGCTCCATGTAGGCTGTGCTCGTGGATTTGTCCGCGGTAATCGTGACTCTGCCCTGGAACTTCTGTGCGTAGTTTGCTGTACCAAAGATAGGGATGATCCCTCCCATCCACTCAAGCCCTTGTCCAGGGGCCTGTCGCACCCAGCTGATAGCATAGCTGCTGAAGGTGCCTCCAGAAGCCTTGCAGGAGACCTTCACCGAGGACCCAGGCTTCTTCACCTCAGCCCCAGACTGCACCAGCTGCACCTGGGACTGGACAC,CTGTGGAGAGGACACAGGGGTGAATAAAATCCTCTTTAACTAAACCAGGATCCCTTCCTCAGCCTTAGGACTAGGAAGCCCCTTAC,CTGTAGCTGCTGCCACCACAAAGAGGAACCTCCAGGTCCAGTCCAT,,,,,,,,,,,
SC-17,2,IGHV1-69,,TCTCCCTCAGGGTTTCTGACACTCTCAGGATGTGGGTTTTCACACTGTGTCTCTCGCACAGTAATACACGGCCGTGTCCTCAGATCTCAGGCTGCTCAGCTCCATGTAGGCTGTGCTCGTGGATTTGTCCGCGGTAATCGTGACTCTGCCCTGGAACTTCTGTGCGTAGTTTGCTATACCAAGGATAGGGATGATCCTTCCCATCCACTCAAGCCCTTGTCCAGGGGCCTGTCGCACCCAGCTGATAGTATAGCTGCTGAAGGTGCCTCCAGAAGCCTTGCAGGAGACCTTCACCGAGGACCCAGGCTTCTTCACCTCAGCCCCAGATTGCACCAGCTGGACCTGGGACTGGACACCTGTGGAGAGGACACAGGGGTGAATAAAATCCTCTTTAACTAAACCAGGATCCCTTCCTCAGCCTTAGGACTAGGAAGCCCCTTACCTGTAGCTGCTGCCACCACAAAGAGGAACCTCCAGGTCCAGTCCATGGTGATGAGCTGTGCTCCCAGGGGCTTCTTTAGAGGAGGAATCTGGTTGTTATGTGATGCTCTCAGGGCACCAATATATCTATATTTATCTCAGAAGACCTCAGATTATTTGCATATTCATGAGGCAGGGTATTTCACAGCTCAAAGCT,CACTGTG,CACTCTCAGGATGTGGGTTTTCA,GGTTTCTGA,TCTCTCGCACAGTAATACACGGCCGTGTCCTCAGATCTCAGGCTGCTCAGCTCCATGTAGGCTGTGCTCGTGGATTTGTCCGCGGTAATCGTGACTCTGCCCTGGAACTTCTGTGCGTAGTTTGCTATACCAAGGATAGGGATGATCCTTCCCATCCACTCAAGCCCTTGTCCAGGGGCCTGTCGCACCCAGCTGATAGTATAGCTGCTGAAGGTGCCTCCAGAAGCCTTGCAGGAGACCTTCACCGAGGACCCAGGCTTCTTCACCTCAGCCCCAGATTGCACCAGCTGGACCTGGGACTGGACAC,CTGTGGAGAGGACACAGGGGTGAATAAAATCCTCTTTAACTAAACCAGGATCCCTTCCTCAGCCTTAGGACTAGGAAGCCCCTTAC,CTGTAGCTGCTGCCACCACAAAGAGGAACCTCCAGGTCCAGTCCAT,,,,,,,,,,,
SC-17,1,IGHV2-70D,,AAGCAGCCTGGGTTCTTGTACAGGAGGCGCCCTGGGCTGTGTCTCTGTGGTATCCGTGCACAGTAATACGTGGCTGTGTCCACAGGGTCCATGTTGGTCATTGTAAGGACCACCTGGTTTTTGGAGGTGTCCTTGGAGATGGTGAGCCTGGTCTTCAGAGATGTGCTGTAGAATTTATCATCATCCCAATCAATGCGTGCAAGCCACTCCAGGGCCTTCCCTGGGGGCTGACGGATCCAGCTCACACGCATTCCACTAGTGCTGAGTGAGAACCCAGAGAAGGTGCAGGTCAGTGTGAGGGTCTGTGTGGGTTTCACCAGCGCAGGACCAGACTCCTTCAAGGTGACCTGGGATAAGACCCCTGTGGAGAAGACATAAGAAGATGAAGCCCACAAAGGAGAGAATAGATTTTTTGCTTCTGAAGTACTACCTGACCACAGCACTCACAGGACGGGACAGTCAGTAGCAGGAGCGTGGAACAAAGTATGTCCATGGTGGAGAGCAGGATTCACTGAGCGAGGCCCTGTCCTCGTCTTTTGAACCCAGGGGAGGGTGGAGCTGGTGGAGATTTGCATCCCCTCATCTGAGCCCTACTCTATGGGGTGCACTCAGGTCTCAGGACTCAGTAGGGGAGTGCATCTG,CTCTGTG,ACAGGAGGCGCCCTGGGCTGTGT,GGTTCTTGT,GTATCCGTGCACAGTAATACGTGGCTGTGTCCACAGGGTCCATGTTGGTCATTGTAAGGACCACCTGGTTTTTGGAGGTGTCCTTGGAGATGGTGAGCCTGGTCTTCAGAGATGTGCTGTAGAATTTATCATCATCCCAATCAATGCGTGCAAGCCACTCCAGGGCCTTCCCTGGGGGCTGACGGATCCAGCTCACACGCATTCCACTAGTGCTGAGTGAGAACCCAGAGAAGGTGCAGGTCAGTGTGAGGGTCTGTGTGGGTTTCACCAGCGCAGGACCAGACTCCTTCAAGGTGACCTGGGATAAGACCC,CTGTGGAGAAGACATAAGAAGATGAAGCCCACAAAGGAGAGAATAGATTTTTTGCTTCTGAAGTACTACCTGACCACAGCACTCAC,AGGACGGGACAGTCAGTAGCAGGAGCGTGGAACAAAGTATGTCCAT,,,,,,,,,,,
SC-17,2,IGHV1-69D,,TCTCCCTCAGGGTTTCTGACACTCTCAGGATGTGGGTTTTCACACTGTGTCTCTCGCACAGTAATACACGGCCGTGTCCTCAGATCTCAGGCTGCTCAGCTCCATGTAGGCTGTGCTCGTGGATTTGTCCGCGGTAATCGTGACTCTGCCCTGGAACTTCTGTGCGTAGTTTGCTATACCAAGGATAGGGATGATCCTTCCCATCCACTCAAGCCCTTGTCCAGGGGCCTGTCGCACCCAGCTGATAGTATAGCTGCTGAAGGTGCCTCCAGAAGCCTTGCAGGAGACCTTCACCGAGGACCCAGGCTTCTTCACCTCAGCCCCAGATTGCACCAGCTGGACCTGGGACTGGACACCTGTGGAGAGGACACAGGGGTGAATAAAATCCTCTTTAACTAAACCAGGATCCCTTCCTCAGCCTTAGGACTAGGAAGCCCCTTACCTGTAGCTGCTGCCACCACAAAGAGGAACCTCCAGGTCCAGTCCATGGTGATGAGCTGTGCTCCCAGGGGCTTCTTTAGAGGAGGAATCTGGTTGTTATGTGATGCTCTCAGGGCACCAATATATCTATATTTATCTCAGAAGACCTCAGATTATTTGCATATTCATGAGGCAGGGTATTTCACAGCTCAAAGCT,CACTGTG,CACTCTCAGGATGTGGGTTTTCA,GGTTTCTGA,TCTCTCGCACAGTAATACACGGCCGTGTCCTCAGATCTCAGGCTGCTCAGCTCCATGTAGGCTGTGCTCGTGGATTTGTCCGCGGTAATCGTGACTCTGCCCTGGAACTTCTGTGCGTAGTTTGCTATACCAAGGATAGGGATGATCCTTCCCATCCACTCAAGCCCTTGTCCAGGGGCCTGTCGCACCCAGCTGATAGTATAGCTGCTGAAGGTGCCTCCAGAAGCCTTGCAGGAGACCTTCACCGAGGACCCAGGCTTCTTCACCTCAGCCCCAGATTGCACCAGCTGGACCTGGGACTGGACAC,CTGTGGAGAGGACACAGGGGTGAATAAAATCCTCTTTAACTAAACCAGGATCCCTTCCTCAGCCTTAGGACTAGGAAGCCCCTTAC,CTGTAGCTGCTGCCACCACAAAGAGGAACCTCCAGGTCCAGTCCAT,,,,,,,,,,,
SC-17,1,IGHV1-69D,,TCTCCCTCAGGGTTTCTGACACTCTCAGGATGTGGGTTTTCACACTGTGTCTCTCGCACAGTAATACACGGCCGTGTCCTCAGATCTCAGGCTGCTCAGCTCCATGTAGGCTGTGCTCGTGGATTCGTCCGCGGTAATCGTGACTCTGCCCTGGAACTTCTGTGCGTAGTTTGCTATACCAAGGATAGGGATGATCCCCCCCATCCACTCAAGCCCTTGTCCAGGGGCCTGTCGCACCCAGCTGATAGCATAGCTGCTGAAGGTGCCTCCAGAAGCCTTGCAGGAGACCTTCACCGAGGACCCAGGCTTCTTCACCTCAGCCCCAGACTGCACCAGCTGCACCTGGGACTGGACACCTGTGGAGAGGACACAGGGGTGAATAAAATCCTCTTTAACTAAACCAGGATCCCTTCCTCAGCCTTAGGACTAGGAAGCCCCTTACCTGTAGCTGCTGCCACCACAAAGAGGAACCTCCAGGTCCAGTCCATGGTGATGAGCTGTGCTCCCAGGGGCTTCTTTAGAGGAGGAATGTGGTTGTTATGTGATGCTCTCAGGGCACCAATATATCTATATTTATCTCAGAAGACCTCAGGTTATTTGCATATGCATGAGGCAGGGTATTTCACAGCTCAAAGCC,CACTGTG,CACTCTCAGGATGTGGGTTTTCA,GGTTTCTGA,TCTCTCGCACAGTAATACACGGCCGTGTCCTCAGATCTCAGGCTGCTCAGCTCCATGTAGGCTGTGCTCGTGGATTCGTCCGCGGTAATCGTGACTCTGCCCTGGAACTTCTGTGCGTAGTTTGCTATACCAAGGATAGGGATGATCCCCCCCATCCACTCAAGCCCTTGTCCAGGGGCCTGTCGCACCCAGCTGATAGCATAGCTGCTGAAGGTGCCTCCAGAAGCCTTGCAGGAGACCTTCACCGAGGACCCAGGCTTCTTCACCTCAGCCCCAGACTGCACCAGCTGCACCTGGGACTGGACAC,CTGTGGAGAGGACACAGGGGTGAATAAAATCCTCTTTAACTAAACCAGGATCCCTTCCTCAGCCTTAGGACTAGGAAGCCCCTTAC,CTGTAGCTGCTGCCACCACAAAGAGGAACCTCCAGGTCCAGTCCAT,,,,,,,,,,,
SC-17,1,IGHV2-70,,AAGCAGCCTGGGTTCTTGTACAGGAGGCGCCCTGGGCTGTGTCTCTGTGGTATCCGTGCACAGTAATACGTGGCTGTGTCCACAGGGTCCATGTTGGTCATTGTAAGGACCACCTGGTTTTTGGAGGTGTCCTTGGAGATGGTGAGCCTGGTCTTCAGAGATGTGCTGTAGTATTTATCATCATCCCAATCAATGAGTGCAAGCCACTCCAGGGCCTTCCCTGGGGGCTGACGGATCCAGCTCACACACATTCCACTAGTGCTGAGTGAGAACCCAGAGAAGGTGCAGGTCAGTGTGAGGGTCTGTGTGGGTTTCACCAGCGCAGGACCAGACTCCCTCAAGGTGACCTGGGATAAGACCCCTGTGGAGAAGACATAAGAAGATGAAGCCCACAAAGGAGAGAATAGATTTTTTGCTTCTGAAGTACTACCTGACCACAGCACTCACAGGACGGGACAGTCAGTAGCAGGAGCGTGGAACAAAGTATGTCCATGGTGGAGAGCAGGATTCACTGAGCGAGGCCCTGTCCTCGTCTTTTGAACCCAGGGGAGGGTGGAGCTGGTGGAGATTTGCATCCCCTCATCTGAGCCCTACTCTATGGGGTGCACTCAGGTCTCAGGACTCAGTAGGGGAGTGCATCTG,CTCTGTG,ACAGGAGGCGCCCTGGGCTGTGT,GGTTCTTGT,GTATCCGTGCACAGTAATACGTGGCTGTGTCCACAGGGTCCATGTTGGTCATTGTAAGGACCACCTGGTTTTTGGAGGTGTCCTTGGAGATGGTGAGCCTGGTCTTCAGAGATGTGCTGTAGTATTTATCATCATCCCAATCAATGAGTGCAAGCCACTCCAGGGCCTTCCCTGGGGGCTGACGGATCCAGCTCACACACATTCCACTAGTGCTGAGTGAGAACCCAGAGAAGGTGCAGGTCAGTGTGAGGGTCTGTGTGGGTTTCACCAGCGCAGGACCAGACTCCCTCAAGGTGACCTGGGATAAGACCC,CTGTGGAGAAGACATAAGAAGATGAAGCCCACAAAGGAGAGAATAGATTTTTTGCTTCTGAAGTACTACCTGACCACAGCACTCAC,AGGACGGGACAGTCAGTAGCAGGAGCGTGGAACAAAGTATGTCCAT,,,,,,,,,,,
SC-17,2,IGHV2-70,,AAGCAGCCTGGGTTCTTGTACAGGAGGCGCCCTGGGCTGTGTCTCTGTGGTATCCGTGCACAGTAATACGTGGCTGTGTCCACAGGGTCCATGTTGGTCATTGTAAGGACCACCTGGTTTTTGGAGGTGTCCTTGGAGATGGTGAGCCTGGTCTTCAGAGATGTGCTGTAGTATTTATCATCATCCCAATCAATGCGTGCAAGCCACTCCAGGGCCTTCCCTGGGGGCTGACGGATCCAGCTCACACACATTCCACTAGTGCTGAGTGAGAACCCAGAGAAGGTGCAGGTCAGTGTGAGGGTCTGTGTGGGTTTCACCAGCGCAGGACCAGACTCCCTCAAGGTGACCTGGGATAAGACCCCTGTGGAGAAGACATAAGAAGATGAAGCCCACAAAGGAGAGAATAGATTTTTTGCTTCTGAAGTACTACCTGACCACAGCACTCACAGGACGGGACAGTCAGTAGCAGGAGCGTGGAACAAAGTATGTCCATGGTGGGGAGCAGGATTCACTGAGCGAGGCCCTGTCCTCGTCTTTTGAACCCAGGGGAGGGTGGAGCTGGTGGAGATTTGCATCCCCTCATCTGAGCCCTACTCTATGGGGTGCACTCAGGTCTCAGGACTCAGTAGGGGAGTGCATCTG,CTCTGTG,ACAGGAGGCGCCCTGGGCTGTGT,GGTTCTTGT,GTATCCGTGCACAGTAATACGTGGCTGTGTCCACAGGGTCCATGTTGGTCATTGTAAGGACCACCTGGTTTTTGGAGGTGTCCTTGGAGATGGTGAGCCTGGTCTTCAGAGATGTGCTGTAGTATTTATCATCATCCCAATCAATGCGTGCAAGCCACTCCAGGGCCTTCCCTGGGGGCTGACGGATCCAGCTCACACACATTCCACTAGTGCTGAGTGAGAACCCAGAGAAGGTGCAGGTCAGTGTGAGGGTCTGTGTGGGTTTCACCAGCGCAGGACCAGACTCCCTCAAGGTGACCTGGGATAAGACCC,CTGTGGAGAAGACATAAGAAGATGAAGCCCACAAAGGAGAGAATAGATTTTTTGCTTCTGAAGTACTACCTGACCACAGCACTCAC,AGGACGGGACAGTCAGTAGCAGGAGCGTGGAACAAAGTATGTCCAT,,,,,,,,,,,
SC-17,1,IGHV3-72,,TGCAGGGAGGTTTGTGTCCGGGCTCACACTGACCTCCCCTCGCTGTGTCTCTAGCACAGTAATACACGGCCGTGTCCTCGGTTTTCAGGCTGTTCATTTGCAGATACAGTGAGTTCTTTGAATCATCTCTTGAGATGGTGAATCTGCCTTTCACAGACGCGGCGTATTCTGTGGTGTAACTGTTAGCTTTGTTTCTAGTACGGCCAACCCACTCCAGCCCCTTCCCTGGAGCCTGGCGGACCCAGTCCATGTAGTGGTCACTGAAGGTGAATCCAGAGGCTGCACAGGAGAGTCTCAGGGACCCTCCAGGCTGGACCAAGCCTCCCCCAGACTCCACCAGCTGCACCTCACACTGGACACCTGCAAACACAGAGACACCCTGGTCAGAAACTGTCACACAAATCCACTGTTTCTCTCACTCACGTCCACTCACACTTAACATCTCTAGTTCTCCATAAATCACCTTGTAAAATAACAACAAGGAAAACCCAGCTCAGCCCAAACTCCATGGTGAGTCCTCTGTGTTCAGTGCTGATCACCAAATGAAAACACCTGGGAATTCTGGGGCTGGGGCTCCGCTCTCAGAGCTGCAGGGTCAGGGCTGGGCTGGTTTTCATCAGCAGAGGGAGGACCCTATTTGCATGTCTCCTACTATATA,CTGTGTC,GGGCTCACACTGACCTCCCCTCG,TTTGTGTCC,TCTAGCACAGTAATACACGGCCGTGTCCTCGGTTTTCAGGCTGTTCATTTGCAGATACAGTGAGTTCTTTGAATCATCTCTTGAGATGGTGAATCTGCCTTTCACAGACGCGGCGTATTCTGTGGTGTAACTGTTAGCTTTGTTTCTAGTACGGCCAACCCACTCCAGCCCCTTCCCTGGAGCCTGGCGGACCCAGTCCATGTAGTGGTCACTGAAGGTGAATCCAGAGGCTGCACAGGAGAGTCTCAGGGACCCTCCAGGCTGGACCAAGCCTCCCCCAGACTCCACCAGCTGCACCTCACACTGGACAC,CTGCAAACACAGAGACACCCTGGTCAGAAACTGTCACACAAATCCACTGTTTCTCTCACTCACGTCCACTCACACTTAACATCTCTAGTTCTCCATAAATCAC,CTTGTAAAATAACAACAAGGAAAACCCAGCTCAGCCCAAACTCCAT,,,,,,,,,,,
SC-17,2,IGHV3-72,,TGCAGGGAGGTTTGTGTCCGGGCTCACACTGACCTCCCCTCGCTGTGTCTCTAGCACAGTAATACACGGCCGTGTCCTCGGTTTTCAGGCTGTTCATTTGCAGATACAGTGAGTTCTTTGAATCATCTCTTGAGATGGTGAATCTGCCTTTCACAGACGCGGCGTATTCTGTGGTGTAACTGTTAGCTTTGTTTCTAGTACGGCCAACCCACTCCAGCCCCTTCCCTGGAGCCTGGCGGACCCAGTCCATGTAGTGGTCACTGAAGGTGAATCCAGAGGCTGCACAGGAGAGTCTCAGGGACCCTCCAGGCTGGACCAAGCCTCCCCCAGACTCCACCAGCTGCACCTCACACTGGACACCTGCAAACACAGAGACACCCTGGTCAGAAACTGTCACACAAATCCACTGTTTCTCTCACTCACGTCCACTCACACTTAACATCTCTAGTTCTCCATAAATCACCTTGTAAAATAACAACAAGGAAAACCCAGCTCAGCCCAAACTCCATGGTGAGTCCTCTGTGTTCAGTGCTGATCACCAAATGAAAACACCTGGGAATTCTGGGGCTGGGGCTCCGCTCTCAGAGCTGCAGGGTCAGGGCTGGGCTGGTTTTCATCAGCAGAGGGAGGACCCTATTTGCATGTCTCCTACTATATA,CTGTGTC,GGGCTCACACTGACCTCCCCTCG,TTTGTGTCC,TCTAGCACAGTAATACACGGCCGTGTCCTCGGTTTTCAGGCTGTTCATTTGCAGATACAGTGAGTTCTTTGAATCATCTCTTGAGATGGTGAATCTGCCTTTCACAGACGCGGCGTATTCTGTGGTGTAACTGTTAGCTTTGTTTCTAGTACGGCCAACCCACTCCAGCCCCTTCCCTGGAGCCTGGCGGACCCAGTCCATGTAGTGGTCACTGAAGGTGAATCCAGAGGCTGCACAGGAGAGTCTCAGGGACCCTCCAGGCTGGACCAAGCCTCCCCCAGACTCCACCAGCTGCACCTCACACTGGACAC,CTGCAAACACAGAGACACCCTGGTCAGAAACTGTCACACAAATCCACTGTTTCTCTCACTCACGTCCACTCACACTTAACATCTCTAGTTCTCCATAAATCAC,CTTGTAAAATAACAACAAGGAAAACCCAGCTCAGCCCAAACTCCAT,,,,,,,,,,,
SC-17,1,IGHV3-73,,TGCAGGGAGGTTTGTGTCCGGGCTCACACTGACCTCCCCTCACTGTGTGTCTAGTACAGTAATACACGGCCGTGTCCTCGGTTTTCAGGCTGTTCATTTGCAGATACGCCGTGTTCTTTGAATCATCTCTGGAGATGGTGAACCTGCCTTTCACCGACGCAGCATATGCTGTCGCGTAACTGTTAGCTTTGCTTCTAATACGGCCAACCCACTCCAGCCCTTTCCCGGAAGCCTGGCGGACCCAGTGCATAGCAGAGCCACTGAAGGTGAACCCAGAGGCTGCACAGGAGAGTTTCAGGGACCCCCCAGGCTGGACCAAGCCTCCCCCGGACTCCACCAGCTGCACCTCACACTGGACACCTGCAAACACAGAGACACCCTGGTCAGAAAGTGCCACACACGTCCACTGTTTCTCTCACTCATGTCCACTCACACTCAGTATCTCTAGTTCCCCATGAATCACCTTTTAAAATAGCAACAAGGAAAACCCAGCTCAGCCCAAACTCCATGGTGAGTCTCCTGTATTCAGTGCCGATCACCGAGTGGAGACAGCTGGGAATCCCAAGGCTGGAGCTCCTCTCCCAGAGCTGCAGGGTCAGGGCTGGGCTGCTTTTCATCAGCAAAAAGGGGGGTCTTATTTGCATGTCTTCTGCTACAT,CTGTGTG,GGGCTCACACTGACCTCCCCTCA,TTTGTGTCC,TCTAGTACAGTAATACACGGCCGTGTCCTCGGTTTTCAGGCTGTTCATTTGCAGATACGCCGTGTTCTTTGAATCATCTCTGGAGATGGTGAACCTGCCTTTCACCGACGCAGCATATGCTGTCGCGTAACTGTTAGCTTTGCTTCTAATACGGCCAACCCACTCCAGCCCTTTCCCGGAAGCCTGGCGGACCCAGTGCATAGCAGAGCCACTGAAGGTGAACCCAGAGGCTGCACAGGAGAGTTTCAGGGACCCCCCAGGCTGGACCAAGCCTCCCCCGGACTCCACCAGCTGCACCTCACACTGGACAC,CTGCAAACACAGAGACACCCTGGTCAGAAAGTGCCACACACGTCCACTGTTTCTCTCACTCATGTCCACTCACACTCAGTATCTCTAGTTCCCCATGAATCAC,CTTTTAAAATAGCAACAAGGAAAACCCAGCTCAGCCCAAACTCCAT,,,,,,,,,,,
SC-17,2,IGHV3-73,,TGCAGGGAGGTTTGTGTCCGGGCTCACACTGACCTCCCCTCACTGTGTGTCTAGTACAGTAATACACGGCCGTGTCCTCGGTTTTCAGGCTGTTCATTTGCAGATACGCCGTGTTCTTTGAATCATCTCTGGAGATGGTGAACCTGCCTTTCACCGACGCAGCATATGCTGTCGCGTAACTGTTAGCTTTGCTTCTAATACGGCCAACCCACTCCAGCCCTTTCCCGGAAGCCTGGCGGACCCAGTGCATAGCAGAGCCACTGAAGGTGAACCCAGAGGCTGCACAGGAGAGTTTCAGGGACCCCCCAGGCTGGACCAAGCCTCCCCCAGACTCCACCAGCTGCACCTCACACTGGACACCTGCAAACACAGAGACACCCTGGTCAGAAAGTGCCACACACGTCCACTGTTTCTCTCACTCATGTCCACTCACACTCAGTATCTCTAGTTCCCCATGAATCACCTTTTAAAATAGCAACAAGGAAAACCCAGCTCAGCCCAAACTCCATGGTGAGTCTCCTGTATTCAGTGCCGATCACCGAGTGGAGACAGCTGGGAATCCCAAGGCTGGAGCTCCTCTCCCAGAGCTGCAGGGTCAGGGCTGGGCTGCTTTTCATCAGCAAAAAGGGGGGTCTTATTTGCATGTCTTCTGCTACAT,CTGTGTG,GGGCTCACACTGACCTCCCCTCA,TTTGTGTCC,TCTAGTACAGTAATACACGGCCGTGTCCTCGGTTTTCAGGCTGTTCATTTGCAGATACGCCGTGTTCTTTGAATCATCTCTGGAGATGGTGAACCTGCCTTTCACCGACGCAGCATATGCTGTCGCGTAACTGTTAGCTTTGCTTCTAATACGGCCAACCCACTCCAGCCCTTTCCCGGAAGCCTGGCGGACCCAGTGCATAGCAGAGCCACTGAAGGTGAACCCAGAGGCTGCACAGGAGAGTTTCAGGGACCCCCCAGGCTGGACCAAGCCTCCCCCAGACTCCACCAGCTGCACCTCACACTGGACAC,CTGCAAACACAGAGACACCCTGGTCAGAAAGTGCCACACACGTCCACTGTTTCTCTCACTCATGTCCACTCACACTCAGTATCTCTAGTTCCCCATGAATCAC,CTTTTAAAATAGCAACAAGGAAAACCCAGCTCAGCCCAAACTCCAT,,,,,,,,,,,
SC-17,1,IGHV3-74,,CCTGCAGCGAGGTTTGTGTCTGGGCTCACATTGACTTCCCCTCACTGTGTCTCTTGCACAGTAATACACAGCCGTGTCCTCGGCTCTCAGACTGTTCATTTGCAGATACAGCGTGTTCTTGGCGTTGTCTCTGGAGATGGTGAATCGGCCCTTCACGGAGTCCGCGTAGCTTGTGCTACTCCCATCACTATTAATACGTGAGACCCACACCAGCCCCTTCCCTGGAGCTTGGCGGACCCAGTGCATCCAGTAGCTACTGAAGGTGAATCCAGAGGCTGCACAGGAGAGTCTCAGGGACCCCCCAGGCTGAACTAAGCCTCCCCCGGACTCCACCAGCTGCACCTCACACTGGACACCTGCAAACACAGAGACACCCTGGTCAGAAACTGCCACACACATCCACTGCTTATCTCACTCATGTCCATTCACACTCCATATCTCCAGTTCTCCATGAATCACCTTTTAAAATAGCAACAAGGAAAACCCAGCTCAGCCCAAACTCCATGGTGAGTTCTCTGTGTGCAGTCCTGATCAGCAAGCAGAAACAGCTGGGAATCCCAGGGCTGGGGCTCCTCTCCCAGAGCTGCAGGGCTGGTTTTCTTCAGCAGAGTGAGGGCCCTATTTGCATGTCTCCTACTATATATCAAGCTCTGG,CACTGTG,CTGGGCTCACATTGACTTCCCCT,GGTTTGTGT,TCTCTTGCACAGTAATACACAGCCGTGTCCTCGGCTCTCAGACTGTTCATTTGCAGATACAGCGTGTTCTTGGCGTTGTCTCTGGAGATGGTGAATCGGCCCTTCACGGAGTCCGCGTAGCTTGTGCTACTCCCATCACTATTAATACGTGAGACCCACACCAGCCCCTTCCCTGGAGCTTGGCGGACCCAGTGCATCCAGTAGCTACTGAAGGTGAATCCAGAGGCTGCACAGGAGAGTCTCAGGGACCCCCCAGGCTGAACTAAGCCTCCCCCGGACTCCACCAGCTGCACCTCACACTGGACAC,CTGCAAACACAGAGACACCCTGGTCAGAAACTGCCACACACATCCACTGCTTATCTCACTCATGTCCATTCACACTCCATATCTCCAGTTCTCCATGAATCAC,CTTTTAAAATAGCAACAAGGAAAACCCAGCTCAGCCCAAACTCCAT,,,,,,,,,,,
SC-17,2,IGHV3-74,,CCTGCAGCGAGGTTTGTGTCTGGGCTCACATTGACTTCCCCTCACTGTGTCTCTTGCACAGTAATACACAGCCGTGTCCTCGGCTCTCAGACTGTTCATTTGCAGATACAGCGTGTTCTTGGCGTTGTCTCTGGAGATGGTGAATCGGCCCTTCACGGAGTCCGCGTAGCTTGTGCTACTCCCATCACTATTAATACGTGAGACCCACACCAGCCCCTTCCCTGGAGCTTGGCGGACCCAGTGCATCCAGTAGCTACTGAAGGTGAATCCAGAGGCTGCACAGGAGAGTCTCAGGGACCCCCCAGGCTGAACTAAGCCTCCCCCGGACTCCACCAGCTGCACCTCACACTGGACACCTGCAAACACAGAGACACCCTGGTCAGAAACTGCCACACACATCCACTGCTTATCTCACTCATGTCCATTCACACTCCATATCTCCAGTTCTCCATGAATCACCTTTTAAAATAGCAACAAGGAAAACCCAGCTCAGCCCAAACTCCATGGTGAGTTCTCTGTGTGCAGTCCTGATCAGCAAGCAGAAACAGCTGGGAATCCCAGGGCTGGGGCTCCTCTCCCAGAGCTGCAGGGCTGGTTTTCTTCAGCAGAGTGAGGGCCCTATTTGCATGTCTCCTACTATATATCAAGCTCTGG,CACTGTG,CTGGGCTCACATTGACTTCCCCT,GGTTTGTGT,TCTCTTGCACAGTAATACACAGCCGTGTCCTCGGCTCTCAGACTGTTCATTTGCAGATACAGCGTGTTCTTGGCGTTGTCTCTGGAGATGGTGAATCGGCCCTTCACGGAGTCCGCGTAGCTTGTGCTACTCCCATCACTATTAATACGTGAGACCCACACCAGCCCCTTCCCTGGAGCTTGGCGGACCCAGTGCATCCAGTAGCTACTGAAGGTGAATCCAGAGGCTGCACAGGAGAGTCTCAGGGACCCCCCAGGCTGAACTAAGCCTCCCCCGGACTCCACCAGCTGCACCTCACACTGGACAC,CTGCAAACACAGAGACACCCTGGTCAGAAACTGCCACACACATCCACTGCTTATCTCACTCATGTCCATTCACACTCCATATCTCCAGTTCTCCATGAATCAC,CTTTTAAAATAGCAACAAGGAAAACCCAGCTCAGCCCAAACTCCAT,,,,,,,,,,,
SC-17,1,IGHV7-81,,CCCACATCAGGATTTCTGACACTCTCAGGATGTGGGTTTCCACATGGTGTATCTCGCACAGTAATACATGGCCATGTCCTCAGCCTTTAGGCTGCTGATCTGCAGGTATGCTGTGCTGGCAGAGGTGTCCATGGAGAAGACAAACCGTCCTGTGAAGCCCTGGGCATATGTTGGGTTCCCAGTGTAGGTGTTGAACCATCCCATCCACTCAAGCCCTTGTCCAGGGGCCTGTGGCACCCAATTCATACCATAGGTGGTGAAACTGTAACCAGAAGCCTTGCAGGAGACCTTCACTGAGGCCCCAGGCTGCTTCACCTCATGGCCAGACTGCACCAGCTGCACCTGGGAGTAGGTACCTGTGGAGAGGACACAGGGGTGGGTAAAGCCTCACTTGAGTGGCCTGGTTTCTTCCTCAGCCCTGAGACTGGGGAGCCCCTTACCTGTTGCTGCTGCCACCAAGAAGAGGATGCTCCAGGTCCAGTCCATGGTGAGGAGCTGTGCTCTAGGGGATTCTCCCAAGGAGGGATGTTGTTGTTGGGTGATGCTTTCAGGGTACAGAGATACTATATTCCCCTCAGTTATTTGCATATTCATGAAGGATGCTATTTAATAGACCAATTCCTGACCCAGTATGA,CATGGTG,CACTCTCAGGATGTGGGTTTCCA,GATTTCTGA,TATCTCGCACAGTAATACATGGCCATGTCCTCAGCCTTTAGGCTGCTGATCTGCAGGTATGCTGTGCTGGCAGAGGTGTCCATGGAGAAGACAAACCGTCCTGTGAAGCCCTGGGCATATGTTGGGTTCCCAGTGTAGGTGTTGAACCATCCCATCCACTCAAGCCCTTGTCCAGGGGCCTGTGGCACCCAATTCATACCATAGGTGGTGAAACTGTAACCAGAAGCCTTGCAGGAGACCTTCACTGAGGCCCCAGGCTGCTTCACCTCATGGCCAGACTGCACCAGCTGCACCTGGGAGTAGGTAC,CTGTGGAGAGGACACAGGGGTGGGTAAAGCCTCACTTGAGTGGCCTGGTTTCTTCCTCAGCCCTGAGACTGGGGAGCCCCTTAC,CTGTTGCTGCTGCCACCAAGAAGAGGATGCTCCAGGTCCAGTCCAT,,,,,,,,,,,
SC-17,2,IGHV7-81,,CCCACATCAGGATTTCTGACACTCTCAGGATGTGGGTTTCCACATGGTGTATCTCGCACAGTAATACATGGCCATGTCCTCAGCCTTTAGGCTGCTGATCTGCAGGTATGCTGTGCTGGCAGAGGTGTCCATGGAGAAGACAAACCGTCCTGTGAAGCCCTGGGCATATGTTGGGTTCCCAGTGTAGGTGTTGAACCATCCCATCCACTCAAGCCCTTGTCCAGGGGCCTGTGGCACCCAATTCATACCATAGGTGGTGAAACTGTAACCAGAAGCCTTGCAGGAGACCTTCACTGAGGCCCCAGGCTGCTTCACCTCATGGCCAGACTGCACCAGCTGCACCTGGGAGTAGGTACCTGTGGAGAGGACACAGGGGTGGGTAAAGCCTCACTTGAGTGGCCTGGTTTCTGCCTCAACCCCGAGACTGGGGAGCCCCTTACCTGTTGCTGCTGCCACCAAGAAGAGGATGCTCCAGGTCCAGTCCATGGTGAGGAGCTGTGCTCTAGGGGATTCTCCCAAGGAGGGATGTTGTTGTTGGGTGATGCTTTCAGGGTACAGAGATACTATATTCCCCTCAGTTATTTGCATATTCATGAAGGATGCTATTTAATAGACCAATTCCTGACCCAGTATGA,CATGGTG,CACTCTCAGGATGTGGGTTTCCA,GATTTCTGA,TATCTCGCACAGTAATACATGGCCATGTCCTCAGCCTTTAGGCTGCTGATCTGCAGGTATGCTGTGCTGGCAGAGGTGTCCATGGAGAAGACAAACCGTCCTGTGAAGCCCTGGGCATATGTTGGGTTCCCAGTGTAGGTGTTGAACCATCCCATCCACTCAAGCCCTTGTCCAGGGGCCTGTGGCACCCAATTCATACCATAGGTGGTGAAACTGTAACCAGAAGCCTTGCAGGAGACCTTCACTGAGGCCCCAGGCTGCTTCACCTCATGGCCAGACTGCACCAGCTGCACCTGGGAGTAGGTAC,CTGTGGAGAGGACACAGGGGTGGGTAAAGCCTCACTTGAGTGGCCTGGTTTCTGCCTCAACCCCGAGACTGGGGAGCCCCTTAC,CTGTTGCTGCTGCCACCAAGAAGAGGATGCTCCAGGTCCAGTCCAT,,,,,,,,,,,
SC-17,1,IGHD3-22,,CCCAGGCATGAGTTTTTGATGGACTCTGTGACACTGTGGTAGTAATAACCACTACTATCATAGTAATACCACAGTGACACAGACCTCACTTCAAACCTACCGCCAGGCCTGGGGAAACCCGGGATGTCCAGGGCTGACCTGAGGAGGCAGCAGGGCCCCGAGGGGAGGCTGTGGGCCCAGCGCTCTCAGGTCTACTGCAGGGACACTCGGGTCTGTCCCTCGCTTAGGTGGACACTGTCCATGCCCA,,,,,,,CACTGTG,TGGACTCTGTGA,AGTTTTTGA,GTAGTAATAACCACTACTATCATAGTAATAC,CACAGTG,ACACAGACCTCA,CTTCAAACC,,,,
SC-17,2,IGHD3-22,,CCCAGGCATGAGTTTTTGATGGACTCTGTGACACTGTGGTAGTAATAACCACTACTATCATAGTAATACCACAGTGACACAGACCTCACTTCAAACCTACCGCCAGGCCTGGGGAAACCCGGGATGTCCAGGGCTGACCTGAGGAGGCAGCAGGGCCCCGAGGGGAGGCTGTGGGCCCAGCGCTCTCAGGTCTACTGCAGGGACACTCGGGTCTGTCCCTCGCTTAGGTGGACACTGTCCATGCCCA,,,,,,,CACTGTG,TGGACTCTGTGA,AGTTTTTGA,GTAGTAATAACCACTACTATCATAGTAATAC,CACAGTG,ACACAGACCTCA,CTTCAAACC,,,,
SC-17,1,IGHD3-16,,CTGTGGCATGGGTTTCTGATGGACCGTGTGATGCTGTGGGTATAACGATAACTCCCCCAAACGTAATCATAATACCACAGTGACACAGACCTCACTTCAAACCTACCATCTGGCCTGGGGAAACCCGGGATGTCCAGGGCTGACCTGAGGAGGCAGCAGGGCACCGAGGGGAGGCTGTGGGCCCAGCGCTCTCAGGTCTACTGCAGGAACACTCGGGTCTGTCCCTCGCTTATGTGGATAGTGTCCGCGTCCA,,,,,,,TGCTGTG,TGGACCGTGTGA,GGTTTCTGA,GGTATAACGATAACTCCCCCAAACGTAATCATAATAC,CACAGTG,ACACAGACCTCA,CTTCAAACC,,,,
SC-17,2,IGHD3-16,,CTGTGGCATGGGTTTCTGATGGACCGTGTGATGCTGTGGGTATAACGATAACTCCCCCAAACGTAATCATAATACCACAGTGACACAGACCTCACTTCAAACCTACCATCTGGCCTGGGGAAACCCGGGATGTCCAGGGCTGACCTGAGGAGGCAGCAGGGCACCGAGGGGAGGCTGTGGGCCCAGCGCTCTCAGGTCTACTGCAGGAACACTCGGGTCTGTCCCTCGCTTATGTGGATAGTGTCCGCGTCCA,,,,,,,TGCTGTG,TGGACCGTGTGA,GGTTTCTGA,GGTATAACGATAACTCCCCCAAACGTAATCATAATAC,CACAGTG,ACACAGACCTCA,CTTCAAACC,,,,
SC-17,1,IGHD2-15,,TTGCAGTAGGGCTTTGGGAATGGGTCTGTGTCACTGTGGGAGTAGCAGCTACCACCACTACAATATCCTCACAGTGACACGAGCCCCCACAAAATCCTCCTGTCCCTACTGGTGTCACCGAGGTCCCTTTTGCTGGCTTTGGTCTGTTCTCCTGCTGAGACTGTGCATTCCAGCGGGTTGTTGTCTGAAACTCAGGGTGTCTCAGAGAGGACTCTGAGCCCAGTGCTGTATAGGGGGCTCCTCCTTT,,,,,,,CACTGTG,ATGGGTCTGTGT,GCTTTGGGA,GGAGTAGCAGCTACCACCACTACAATATCCT,CACAGTG,ACACGAGCCCCC,ACAAAATCC,,,,
SC-17,2,IGHD2-15,,TTGCAGTAGGGCTTTGGGAATGGGTCTGTGTCACTGTGGGAGTAGCAGCTACCACCACTACAATATCCTCACAGTGACACGAGCCCCCACAAAATCCTCCTGTCCCTACTGGTGTCACCGAGGTCCCTTTTGCTGGCTTTGGTCTGTTCTCCTGCTGAGACTGTGCATTCCAGCGGGTTGTTGTCTGAAACTCAGGGTGTCTCAGAGAGGACTCTGAGCCCAGTGCTGTATAGGGGGCTCCTCCTTT,,,,,,,CACTGTG,ATGGGTCTGTGT,GCTTTGGGA,GGAGTAGCAGCTACCACCACTACAATATCCT,CACAGTG,ACACGAGCCCCC,ACAAAATCC,,,,
SC-17,1,IGHD3-10,,CCCAGGGATGGGTTTTTGATGGACTCTGTGACACTGTGGTTATAATAACTCCCCGAACCATAGTAATACCACAGTGACACAGACCTCACCCCAAACCTACCGCCCAGCCTGGGGAAACCCGGGATGTCCGGGGCTGACCTGAGGAGGCAGCAGGGCCCCATGGGGAGGGCTGTGGCGGGAAGCTTCCAGGCATGGGTTTTTGATGGACTCTGTGACACTGTGGTTATAATAACCAGTCAAAATATCG,,,,,,,CACTGTG,TGGACTCTGTGA,GGTTTTTGA,GTTATAATAACTCCCCGAACCATAGTAATAC,CACAGTG,ACACAGACCTCA,CCCCAAACC,,,,
SC-17,2,IGHD3-10,,CCCAGGGATGGGTTTTTGATGGACTCTGTGACACTGTGGTTATAATAACTCCCCGAACCATAGTAATACCACAGTGACACAGACCTCACCCCAAACCTACCGCCCAGCCTGGGGAAACCCAGGATGTCCGGGGCTGACCTGAGGAGGCAGCAGGGCCCCATGGGGAGGGCTGTGGCGGGAAGCTTCCAGGCATGGGTTTTTGATGGACTCTGTGACACTGTGGTTATAATAACCAGTCAAAATATCG,,,,,,,CACTGTG,TGGACTCTGTGA,GGTTTTTGA,GTTATAATAACTCCCCGAACCATAGTAATAC,CACAGTG,ACACAGACCTCA,CCCCAAACC,,,,
SC-17,1,IGHD3-9,,TCCAGGCATGGGTTTTTGATGGACTCTGTGACACTGTGGTTATAATAACCAGTCAAAATATCGTAATACCACAGTGACACAGACCTCATTCTAAACCTACCGCCAGGCCTGGGGAAACCTGGGATGTCCAGGGCTGACCGGAGGAGGCAGCAGGGCTCTGAGGGGAGGCTGTGGGCCCAGCGCTCTCAGGTCTGCTGTGGGGACACTCGGGTCTATCCCTCGCTTATGTGGATAGTGTCCGTGCCCA,,,,,,,CACTGTG,TGGACTCTGTGA,GGTTTTTGA,GTTATAATAACCAGTCAAAATATCGTAATAC,CACAGTG,ACACAGACCTCA,TTCTAAACC,,,,
SC-17,2,IGHD3-9,,TCCAGGCATGGGTTTTTGATGGACTCTGTGACACTGTGGTTATAATAACCAGTCAAAATATCGTAATACCACAGTGACACAGACCTCATTCTAAACCTACCGCCAGGCCTGGGGAAACCTGGGATGTCCAGGGCTGACCGGAGGAGGCAGCAGGGCTCTGAGGGGAGGCTGTGGGCCCAGCGCTCTCAGGTCTGCTGTGGGGACACTCGGGTCTATCCCTCGCTTATGTGGATAGTGTCCGTGCCCA,,,,,,,CACTGTG,TGGACTCTGTGA,GGTTTTTGA,GTTATAATAACCAGTCAAAATATCGTAATAC,CACAGTG,ACACAGACCTCA,TTCTAAACC,,,,
SC-17,2,IGHD2-8,,TTACAGCAGGGCTTTGGGAATGGGGCTGTGTCACTGTGGGCATAGCAGCTGGTACTACTACAATATCCTCACAGTGACACGAGCCCCCACAAAATCCTCCTGTCCCCGCGGGAGTCACTGAGTCCCCTCTTGCTGTCTCTGGCTAGTTCTCCTGCTGATACTATGATTTCCAGGGGGTTTTTGTCTGAAACTCAGGGTGTGTTGGAGAGGACTCTGAGCCCAGTGCTGTACAGGGGGCTCCTCCTTT,,,,,,,CACTGTG,ATGGGGCTGTGT,GCTTTGGGA,GGCATAGCAGCTGGTACTACTACAATATCCT,CACAGTG,ACACGAGCCCCC,ACAAAATCC,,,,
SC-17,2,IGHD3-3,,CCCAGGGATGGGTTTTTGATGGACTCTGTGACACTGTGGGTATAATAACCACTCCAAAAATCGTAATACCACAGTGACACAGACCTCACCCCAAACCTACCGCCAGGCCTGGGGAAACCCGGGATGTCCAGGGCTGACCTGAGGAGGTAGCAGGGCACCGAGGGGAGGCTGTGGGCCCAGCGCTCTCAGGTCTACTGCGGGGACACTCGGGTCTGCCCCTGGCTTAGGTGGACAGTGTCCGTGCCCA,,,,,,,CACTGTG,TGGACTCTGTGA,GGTTTTTGA,GGTATAATAACCACTCCAAAAATCGTAATAC,CACAGTG,ACACAGACCTCA,CCCCAAACC,,,,
SC-17,1,IGHD2-2,,TTACAGCAGGGCTTTGGGAATGGGGCTGTGTCACTGTGGGCATAGCAGCTGGTACTACTACAATATCCTCACAGTGACACGAGCCCCCACAAAATCCTCCTGTCCCCGCGGGAGTCACTGAGTCCCCTCTTGCTGTCTCTGGCTAGTTCTCCTGCTGATACTATGATTTCCAGGGGGTTTTTGTCTGAAACTCAGGGTGTGTTGGAGAGGACTCTGAGCCCAGTGCTGTACAGGGGGCTCCTCCTTT,,,,,,,CACTGTG,ATGGGGCTGTGT,GCTTTGGGA,GGCATAGCAGCTGGTACTACTACAATATCCT,CACAGTG,ACACGAGCCCCC,ACAAAATCC,,,,
SC-17,2,IGHD2-2,,TTACAGCAGGGCTTTGGGAATGGGGCTGTGTCACTGTGGGTATAGCAGCTGGTACTACTACAATATCCTCACAGTGACACGAGCCCCCACAAAATCCTCCTGTCCCCGCGGGAGTCACTGAGTCCCCTCTTGCTGTCTCTGGCTAGTTCTCCTGCTGATACTATGATTTCCAGGGGGTTTTTGTCTGAAACTCAGGGTGTGTGGGAGAGGACTCTGAGCCCAGTGCTGTACAGGGGGCTCCTCCTTT,,,,,,,CACTGTG,ATGGGGCTGTGT,GCTTTGGGA,GGTATAGCAGCTGGTACTACTACAATATCCT,CACAGTG,ACACGAGCCCCC,ACAAAATCC,,,,
SC-17,1,IGHJ6,,CCATTCTTACCTGAGGAGACGGTGACCGTGGTCCCTTGGCCCCAGACGTCCATACCGTAGTAGTAGTAGTAATCACAATGGCAGAATGTCCATCCTCACCCCACAAAAACCCAGCCACCCAGAGACCTTCTGTCTCCGGGCGTCACATGGAAGCTGACTGTCCGTGGCCCTGTCCTGCCCTTCTCATGGAACCCTCTGCTGGCCTCCCACGTACCCCACATTCTGGCCTGACCCCTCAGAAGCCAGACCACTGTCGGCCTG,,,,,,,,,,,,,,CACAATG,GCAGAATGTCCATCCTCACCCC,ACAAAAACC,CTGAGGAGACGGTGACCGTGGTCCCTTGGCCCCAGACGTCCATACCGTAGTAGTAGTAGTAAT
SC-17,2,IGHJ6,,CCATTCTTACCTGAGGAGACGGTGACCGTGGTCCCTTGGCCCCAGACGTCCATACCGTAGTAGTAGTAGTAATCACAATGGCAGAATGTCCATCCTCACCCCACAAAAACCCAGCCACCCAGAGACCTTCTGTCTCCGGGCGTCACATGGAAGCTGACTGTCCGTGGCCCTGTCCTGCCCTTCTCATGGAACCCTCTGCTGGCCTCCCACGTACCCCACATTCTGGCCTGACCCCTCAGAAGCCAGACCACTGTCGGCCTG,,,,,,,,,,,,,,CACAATG,GCAGAATGTCCATCCTCACCCC,ACAAAAACC,CTGAGGAGACGGTGACCGTGGTCCCTTGGCCCCAGACGTCCATACCGTAGTAGTAGTAGTAAT
SC-17,1,IGHJ5,,GAGGACTCACCTGAGGAGACGGTGACCAGGGTTCCCTGGCCCCAGGGGTCGAACCAGTTGTCACATTGTGACAACAATGCCAGGACCCCAGGCAAGAACTGGCGCCCCGCTACGTCCCTGGGACCCTCTCAGACTGAGCCCGGGGAGGGCCCGGGGGTTGTTGGGCATTGGACCCCAGAGGCCTAGGGTGGCCCTGGCCACAGAGAGACCCGTGCTGCTGGGCTCAGGAGGAAGGAGCATCTGGAGCCCT,,,,,,,,,,,,,,CACATTG,TGACAACAATGCCAGGACCCCAG,GCAAGAACT,CTGAGGAGACGGTGACCAGGGTTCCCTGGCCCCAGGGGTCGAACCAGTTGT
SC-17,2,IGHJ5,,GAGGACTCACCTGAGGAGACGGTGACCAGGGTTCCCTGGCCCCAGGGGTCGAACCAGTTGTCACATTGTGACAATAATGCCAGGACCCCAGGCAAGAACTGGCGCCCCGCTACGTCCCTGGGACCCTCTCAGACTGAGCCCGGGGAGGGCCCGGGGGTTGTTGGGCATTGGACCCCAGAGGCCTAGGGTGGCCCTGGCCACAGAGAGACCCGTGCTGCTGGGCTCAGGAGGAAGGAGCATCTGGAGCCCT,,,,,,,,,,,,,,CACATTG,TGACAATAATGCCAGGACCCCAG,GCAAGAACT,CTGAGGAGACGGTGACCAGGGTTCCCTGGCCCCAGGGGTCGAACCAGTTGT
SC-17,1,IGHJ4,,GAGGACTCACCTGAGGAGACGGTGACCAGGGTTCCCTGGCCCCAGTAGTCAAAGTAGTCACATTGTGGGAGGCCCCATTAAGGGGTGCACAAAAACCTGACTCTCCGACTGTCCCGGGCCGGCCGTGGCAGCCAGCCCCGTGTCCCAAGGTCATTTTGTCCCCAGCACAAGCATGACTCTGCCCACCCTTTGCCCCAGCAGCAGAGTCCCAGTTCCCAAAGAAAGGCCTTCTGCTGAACGTGGTCCC,,,,,,,,,,,,,,CACATTG,TGGGAGGCCCCATTAAGGGGTGC,ACAAAAACC,CTGAGGAGACGGTGACCAGGGTTCCCTGGCCCCAGTAGTCAAAGTAGT
SC-17,2,IGHJ4,,GAGGACTCACCTGAGGAGACGGTGACCAGGGTTCCCTGGCCCCAGTAGTCAAAGTAGTCACATTGTGGGAGGCCCCATTAAGGGGTGCACAAAAACCTGACTCTCCGACTGTCCCGGGCCGGCCGTGGCAGCCAGCCCCGTGTCCCAAGGTCATTTTGTCCCCAGCACAAGCATGACTCTGCCCACCCTTTGCCCCAGCAGCAGAGTCCCAGTTCCCAAAGAAAGGCCTTCTGCTGAACGTGGTCCC,,,,,,,,,,,,,,CACATTG,TGGGAGGCCCCATTAAGGGGTGC,ACAAAAACC,CTGAGGAGACGGTGACCAGGGTTCCCTGGCCCCAGTAGTCAAAGTAGT
SC-17,1,IGHJ3,,GCCATCTTACCTGAAGAGACGGTGACCATTGTCCCTTGGCCCCAGATATCAAAAGCATCACACAGGGACACAGTCCCTGTTCCTGCCCAGACACAAACCTGTGCCCGTGCAGGACACTCGAATGGGTCACATGGCCCAAGCACAGAGCAGAGGCAGCCGGCGTCCCTGTCCCCAGCCACACAGACCCCCGGGCTGAGACCCAGGCAGGGAGGGGTGACGTTCCCAGGGAGACGGTGGCCGGGCTGCCCT,,,,,,,,,,,,,,CACAGGG,ACACAGTCCCTGTTCCTGCCCAG,ACACAAACC,CTGAAGAGACGGTGACCATTGTCCCTTGGCCCCAGATATCAAAAGCATCA
SC-17,2,IGHJ3,,GCCATCTTACCTGAAGAGACGGTGACCATTGTCCCTTGGCCCCAGATATCAAAAGCATCACACAGGGACACAGTCCCTGTTCCTGCCCAGACACAAACCTGTGCCCGTGCAGGACACTCGAATGGGTCACATGGCCCAAGCACAGAGCAGAGGCAGCCGGCGTCCCTGTCCCCAGCCACACAGACCCCCGGGCTGAGACCCAGGCAGGGAGGGGTGACGTTCCCAGGGAGACGGTGGCCGGGCTGCCCT,,,,,,,,,,,,,,CACAGGG,ACACAGTCCCTGTTCCTGCCCAG,ACACAAACC,CTGAAGAGACGGTGACCATTGTCCCTTGGCCCCAGATATCAAAAGCATCA
SC-17,1,IGHJ2,,TGGGACTCACCTGAGGAGACAGTGACCAGGGTGCCACGGCCCCAGAGATCGAAGTACCAGTAGCACAGCCTCTGCCCTCCTGCTTCTCCCATACAAAAACACACCCTCCGCCCTCCTGCCGACCTCCTTTGCTGAGCACCTGTCCCCAAGTCTGAAGCCAAAGCCCTTGCCTGGCCCAGTACACCTGGCTCCCCGCTATCCCCAGACAGCAGACTCACCTGAGGAGACGGTGACCAGGGTGCCCTGGCCCC,,,,,,,,,,,,,,CACAGCC,TCTGCCCTCCTGCTTCTCCCAT,ACAAAAACA,CTGAGGAGACAGTGACCAGGGTGCCACGGCCCCAGAGATCGAAGTACCAGTAG
SC-17,2,IGHJ2,,TGGGACTCACCTGAGGAGACAGTGACCAGGGTGCCACGGCCCCAGAGATCGAAGTACCAGTAGCACAGCCTCTGCCCTCCTGCTTCTCCCATACAAAAACACACCCTCCGCCCTCCTGCCGACCTCCTTTGCTGAGCACCTGTCCCCAAGTCTGAAGCCAAAGCCCTTGCCTGGCCCAGTACACCTGGCTCCCCGCTATCCCCAGACAGCAGACTCACCTGAGGAGACGGTGACCAGGGTGCCCTGGCCCC,,,,,,,,,,,,,,CACAGCC,TCTGCCCTCCTGCTTCTCCCAT,ACAAAAACA,CTGAGGAGACAGTGACCAGGGTGCCACGGCCCCAGAGATCGAAGTACCAGTAG
SC-17,1,IGHJ1,,GCAGACTCACCTGAGGAGACGGTGACCAGGGTGCCCTGGCCCCAGTGCTGGAAGTATTCAGCCACGGTGAGTCAGCCCTGAGCCAGGGGCTACAGAAACCCACAGCCCGGGGTCCCGGGGGAGCATGGTTTTTGTAGAGCTGCCAATCACTGTGTCCCCAGTTAGCACAGTGGTTCTCAGCTCAGCCAAAACCCTGCGGCTGGTAGGGGGCCTGTGGGGCTGGGGGCTGATGTGGCTGCGGTCTCCAGGG,,,,,,,,,,,,,,CACGGTG,AGTCAGCCCTGAGCCAGGGGCT,ACAGAAACC,CTGAGGAGACGGTGACCAGGGTGCCCTGGCCCCAGTGCTGGAAGTATTCAGC
SC-17,2,IGHJ1,,GCAGACTCACCTGAGGAGACGGTGACCAGGGTGCCCTGGCCCCAGTGCTGGAAGTATTCAGCCACGGTGAGTCAGCCCTGAGCCAGGGGCTACAGAAACCCACAGCCCGGGGTCCCGGGGGAGCATGGTTTTTGTAGAGCTGCCAATCACTGTGTCCCCAGTTAGCACAGTGGTTCTCAGCTCAGCCAAAACCCTGCGGCTGGTAGGGGGCCTGTGGGGCTGGGGGCTGATGTGGCTGCGGTCTCCAGGG,,,,,,,,,,,,,,CACGGTG,AGTCAGCCCTGAGCCAGGGGCT,ACAGAAACC,CTGAGGAGACGGTGACCAGGGTGCCCTGGCCCCAGTGCTGGAAGTATTCAGC
